case_id,slide_id,resection_site_id,pathway,num_tumor_patches,lrp_pos_fraction
TCGA-4P-AA8J-01Z-00-DX1,TCGA-4P-AA8J-01Z-00-DX1,,Androgen,5219,0.2824295842115348
TCGA-4P-AA8J-01Z-00-DX1,TCGA-4P-AA8J-01Z-00-DX1,,EGFR,5219,0.6039471163058057
TCGA-4P-AA8J-01Z-00-DX1,TCGA-4P-AA8J-01Z-00-DX1,,Estrogen,5219,0.45870856485916844
TCGA-4P-AA8J-01Z-00-DX1,TCGA-4P-AA8J-01Z-00-DX1,,Hypoxia,5219,0.5322858785207895
TCGA-4P-AA8J-01Z-00-DX1,TCGA-4P-AA8J-01Z-00-DX1,,JAK-STAT,5219,0.5315194481701475
TCGA-4P-AA8J-01Z-00-DX1,TCGA-4P-AA8J-01Z-00-DX1,,MAPK,5219,0.8423069553554321
TCGA-4P-AA8J-01Z-00-DX1,TCGA-4P-AA8J-01Z-00-DX1,,NFkB,5219,0.458133742096187
TCGA-4P-AA8J-01Z-00-DX1,TCGA-4P-AA8J-01Z-00-DX1,,PI3K,5219,0.005748227629814141
TCGA-4P-AA8J-01Z-00-DX1,TCGA-4P-AA8J-01Z-00-DX1,,TGFb,5219,0.17321325924506611
TCGA-4P-AA8J-01Z-00-DX1,TCGA-4P-AA8J-01Z-00-DX1,,TNFa,5219,0.4188541866257904
TCGA-4P-AA8J-01Z-00-DX1,TCGA-4P-AA8J-01Z-00-DX1,,Trail,5219,0.2502395094845756
TCGA-4P-AA8J-01Z-00-DX1,TCGA-4P-AA8J-01Z-00-DX1,,VEGF,5219,0.6713929871622917
TCGA-4P-AA8J-01Z-00-DX1,TCGA-4P-AA8J-01Z-00-DX1,,WNT,5219,0.4209618700900556
TCGA-4P-AA8J-01Z-00-DX1,TCGA-4P-AA8J-01Z-00-DX1,,p53,5219,0.09925273040812416
TCGA-BA-4074-01Z-00-DX1,TCGA-BA-4074-01Z-00-DX1,,Androgen,550,0.37454545454545457
TCGA-BA-4074-01Z-00-DX1,TCGA-BA-4074-01Z-00-DX1,,EGFR,550,0.8036363636363636
TCGA-BA-4074-01Z-00-DX1,TCGA-BA-4074-01Z-00-DX1,,Estrogen,550,0.19090909090909092
TCGA-BA-4074-01Z-00-DX1,TCGA-BA-4074-01Z-00-DX1,,Hypoxia,550,0.7618181818181818
TCGA-BA-4074-01Z-00-DX1,TCGA-BA-4074-01Z-00-DX1,,JAK-STAT,550,0.46
TCGA-BA-4074-01Z-00-DX1,TCGA-BA-4074-01Z-00-DX1,,MAPK,550,0.9745454545454545
TCGA-BA-4074-01Z-00-DX1,TCGA-BA-4074-01Z-00-DX1,,NFkB,550,0.3890909090909091
TCGA-BA-4074-01Z-00-DX1,TCGA-BA-4074-01Z-00-DX1,,PI3K,550,0.1709090909090909
TCGA-BA-4074-01Z-00-DX1,TCGA-BA-4074-01Z-00-DX1,,TGFb,550,0.68
TCGA-BA-4074-01Z-00-DX1,TCGA-BA-4074-01Z-00-DX1,,TNFa,550,0.8872727272727273
TCGA-BA-4074-01Z-00-DX1,TCGA-BA-4074-01Z-00-DX1,,Trail,550,0.2672727272727273
TCGA-BA-4074-01Z-00-DX1,TCGA-BA-4074-01Z-00-DX1,,VEGF,550,0.5927272727272728
TCGA-BA-4074-01Z-00-DX1,TCGA-BA-4074-01Z-00-DX1,,WNT,550,0.4127272727272727
TCGA-BA-4074-01Z-00-DX1,TCGA-BA-4074-01Z-00-DX1,,p53,550,0.0
TCGA-BA-4076-01Z-00-DX1,TCGA-BA-4076-01Z-00-DX1,,Androgen,533,0.2926829268292683
TCGA-BA-4076-01Z-00-DX1,TCGA-BA-4076-01Z-00-DX1,,EGFR,533,0.9043151969981238
TCGA-BA-4076-01Z-00-DX1,TCGA-BA-4076-01Z-00-DX1,,Estrogen,533,0.5422138836772983
TCGA-BA-4076-01Z-00-DX1,TCGA-BA-4076-01Z-00-DX1,,Hypoxia,533,0.4165103189493433
TCGA-BA-4076-01Z-00-DX1,TCGA-BA-4076-01Z-00-DX1,,JAK-STAT,533,0.5159474671669794
TCGA-BA-4076-01Z-00-DX1,TCGA-BA-4076-01Z-00-DX1,,MAPK,533,0.9812382739212008
TCGA-BA-4076-01Z-00-DX1,TCGA-BA-4076-01Z-00-DX1,,NFkB,533,0.46716697936210133
TCGA-BA-4076-01Z-00-DX1,TCGA-BA-4076-01Z-00-DX1,,PI3K,533,0.03377110694183865
TCGA-BA-4076-01Z-00-DX1,TCGA-BA-4076-01Z-00-DX1,,TGFb,533,0.03564727954971857
TCGA-BA-4076-01Z-00-DX1,TCGA-BA-4076-01Z-00-DX1,,TNFa,533,0.33583489681050654
TCGA-BA-4076-01Z-00-DX1,TCGA-BA-4076-01Z-00-DX1,,Trail,533,0.0150093808630394
TCGA-BA-4076-01Z-00-DX1,TCGA-BA-4076-01Z-00-DX1,,VEGF,533,0.7110694183864915
TCGA-BA-4076-01Z-00-DX1,TCGA-BA-4076-01Z-00-DX1,,WNT,533,0.36585365853658536
TCGA-BA-4076-01Z-00-DX1,TCGA-BA-4076-01Z-00-DX1,,p53,533,0.09943714821763602
TCGA-BA-4078-01Z-00-DX1,TCGA-BA-4078-01Z-00-DX1,,Androgen,2122,0.267200754005655
TCGA-BA-4078-01Z-00-DX1,TCGA-BA-4078-01Z-00-DX1,,EGFR,2122,0.3473138548539114
TCGA-BA-4078-01Z-00-DX1,TCGA-BA-4078-01Z-00-DX1,,Estrogen,2122,0.7926484448633365
TCGA-BA-4078-01Z-00-DX1,TCGA-BA-4078-01Z-00-DX1,,Hypoxia,2122,0.441564561734213
TCGA-BA-4078-01Z-00-DX1,TCGA-BA-4078-01Z-00-DX1,,JAK-STAT,2122,0.029688972667295005
TCGA-BA-4078-01Z-00-DX1,TCGA-BA-4078-01Z-00-DX1,,MAPK,2122,0.2964184731385485
TCGA-BA-4078-01Z-00-DX1,TCGA-BA-4078-01Z-00-DX1,,NFkB,2122,0.4227144203581527
TCGA-BA-4078-01Z-00-DX1,TCGA-BA-4078-01Z-00-DX1,,PI3K,2122,0.001413760603204524
TCGA-BA-4078-01Z-00-DX1,TCGA-BA-4078-01Z-00-DX1,,TGFb,2122,0.5777568331762488
TCGA-BA-4078-01Z-00-DX1,TCGA-BA-4078-01Z-00-DX1,,TNFa,2122,0.2544769085768143
TCGA-BA-4078-01Z-00-DX1,TCGA-BA-4078-01Z-00-DX1,,Trail,2122,0.09189443920829406
TCGA-BA-4078-01Z-00-DX1,TCGA-BA-4078-01Z-00-DX1,,VEGF,2122,0.04571159283694628
TCGA-BA-4078-01Z-00-DX1,TCGA-BA-4078-01Z-00-DX1,,WNT,2122,0.736569274269557
TCGA-BA-4078-01Z-00-DX1,TCGA-BA-4078-01Z-00-DX1,,p53,2122,0.10838831291234684
TCGA-BA-5149-01Z-00-DX1,TCGA-BA-5149-01Z-00-DX1,,Androgen,135,0.06666666666666667
TCGA-BA-5149-01Z-00-DX1,TCGA-BA-5149-01Z-00-DX1,,EGFR,135,0.8296296296296296
TCGA-BA-5149-01Z-00-DX1,TCGA-BA-5149-01Z-00-DX1,,Estrogen,135,0.5555555555555556
TCGA-BA-5149-01Z-00-DX1,TCGA-BA-5149-01Z-00-DX1,,Hypoxia,135,0.8
TCGA-BA-5149-01Z-00-DX1,TCGA-BA-5149-01Z-00-DX1,,JAK-STAT,135,0.0
TCGA-BA-5149-01Z-00-DX1,TCGA-BA-5149-01Z-00-DX1,,MAPK,135,0.8888888888888888
TCGA-BA-5149-01Z-00-DX1,TCGA-BA-5149-01Z-00-DX1,,NFkB,135,0.7777777777777778
TCGA-BA-5149-01Z-00-DX1,TCGA-BA-5149-01Z-00-DX1,,PI3K,135,0.8444444444444444
TCGA-BA-5149-01Z-00-DX1,TCGA-BA-5149-01Z-00-DX1,,TGFb,135,0.05925925925925926
TCGA-BA-5149-01Z-00-DX1,TCGA-BA-5149-01Z-00-DX1,,TNFa,135,0.6074074074074074
TCGA-BA-5149-01Z-00-DX1,TCGA-BA-5149-01Z-00-DX1,,Trail,135,0.23703703703703705
TCGA-BA-5149-01Z-00-DX1,TCGA-BA-5149-01Z-00-DX1,,VEGF,135,0.34074074074074073
TCGA-BA-5149-01Z-00-DX1,TCGA-BA-5149-01Z-00-DX1,,WNT,135,0.32592592592592595
TCGA-BA-5149-01Z-00-DX1,TCGA-BA-5149-01Z-00-DX1,,p53,135,0.5777777777777777
TCGA-BA-5151-01Z-00-DX1,TCGA-BA-5151-01Z-00-DX1,,Androgen,475,0.2926315789473684
TCGA-BA-5151-01Z-00-DX1,TCGA-BA-5151-01Z-00-DX1,,EGFR,475,0.5873684210526315
TCGA-BA-5151-01Z-00-DX1,TCGA-BA-5151-01Z-00-DX1,,Estrogen,475,0.1831578947368421
TCGA-BA-5151-01Z-00-DX1,TCGA-BA-5151-01Z-00-DX1,,Hypoxia,475,0.2168421052631579
TCGA-BA-5151-01Z-00-DX1,TCGA-BA-5151-01Z-00-DX1,,JAK-STAT,475,0.37684210526315787
TCGA-BA-5151-01Z-00-DX1,TCGA-BA-5151-01Z-00-DX1,,MAPK,475,0.92
TCGA-BA-5151-01Z-00-DX1,TCGA-BA-5151-01Z-00-DX1,,NFkB,475,0.7642105263157895
TCGA-BA-5151-01Z-00-DX1,TCGA-BA-5151-01Z-00-DX1,,PI3K,475,0.4147368421052632
TCGA-BA-5151-01Z-00-DX1,TCGA-BA-5151-01Z-00-DX1,,TGFb,475,0.4884210526315789
TCGA-BA-5151-01Z-00-DX1,TCGA-BA-5151-01Z-00-DX1,,TNFa,475,0.84
TCGA-BA-5151-01Z-00-DX1,TCGA-BA-5151-01Z-00-DX1,,Trail,475,0.7157894736842105
TCGA-BA-5151-01Z-00-DX1,TCGA-BA-5151-01Z-00-DX1,,VEGF,475,0.4842105263157895
TCGA-BA-5151-01Z-00-DX1,TCGA-BA-5151-01Z-00-DX1,,WNT,475,0.42736842105263156
TCGA-BA-5151-01Z-00-DX1,TCGA-BA-5151-01Z-00-DX1,,p53,475,0.6842105263157895
TCGA-BA-5152-01Z-00-DX1,TCGA-BA-5152-01Z-00-DX1,,Androgen,1309,0.6722689075630253
TCGA-BA-5152-01Z-00-DX1,TCGA-BA-5152-01Z-00-DX1,,EGFR,1309,0.47058823529411764
TCGA-BA-5152-01Z-00-DX1,TCGA-BA-5152-01Z-00-DX1,,Estrogen,1309,0.2765469824293354
TCGA-BA-5152-01Z-00-DX1,TCGA-BA-5152-01Z-00-DX1,,Hypoxia,1309,0.49809014514896865
TCGA-BA-5152-01Z-00-DX1,TCGA-BA-5152-01Z-00-DX1,,JAK-STAT,1309,0.573720397249809
TCGA-BA-5152-01Z-00-DX1,TCGA-BA-5152-01Z-00-DX1,,MAPK,1309,0.3949579831932773
TCGA-BA-5152-01Z-00-DX1,TCGA-BA-5152-01Z-00-DX1,,NFkB,1309,0.22536287242169595
TCGA-BA-5152-01Z-00-DX1,TCGA-BA-5152-01Z-00-DX1,,PI3K,1309,0.7089381207028266
TCGA-BA-5152-01Z-00-DX1,TCGA-BA-5152-01Z-00-DX1,,TGFb,1309,0.1359816653934301
TCGA-BA-5152-01Z-00-DX1,TCGA-BA-5152-01Z-00-DX1,,TNFa,1309,0.32161955691367455
TCGA-BA-5152-01Z-00-DX1,TCGA-BA-5152-01Z-00-DX1,,Trail,1309,0.3292589763177998
TCGA-BA-5152-01Z-00-DX1,TCGA-BA-5152-01Z-00-DX1,,VEGF,1309,0.45912910618792974
TCGA-BA-5152-01Z-00-DX1,TCGA-BA-5152-01Z-00-DX1,,WNT,1309,0.6355996944232238
TCGA-BA-5152-01Z-00-DX1,TCGA-BA-5152-01Z-00-DX1,,p53,1309,0.02826585179526356
TCGA-BA-5555-01Z-00-DX1,TCGA-BA-5555-01Z-00-DX1,,Androgen,1725,0.7756521739130435
TCGA-BA-5555-01Z-00-DX1,TCGA-BA-5555-01Z-00-DX1,,EGFR,1725,0.6672463768115942
TCGA-BA-5555-01Z-00-DX1,TCGA-BA-5555-01Z-00-DX1,,Estrogen,1725,0.2510144927536232
TCGA-BA-5555-01Z-00-DX1,TCGA-BA-5555-01Z-00-DX1,,Hypoxia,1725,0.06144927536231884
TCGA-BA-5555-01Z-00-DX1,TCGA-BA-5555-01Z-00-DX1,,JAK-STAT,1725,0.22144927536231884
TCGA-BA-5555-01Z-00-DX1,TCGA-BA-5555-01Z-00-DX1,,MAPK,1725,0.5402898550724637
TCGA-BA-5555-01Z-00-DX1,TCGA-BA-5555-01Z-00-DX1,,NFkB,1725,0.22028985507246376
TCGA-BA-5555-01Z-00-DX1,TCGA-BA-5555-01Z-00-DX1,,PI3K,1725,0.7321739130434782
TCGA-BA-5555-01Z-00-DX1,TCGA-BA-5555-01Z-00-DX1,,TGFb,1725,0.1443478260869565
TCGA-BA-5555-01Z-00-DX1,TCGA-BA-5555-01Z-00-DX1,,TNFa,1725,0.22260869565217392
TCGA-BA-5555-01Z-00-DX1,TCGA-BA-5555-01Z-00-DX1,,Trail,1725,0.06086956521739131
TCGA-BA-5555-01Z-00-DX1,TCGA-BA-5555-01Z-00-DX1,,VEGF,1725,0.09565217391304348
TCGA-BA-5555-01Z-00-DX1,TCGA-BA-5555-01Z-00-DX1,,WNT,1725,0.3947826086956522
TCGA-BA-5555-01Z-00-DX1,TCGA-BA-5555-01Z-00-DX1,,p53,1725,0.21391304347826087
TCGA-BA-5558-01Z-00-DX1,TCGA-BA-5558-01Z-00-DX1,,Androgen,633,0.31911532385466035
TCGA-BA-5558-01Z-00-DX1,TCGA-BA-5558-01Z-00-DX1,,EGFR,633,0.5655608214849921
TCGA-BA-5558-01Z-00-DX1,TCGA-BA-5558-01Z-00-DX1,,Estrogen,633,0.10426540284360189
TCGA-BA-5558-01Z-00-DX1,TCGA-BA-5558-01Z-00-DX1,,Hypoxia,633,0.08214849921011058
TCGA-BA-5558-01Z-00-DX1,TCGA-BA-5558-01Z-00-DX1,,JAK-STAT,633,0.6492890995260664
TCGA-BA-5558-01Z-00-DX1,TCGA-BA-5558-01Z-00-DX1,,MAPK,633,0.6240126382306477
TCGA-BA-5558-01Z-00-DX1,TCGA-BA-5558-01Z-00-DX1,,NFkB,633,0.22274881516587677
TCGA-BA-5558-01Z-00-DX1,TCGA-BA-5558-01Z-00-DX1,,PI3K,633,0.7661927330173776
TCGA-BA-5558-01Z-00-DX1,TCGA-BA-5558-01Z-00-DX1,,TGFb,633,0.05529225908372828
TCGA-BA-5558-01Z-00-DX1,TCGA-BA-5558-01Z-00-DX1,,TNFa,633,0.8436018957345972
TCGA-BA-5558-01Z-00-DX1,TCGA-BA-5558-01Z-00-DX1,,Trail,633,0.23064770932069512
TCGA-BA-5558-01Z-00-DX1,TCGA-BA-5558-01Z-00-DX1,,VEGF,633,0.5102685624012638
TCGA-BA-5558-01Z-00-DX1,TCGA-BA-5558-01Z-00-DX1,,WNT,633,0.26066350710900477
TCGA-BA-5558-01Z-00-DX1,TCGA-BA-5558-01Z-00-DX1,,p53,633,0.31911532385466035
TCGA-BA-6868-01Z-00-DX1,TCGA-BA-6868-01Z-00-DX1,,Androgen,1032,0.2693798449612403
TCGA-BA-6868-01Z-00-DX1,TCGA-BA-6868-01Z-00-DX1,,EGFR,1032,0.7829457364341085
TCGA-BA-6868-01Z-00-DX1,TCGA-BA-6868-01Z-00-DX1,,Estrogen,1032,0.5106589147286822
TCGA-BA-6868-01Z-00-DX1,TCGA-BA-6868-01Z-00-DX1,,Hypoxia,1032,0.4321705426356589
TCGA-BA-6868-01Z-00-DX1,TCGA-BA-6868-01Z-00-DX1,,JAK-STAT,1032,0.26744186046511625
TCGA-BA-6868-01Z-00-DX1,TCGA-BA-6868-01Z-00-DX1,,MAPK,1032,0.9418604651162791
TCGA-BA-6868-01Z-00-DX1,TCGA-BA-6868-01Z-00-DX1,,NFkB,1032,0.4583333333333333
TCGA-BA-6868-01Z-00-DX1,TCGA-BA-6868-01Z-00-DX1,,PI3K,1032,0.07364341085271318
TCGA-BA-6868-01Z-00-DX1,TCGA-BA-6868-01Z-00-DX1,,TGFb,1032,0.14050387596899225
TCGA-BA-6868-01Z-00-DX1,TCGA-BA-6868-01Z-00-DX1,,TNFa,1032,0.2315891472868217
TCGA-BA-6868-01Z-00-DX1,TCGA-BA-6868-01Z-00-DX1,,Trail,1032,0.0377906976744186
TCGA-BA-6868-01Z-00-DX1,TCGA-BA-6868-01Z-00-DX1,,VEGF,1032,0.6812015503875969
TCGA-BA-6868-01Z-00-DX1,TCGA-BA-6868-01Z-00-DX1,,WNT,1032,0.2567829457364341
TCGA-BA-6868-01Z-00-DX1,TCGA-BA-6868-01Z-00-DX1,,p53,1032,0.3381782945736434
TCGA-BA-6870-01Z-00-DX1,TCGA-BA-6870-01Z-00-DX1,,Androgen,146,0.19863013698630136
TCGA-BA-6870-01Z-00-DX1,TCGA-BA-6870-01Z-00-DX1,,EGFR,146,0.5068493150684932
TCGA-BA-6870-01Z-00-DX1,TCGA-BA-6870-01Z-00-DX1,,Estrogen,146,0.17123287671232876
TCGA-BA-6870-01Z-00-DX1,TCGA-BA-6870-01Z-00-DX1,,Hypoxia,146,0.3150684931506849
TCGA-BA-6870-01Z-00-DX1,TCGA-BA-6870-01Z-00-DX1,,JAK-STAT,146,0.5068493150684932
TCGA-BA-6870-01Z-00-DX1,TCGA-BA-6870-01Z-00-DX1,,MAPK,146,0.5547945205479452
TCGA-BA-6870-01Z-00-DX1,TCGA-BA-6870-01Z-00-DX1,,NFkB,146,0.22602739726027396
TCGA-BA-6870-01Z-00-DX1,TCGA-BA-6870-01Z-00-DX1,,PI3K,146,0.5205479452054794
TCGA-BA-6870-01Z-00-DX1,TCGA-BA-6870-01Z-00-DX1,,TGFb,146,0.13013698630136986
TCGA-BA-6870-01Z-00-DX1,TCGA-BA-6870-01Z-00-DX1,,TNFa,146,0.5342465753424658
TCGA-BA-6870-01Z-00-DX1,TCGA-BA-6870-01Z-00-DX1,,Trail,146,0.1917808219178082
TCGA-BA-6870-01Z-00-DX1,TCGA-BA-6870-01Z-00-DX1,,VEGF,146,0.410958904109589
TCGA-BA-6870-01Z-00-DX1,TCGA-BA-6870-01Z-00-DX1,,WNT,146,0.3219178082191781
TCGA-BA-6870-01Z-00-DX1,TCGA-BA-6870-01Z-00-DX1,,p53,146,0.03424657534246575
TCGA-BA-6871-01Z-00-DX1,TCGA-BA-6871-01Z-00-DX1,,Androgen,1895,0.10079155672823219
TCGA-BA-6871-01Z-00-DX1,TCGA-BA-6871-01Z-00-DX1,,EGFR,1895,0.4712401055408971
TCGA-BA-6871-01Z-00-DX1,TCGA-BA-6871-01Z-00-DX1,,Estrogen,1895,0.46860158311345645
TCGA-BA-6871-01Z-00-DX1,TCGA-BA-6871-01Z-00-DX1,,Hypoxia,1895,0.16464379947229552
TCGA-BA-6871-01Z-00-DX1,TCGA-BA-6871-01Z-00-DX1,,JAK-STAT,1895,0.0021108179419525065
TCGA-BA-6871-01Z-00-DX1,TCGA-BA-6871-01Z-00-DX1,,MAPK,1895,0.24063324538258576
TCGA-BA-6871-01Z-00-DX1,TCGA-BA-6871-01Z-00-DX1,,NFkB,1895,0.6216358839050132
TCGA-BA-6871-01Z-00-DX1,TCGA-BA-6871-01Z-00-DX1,,PI3K,1895,0.01108179419525066
TCGA-BA-6871-01Z-00-DX1,TCGA-BA-6871-01Z-00-DX1,,TGFb,1895,0.27862796833773085
TCGA-BA-6871-01Z-00-DX1,TCGA-BA-6871-01Z-00-DX1,,TNFa,1895,0.21055408970976253
TCGA-BA-6871-01Z-00-DX1,TCGA-BA-6871-01Z-00-DX1,,Trail,1895,0.03535620052770449
TCGA-BA-6871-01Z-00-DX1,TCGA-BA-6871-01Z-00-DX1,,VEGF,1895,0.035883905013192614
TCGA-BA-6871-01Z-00-DX1,TCGA-BA-6871-01Z-00-DX1,,WNT,1895,0.18680738786279683
TCGA-BA-6871-01Z-00-DX1,TCGA-BA-6871-01Z-00-DX1,,p53,1895,0.08970976253298153
TCGA-BA-6872-01Z-00-DX1,TCGA-BA-6872-01Z-00-DX1,,Androgen,1024,0.0390625
TCGA-BA-6872-01Z-00-DX1,TCGA-BA-6872-01Z-00-DX1,,EGFR,1024,0.7763671875
TCGA-BA-6872-01Z-00-DX1,TCGA-BA-6872-01Z-00-DX1,,Estrogen,1024,0.373046875
TCGA-BA-6872-01Z-00-DX1,TCGA-BA-6872-01Z-00-DX1,,Hypoxia,1024,0.5888671875
TCGA-BA-6872-01Z-00-DX1,TCGA-BA-6872-01Z-00-DX1,,JAK-STAT,1024,0.0048828125
TCGA-BA-6872-01Z-00-DX1,TCGA-BA-6872-01Z-00-DX1,,MAPK,1024,0.6357421875
TCGA-BA-6872-01Z-00-DX1,TCGA-BA-6872-01Z-00-DX1,,NFkB,1024,0.4794921875
TCGA-BA-6872-01Z-00-DX1,TCGA-BA-6872-01Z-00-DX1,,PI3K,1024,0.9287109375
TCGA-BA-6872-01Z-00-DX1,TCGA-BA-6872-01Z-00-DX1,,TGFb,1024,0.0
TCGA-BA-6872-01Z-00-DX1,TCGA-BA-6872-01Z-00-DX1,,TNFa,1024,0.9609375
TCGA-BA-6872-01Z-00-DX1,TCGA-BA-6872-01Z-00-DX1,,Trail,1024,0.1640625
TCGA-BA-6872-01Z-00-DX1,TCGA-BA-6872-01Z-00-DX1,,VEGF,1024,0.271484375
TCGA-BA-6872-01Z-00-DX1,TCGA-BA-6872-01Z-00-DX1,,WNT,1024,0.3193359375
TCGA-BA-6872-01Z-00-DX1,TCGA-BA-6872-01Z-00-DX1,,p53,1024,0.22265625
TCGA-BA-6873-01Z-00-DX1,TCGA-BA-6873-01Z-00-DX1,,Androgen,298,0.4664429530201342
TCGA-BA-6873-01Z-00-DX1,TCGA-BA-6873-01Z-00-DX1,,EGFR,298,0.7248322147651006
TCGA-BA-6873-01Z-00-DX1,TCGA-BA-6873-01Z-00-DX1,,Estrogen,298,0.08389261744966443
TCGA-BA-6873-01Z-00-DX1,TCGA-BA-6873-01Z-00-DX1,,Hypoxia,298,0.24161073825503357
TCGA-BA-6873-01Z-00-DX1,TCGA-BA-6873-01Z-00-DX1,,JAK-STAT,298,0.5302013422818792
TCGA-BA-6873-01Z-00-DX1,TCGA-BA-6873-01Z-00-DX1,,MAPK,298,0.7785234899328859
TCGA-BA-6873-01Z-00-DX1,TCGA-BA-6873-01Z-00-DX1,,NFkB,298,0.37919463087248323
TCGA-BA-6873-01Z-00-DX1,TCGA-BA-6873-01Z-00-DX1,,PI3K,298,0.7013422818791947
TCGA-BA-6873-01Z-00-DX1,TCGA-BA-6873-01Z-00-DX1,,TGFb,298,0.16778523489932887
TCGA-BA-6873-01Z-00-DX1,TCGA-BA-6873-01Z-00-DX1,,TNFa,298,0.7214765100671141
TCGA-BA-6873-01Z-00-DX1,TCGA-BA-6873-01Z-00-DX1,,Trail,298,0.6912751677852349
TCGA-BA-6873-01Z-00-DX1,TCGA-BA-6873-01Z-00-DX1,,VEGF,298,0.5469798657718121
TCGA-BA-6873-01Z-00-DX1,TCGA-BA-6873-01Z-00-DX1,,WNT,298,0.4395973154362416
TCGA-BA-6873-01Z-00-DX1,TCGA-BA-6873-01Z-00-DX1,,p53,298,0.26174496644295303
TCGA-BA-7269-01Z-00-DX1,TCGA-BA-7269-01Z-00-DX1,,Androgen,1317,0.05694760820045558
TCGA-BA-7269-01Z-00-DX1,TCGA-BA-7269-01Z-00-DX1,,EGFR,1317,0.39711465451784356
TCGA-BA-7269-01Z-00-DX1,TCGA-BA-7269-01Z-00-DX1,,Estrogen,1317,0.9081245254365984
TCGA-BA-7269-01Z-00-DX1,TCGA-BA-7269-01Z-00-DX1,,Hypoxia,1317,0.7722095671981777
TCGA-BA-7269-01Z-00-DX1,TCGA-BA-7269-01Z-00-DX1,,JAK-STAT,1317,0.11769172361427487
TCGA-BA-7269-01Z-00-DX1,TCGA-BA-7269-01Z-00-DX1,,MAPK,1317,0.23766135155656795
TCGA-BA-7269-01Z-00-DX1,TCGA-BA-7269-01Z-00-DX1,,NFkB,1317,0.2877752467729689
TCGA-BA-7269-01Z-00-DX1,TCGA-BA-7269-01Z-00-DX1,,PI3K,1317,0.21791951404707668
TCGA-BA-7269-01Z-00-DX1,TCGA-BA-7269-01Z-00-DX1,,TGFb,1317,0.017463933181473046
TCGA-BA-7269-01Z-00-DX1,TCGA-BA-7269-01Z-00-DX1,,TNFa,1317,0.3788914198936978
TCGA-BA-7269-01Z-00-DX1,TCGA-BA-7269-01Z-00-DX1,,Trail,1317,0.296127562642369
TCGA-BA-7269-01Z-00-DX1,TCGA-BA-7269-01Z-00-DX1,,VEGF,1317,0.30751708428246016
TCGA-BA-7269-01Z-00-DX1,TCGA-BA-7269-01Z-00-DX1,,WNT,1317,0.19286256643887623
TCGA-BA-7269-01Z-00-DX1,TCGA-BA-7269-01Z-00-DX1,,p53,1317,0.009111617312072893
TCGA-BA-A6D8-01Z-00-DX1,TCGA-BA-A6D8-01Z-00-DX1,,Androgen,5561,0.15716597734220464
TCGA-BA-A6D8-01Z-00-DX1,TCGA-BA-A6D8-01Z-00-DX1,,EGFR,5561,0.444704189893904
TCGA-BA-A6D8-01Z-00-DX1,TCGA-BA-A6D8-01Z-00-DX1,,Estrogen,5561,0.14260025175328178
TCGA-BA-A6D8-01Z-00-DX1,TCGA-BA-A6D8-01Z-00-DX1,,Hypoxia,5561,0.3704369717676677
TCGA-BA-A6D8-01Z-00-DX1,TCGA-BA-A6D8-01Z-00-DX1,,JAK-STAT,5561,0.15464844452436613
TCGA-BA-A6D8-01Z-00-DX1,TCGA-BA-A6D8-01Z-00-DX1,,MAPK,5561,0.17838518252112928
TCGA-BA-A6D8-01Z-00-DX1,TCGA-BA-A6D8-01Z-00-DX1,,NFkB,5561,0.08110052148894084
TCGA-BA-A6D8-01Z-00-DX1,TCGA-BA-A6D8-01Z-00-DX1,,PI3K,5561,0.13558712461787448
TCGA-BA-A6D8-01Z-00-DX1,TCGA-BA-A6D8-01Z-00-DX1,,TGFb,5561,0.4848048912066175
TCGA-BA-A6D8-01Z-00-DX1,TCGA-BA-A6D8-01Z-00-DX1,,TNFa,5561,0.17766588743031828
TCGA-BA-A6D8-01Z-00-DX1,TCGA-BA-A6D8-01Z-00-DX1,,Trail,5561,0.3997482467182161
TCGA-BA-A6D8-01Z-00-DX1,TCGA-BA-A6D8-01Z-00-DX1,,VEGF,5561,0.04387700053947132
TCGA-BA-A6D8-01Z-00-DX1,TCGA-BA-A6D8-01Z-00-DX1,,WNT,5561,0.29491098723251213
TCGA-BA-A6D8-01Z-00-DX1,TCGA-BA-A6D8-01Z-00-DX1,,p53,5561,0.011508721452976083
TCGA-BA-A6DA-01Z-00-DX1,TCGA-BA-A6DA-01Z-00-DX1,,Androgen,3403,0.30766970320305614
TCGA-BA-A6DA-01Z-00-DX1,TCGA-BA-A6DA-01Z-00-DX1,,EGFR,3403,0.12870996179841315
TCGA-BA-A6DA-01Z-00-DX1,TCGA-BA-A6DA-01Z-00-DX1,,Estrogen,3403,0.29415221863062
TCGA-BA-A6DA-01Z-00-DX1,TCGA-BA-A6DA-01Z-00-DX1,,Hypoxia,3403,0.5406993828974435
TCGA-BA-A6DA-01Z-00-DX1,TCGA-BA-A6DA-01Z-00-DX1,,JAK-STAT,3403,0.6467822509550397
TCGA-BA-A6DA-01Z-00-DX1,TCGA-BA-A6DA-01Z-00-DX1,,MAPK,3403,0.26799882456655894
TCGA-BA-A6DA-01Z-00-DX1,TCGA-BA-A6DA-01Z-00-DX1,,NFkB,3403,0.5894798707023214
TCGA-BA-A6DA-01Z-00-DX1,TCGA-BA-A6DA-01Z-00-DX1,,PI3K,3403,0.6996767558037026
TCGA-BA-A6DA-01Z-00-DX1,TCGA-BA-A6DA-01Z-00-DX1,,TGFb,3403,0.0005877167205406994
TCGA-BA-A6DA-01Z-00-DX1,TCGA-BA-A6DA-01Z-00-DX1,,TNFa,3403,0.47928298560094035
TCGA-BA-A6DA-01Z-00-DX1,TCGA-BA-A6DA-01Z-00-DX1,,Trail,3403,0.4933881868939171
TCGA-BA-A6DA-01Z-00-DX1,TCGA-BA-A6DA-01Z-00-DX1,,VEGF,3403,0.5794886864531296
TCGA-BA-A6DA-01Z-00-DX1,TCGA-BA-A6DA-01Z-00-DX1,,WNT,3403,0.41022627093740816
TCGA-BA-A6DA-01Z-00-DX1,TCGA-BA-A6DA-01Z-00-DX1,,p53,3403,0.1413458712900382
TCGA-BA-A6DB-01Z-00-DX1,TCGA-BA-A6DB-01Z-00-DX1,,Androgen,3251,0.21101199630882805
TCGA-BA-A6DB-01Z-00-DX1,TCGA-BA-A6DB-01Z-00-DX1,,EGFR,3251,0.30175330667486927
TCGA-BA-A6DB-01Z-00-DX1,TCGA-BA-A6DB-01Z-00-DX1,,Estrogen,3251,0.3239003383574285
TCGA-BA-A6DB-01Z-00-DX1,TCGA-BA-A6DB-01Z-00-DX1,,Hypoxia,3251,0.15595201476468779
TCGA-BA-A6DB-01Z-00-DX1,TCGA-BA-A6DB-01Z-00-DX1,,JAK-STAT,3251,0.6539526299600124
TCGA-BA-A6DB-01Z-00-DX1,TCGA-BA-A6DB-01Z-00-DX1,,MAPK,3251,0.387880652107044
TCGA-BA-A6DB-01Z-00-DX1,TCGA-BA-A6DB-01Z-00-DX1,,NFkB,3251,0.1584127960627499
TCGA-BA-A6DB-01Z-00-DX1,TCGA-BA-A6DB-01Z-00-DX1,,PI3K,3251,0.05598277453091356
TCGA-BA-A6DB-01Z-00-DX1,TCGA-BA-A6DB-01Z-00-DX1,,TGFb,3251,0.1436481082743771
TCGA-BA-A6DB-01Z-00-DX1,TCGA-BA-A6DB-01Z-00-DX1,,TNFa,3251,0.410335281451861
TCGA-BA-A6DB-01Z-00-DX1,TCGA-BA-A6DB-01Z-00-DX1,,Trail,3251,0.5069209474007997
TCGA-BA-A6DB-01Z-00-DX1,TCGA-BA-A6DB-01Z-00-DX1,,VEGF,3251,0.48385112273146724
TCGA-BA-A6DB-01Z-00-DX1,TCGA-BA-A6DB-01Z-00-DX1,,WNT,3251,0.5312211627191633
TCGA-BA-A6DB-01Z-00-DX1,TCGA-BA-A6DB-01Z-00-DX1,,p53,3251,0.23592740695170716
TCGA-BA-A6DD-01Z-00-DX1,TCGA-BA-A6DD-01Z-00-DX1,,Androgen,3623,0.5771460115926028
TCGA-BA-A6DD-01Z-00-DX1,TCGA-BA-A6DD-01Z-00-DX1,,EGFR,3623,0.45873585426442176
TCGA-BA-A6DD-01Z-00-DX1,TCGA-BA-A6DD-01Z-00-DX1,,Estrogen,3623,0.3036157880209771
TCGA-BA-A6DD-01Z-00-DX1,TCGA-BA-A6DD-01Z-00-DX1,,Hypoxia,3623,0.2553132762903671
TCGA-BA-A6DD-01Z-00-DX1,TCGA-BA-A6DD-01Z-00-DX1,,JAK-STAT,3623,0.6947281258625448
TCGA-BA-A6DD-01Z-00-DX1,TCGA-BA-A6DD-01Z-00-DX1,,MAPK,3623,0.3276290367099089
TCGA-BA-A6DD-01Z-00-DX1,TCGA-BA-A6DD-01Z-00-DX1,,NFkB,3623,0.5081424234060171
TCGA-BA-A6DD-01Z-00-DX1,TCGA-BA-A6DD-01Z-00-DX1,,PI3K,3623,0.4921335909467292
TCGA-BA-A6DD-01Z-00-DX1,TCGA-BA-A6DD-01Z-00-DX1,,TGFb,3623,0.12807065967430306
TCGA-BA-A6DD-01Z-00-DX1,TCGA-BA-A6DD-01Z-00-DX1,,TNFa,3623,0.5564449351366271
TCGA-BA-A6DD-01Z-00-DX1,TCGA-BA-A6DD-01Z-00-DX1,,Trail,3623,0.21253105161468397
TCGA-BA-A6DD-01Z-00-DX1,TCGA-BA-A6DD-01Z-00-DX1,,VEGF,3623,0.6607783604747447
TCGA-BA-A6DD-01Z-00-DX1,TCGA-BA-A6DD-01Z-00-DX1,,WNT,3623,0.8087220535467844
TCGA-BA-A6DD-01Z-00-DX1,TCGA-BA-A6DD-01Z-00-DX1,,p53,3623,0.07507590394700524
TCGA-BA-A6DE-01Z-00-DX1,TCGA-BA-A6DE-01Z-00-DX1,,Androgen,3601,0.12218828103304638
TCGA-BA-A6DE-01Z-00-DX1,TCGA-BA-A6DE-01Z-00-DX1,,EGFR,3601,0.33796167731185783
TCGA-BA-A6DE-01Z-00-DX1,TCGA-BA-A6DE-01Z-00-DX1,,Estrogen,3601,0.2743682310469314
TCGA-BA-A6DE-01Z-00-DX1,TCGA-BA-A6DE-01Z-00-DX1,,Hypoxia,3601,0.12079977783948903
TCGA-BA-A6DE-01Z-00-DX1,TCGA-BA-A6DE-01Z-00-DX1,,JAK-STAT,3601,0.2627048042210497
TCGA-BA-A6DE-01Z-00-DX1,TCGA-BA-A6DE-01Z-00-DX1,,MAPK,3601,0.3773951680088864
TCGA-BA-A6DE-01Z-00-DX1,TCGA-BA-A6DE-01Z-00-DX1,,NFkB,3601,0.1380172174396001
TCGA-BA-A6DE-01Z-00-DX1,TCGA-BA-A6DE-01Z-00-DX1,,PI3K,3601,0.29991668980838654
TCGA-BA-A6DE-01Z-00-DX1,TCGA-BA-A6DE-01Z-00-DX1,,TGFb,3601,0.14995834490419327
TCGA-BA-A6DE-01Z-00-DX1,TCGA-BA-A6DE-01Z-00-DX1,,TNFa,3601,0.7206331574562621
TCGA-BA-A6DE-01Z-00-DX1,TCGA-BA-A6DE-01Z-00-DX1,,Trail,3601,0.3312968619827826
TCGA-BA-A6DE-01Z-00-DX1,TCGA-BA-A6DE-01Z-00-DX1,,VEGF,3601,0.4104415440155512
TCGA-BA-A6DE-01Z-00-DX1,TCGA-BA-A6DE-01Z-00-DX1,,WNT,3601,0.5673424048875313
TCGA-BA-A6DE-01Z-00-DX1,TCGA-BA-A6DE-01Z-00-DX1,,p53,3601,0.10024993057484032
TCGA-BA-A6DG-01Z-00-DX1,TCGA-BA-A6DG-01Z-00-DX1,,Androgen,713,0.10098176718092566
TCGA-BA-A6DG-01Z-00-DX1,TCGA-BA-A6DG-01Z-00-DX1,,EGFR,713,0.5806451612903226
TCGA-BA-A6DG-01Z-00-DX1,TCGA-BA-A6DG-01Z-00-DX1,,Estrogen,713,0.002805049088359046
TCGA-BA-A6DG-01Z-00-DX1,TCGA-BA-A6DG-01Z-00-DX1,,Hypoxia,713,0.5497896213183731
TCGA-BA-A6DG-01Z-00-DX1,TCGA-BA-A6DG-01Z-00-DX1,,JAK-STAT,713,0.06311360448807854
TCGA-BA-A6DG-01Z-00-DX1,TCGA-BA-A6DG-01Z-00-DX1,,MAPK,713,0.4474053295932679
TCGA-BA-A6DG-01Z-00-DX1,TCGA-BA-A6DG-01Z-00-DX1,,NFkB,713,0.15568022440392706
TCGA-BA-A6DG-01Z-00-DX1,TCGA-BA-A6DG-01Z-00-DX1,,PI3K,713,0.8345021037868162
TCGA-BA-A6DG-01Z-00-DX1,TCGA-BA-A6DG-01Z-00-DX1,,TGFb,713,0.22580645161290322
TCGA-BA-A6DG-01Z-00-DX1,TCGA-BA-A6DG-01Z-00-DX1,,TNFa,713,0.7629733520336606
TCGA-BA-A6DG-01Z-00-DX1,TCGA-BA-A6DG-01Z-00-DX1,,Trail,713,0.844319775596073
TCGA-BA-A6DG-01Z-00-DX1,TCGA-BA-A6DG-01Z-00-DX1,,VEGF,713,0.5974754558204769
TCGA-BA-A6DG-01Z-00-DX1,TCGA-BA-A6DG-01Z-00-DX1,,WNT,713,0.3632538569424965
TCGA-BA-A6DG-01Z-00-DX1,TCGA-BA-A6DG-01Z-00-DX1,,p53,713,0.04488078541374474
TCGA-BA-A6DI-01Z-00-DX1,TCGA-BA-A6DI-01Z-00-DX1,,Androgen,316,0.6012658227848101
TCGA-BA-A6DI-01Z-00-DX1,TCGA-BA-A6DI-01Z-00-DX1,,EGFR,316,0.8354430379746836
TCGA-BA-A6DI-01Z-00-DX1,TCGA-BA-A6DI-01Z-00-DX1,,Estrogen,316,0.25949367088607594
TCGA-BA-A6DI-01Z-00-DX1,TCGA-BA-A6DI-01Z-00-DX1,,Hypoxia,316,0.6582278481012658
TCGA-BA-A6DI-01Z-00-DX1,TCGA-BA-A6DI-01Z-00-DX1,,JAK-STAT,316,0.28164556962025317
TCGA-BA-A6DI-01Z-00-DX1,TCGA-BA-A6DI-01Z-00-DX1,,MAPK,316,0.9651898734177216
TCGA-BA-A6DI-01Z-00-DX1,TCGA-BA-A6DI-01Z-00-DX1,,NFkB,316,0.48417721518987344
TCGA-BA-A6DI-01Z-00-DX1,TCGA-BA-A6DI-01Z-00-DX1,,PI3K,316,0.02531645569620253
TCGA-BA-A6DI-01Z-00-DX1,TCGA-BA-A6DI-01Z-00-DX1,,TGFb,316,0.24367088607594936
TCGA-BA-A6DI-01Z-00-DX1,TCGA-BA-A6DI-01Z-00-DX1,,TNFa,316,0.8892405063291139
TCGA-BA-A6DI-01Z-00-DX1,TCGA-BA-A6DI-01Z-00-DX1,,Trail,316,0.06962025316455696
TCGA-BA-A6DI-01Z-00-DX1,TCGA-BA-A6DI-01Z-00-DX1,,VEGF,316,0.6329113924050633
TCGA-BA-A6DI-01Z-00-DX1,TCGA-BA-A6DI-01Z-00-DX1,,WNT,316,0.13291139240506328
TCGA-BA-A6DI-01Z-00-DX1,TCGA-BA-A6DI-01Z-00-DX1,,p53,316,0.31329113924050633
TCGA-BA-A6DJ-01Z-00-DX1,TCGA-BA-A6DJ-01Z-00-DX1,,Androgen,1222,0.16448445171849427
TCGA-BA-A6DJ-01Z-00-DX1,TCGA-BA-A6DJ-01Z-00-DX1,,EGFR,1222,0.7119476268412439
TCGA-BA-A6DJ-01Z-00-DX1,TCGA-BA-A6DJ-01Z-00-DX1,,Estrogen,1222,0.20212765957446807
TCGA-BA-A6DJ-01Z-00-DX1,TCGA-BA-A6DJ-01Z-00-DX1,,Hypoxia,1222,0.5973813420621932
TCGA-BA-A6DJ-01Z-00-DX1,TCGA-BA-A6DJ-01Z-00-DX1,,JAK-STAT,1222,0.734860883797054
TCGA-BA-A6DJ-01Z-00-DX1,TCGA-BA-A6DJ-01Z-00-DX1,,MAPK,1222,0.9018003273322422
TCGA-BA-A6DJ-01Z-00-DX1,TCGA-BA-A6DJ-01Z-00-DX1,,NFkB,1222,0.24877250409165302
TCGA-BA-A6DJ-01Z-00-DX1,TCGA-BA-A6DJ-01Z-00-DX1,,PI3K,1222,0.01309328968903437
TCGA-BA-A6DJ-01Z-00-DX1,TCGA-BA-A6DJ-01Z-00-DX1,,TGFb,1222,0.01309328968903437
TCGA-BA-A6DJ-01Z-00-DX1,TCGA-BA-A6DJ-01Z-00-DX1,,TNFa,1222,0.6178396072013094
TCGA-BA-A6DJ-01Z-00-DX1,TCGA-BA-A6DJ-01Z-00-DX1,,Trail,1222,0.16612111292962356
TCGA-BA-A6DJ-01Z-00-DX1,TCGA-BA-A6DJ-01Z-00-DX1,,VEGF,1222,0.7937806873977087
TCGA-BA-A6DJ-01Z-00-DX1,TCGA-BA-A6DJ-01Z-00-DX1,,WNT,1222,0.5130932896890343
TCGA-BA-A6DJ-01Z-00-DX1,TCGA-BA-A6DJ-01Z-00-DX1,,p53,1222,0.4247135842880524
TCGA-BA-A6DL-01Z-00-DX1,TCGA-BA-A6DL-01Z-00-DX1,,Androgen,869,0.2186421173762946
TCGA-BA-A6DL-01Z-00-DX1,TCGA-BA-A6DL-01Z-00-DX1,,EGFR,869,0.8158803222094362
TCGA-BA-A6DL-01Z-00-DX1,TCGA-BA-A6DL-01Z-00-DX1,,Estrogen,869,0.9574223245109321
TCGA-BA-A6DL-01Z-00-DX1,TCGA-BA-A6DL-01Z-00-DX1,,Hypoxia,869,0.9424626006904487
TCGA-BA-A6DL-01Z-00-DX1,TCGA-BA-A6DL-01Z-00-DX1,,JAK-STAT,869,0.4810126582278481
TCGA-BA-A6DL-01Z-00-DX1,TCGA-BA-A6DL-01Z-00-DX1,,MAPK,869,0.759493670886076
TCGA-BA-A6DL-01Z-00-DX1,TCGA-BA-A6DL-01Z-00-DX1,,NFkB,869,0.3532796317606444
TCGA-BA-A6DL-01Z-00-DX1,TCGA-BA-A6DL-01Z-00-DX1,,PI3K,869,0.383199079401611
TCGA-BA-A6DL-01Z-00-DX1,TCGA-BA-A6DL-01Z-00-DX1,,TGFb,869,0.24050632911392406
TCGA-BA-A6DL-01Z-00-DX1,TCGA-BA-A6DL-01Z-00-DX1,,TNFa,869,0.3521288837744534
TCGA-BA-A6DL-01Z-00-DX1,TCGA-BA-A6DL-01Z-00-DX1,,Trail,869,0.23130034522439585
TCGA-BA-A6DL-01Z-00-DX1,TCGA-BA-A6DL-01Z-00-DX1,,VEGF,869,0.20368239355581128
TCGA-BA-A6DL-01Z-00-DX1,TCGA-BA-A6DL-01Z-00-DX1,,WNT,869,0.04372842347525892
TCGA-BA-A6DL-01Z-00-DX1,TCGA-BA-A6DL-01Z-00-DX1,,p53,869,0.24165707710011508
TCGA-BA-A8YP-01Z-00-DX1,TCGA-BA-A8YP-01Z-00-DX1,,Androgen,2201,0.7401181281235802
TCGA-BA-A8YP-01Z-00-DX1,TCGA-BA-A8YP-01Z-00-DX1,,EGFR,2201,0.31485688323489325
TCGA-BA-A8YP-01Z-00-DX1,TCGA-BA-A8YP-01Z-00-DX1,,Estrogen,2201,0.7151294865970014
TCGA-BA-A8YP-01Z-00-DX1,TCGA-BA-A8YP-01Z-00-DX1,,Hypoxia,2201,0.6646978646069969
TCGA-BA-A8YP-01Z-00-DX1,TCGA-BA-A8YP-01Z-00-DX1,,JAK-STAT,2201,0.07223989095865516
TCGA-BA-A8YP-01Z-00-DX1,TCGA-BA-A8YP-01Z-00-DX1,,MAPK,2201,0.08405270331667423
TCGA-BA-A8YP-01Z-00-DX1,TCGA-BA-A8YP-01Z-00-DX1,,NFkB,2201,0.19127669241253975
TCGA-BA-A8YP-01Z-00-DX1,TCGA-BA-A8YP-01Z-00-DX1,,PI3K,2201,0.05361199454793276
TCGA-BA-A8YP-01Z-00-DX1,TCGA-BA-A8YP-01Z-00-DX1,,TGFb,2201,0.4870513402998637
TCGA-BA-A8YP-01Z-00-DX1,TCGA-BA-A8YP-01Z-00-DX1,,TNFa,2201,0.22353475692866878
TCGA-BA-A8YP-01Z-00-DX1,TCGA-BA-A8YP-01Z-00-DX1,,Trail,2201,0.03452975920036347
TCGA-BA-A8YP-01Z-00-DX1,TCGA-BA-A8YP-01Z-00-DX1,,VEGF,2201,0.051794638800545204
TCGA-BA-A8YP-01Z-00-DX1,TCGA-BA-A8YP-01Z-00-DX1,,WNT,2201,0.2948659700136302
TCGA-BA-A8YP-01Z-00-DX1,TCGA-BA-A8YP-01Z-00-DX1,,p53,2201,0.009995456610631531
TCGA-BB-4217-01Z-00-DX1,TCGA-BB-4217-01Z-00-DX1,,Androgen,4191,0.2178477690288714
TCGA-BB-4217-01Z-00-DX1,TCGA-BB-4217-01Z-00-DX1,,EGFR,4191,0.29945120496301597
TCGA-BB-4217-01Z-00-DX1,TCGA-BB-4217-01Z-00-DX1,,Estrogen,4191,0.42018611309949894
TCGA-BB-4217-01Z-00-DX1,TCGA-BB-4217-01Z-00-DX1,,Hypoxia,4191,0.9768551658315437
TCGA-BB-4217-01Z-00-DX1,TCGA-BB-4217-01Z-00-DX1,,JAK-STAT,4191,0.16177523264137436
TCGA-BB-4217-01Z-00-DX1,TCGA-BB-4217-01Z-00-DX1,,MAPK,4191,0.5657361011691721
TCGA-BB-4217-01Z-00-DX1,TCGA-BB-4217-01Z-00-DX1,,NFkB,4191,0.6752565020281556
TCGA-BB-4217-01Z-00-DX1,TCGA-BB-4217-01Z-00-DX1,,PI3K,4191,0.45573848723455024
TCGA-BB-4217-01Z-00-DX1,TCGA-BB-4217-01Z-00-DX1,,TGFb,4191,0.09687425435456931
TCGA-BB-4217-01Z-00-DX1,TCGA-BB-4217-01Z-00-DX1,,TNFa,4191,0.4008589835361489
TCGA-BB-4217-01Z-00-DX1,TCGA-BB-4217-01Z-00-DX1,,Trail,4191,0.33977570985445
TCGA-BB-4217-01Z-00-DX1,TCGA-BB-4217-01Z-00-DX1,,VEGF,4191,0.5728942973037461
TCGA-BB-4217-01Z-00-DX1,TCGA-BB-4217-01Z-00-DX1,,WNT,4191,0.2782152230971129
TCGA-BB-4217-01Z-00-DX1,TCGA-BB-4217-01Z-00-DX1,,p53,4191,0.18324982104509663
TCGA-BB-7870-01Z-00-DX1,TCGA-BB-7870-01Z-00-DX1,,Androgen,1797,0.2370617696160267
TCGA-BB-7870-01Z-00-DX1,TCGA-BB-7870-01Z-00-DX1,,EGFR,1797,0.6355036171396773
TCGA-BB-7870-01Z-00-DX1,TCGA-BB-7870-01Z-00-DX1,,Estrogen,1797,0.5681691708402894
TCGA-BB-7870-01Z-00-DX1,TCGA-BB-7870-01Z-00-DX1,,Hypoxia,1797,0.27100723427935447
TCGA-BB-7870-01Z-00-DX1,TCGA-BB-7870-01Z-00-DX1,,JAK-STAT,1797,0.04062326099053979
TCGA-BB-7870-01Z-00-DX1,TCGA-BB-7870-01Z-00-DX1,,MAPK,1797,0.8230383973288815
TCGA-BB-7870-01Z-00-DX1,TCGA-BB-7870-01Z-00-DX1,,NFkB,1797,0.3427935447968837
TCGA-BB-7870-01Z-00-DX1,TCGA-BB-7870-01Z-00-DX1,,PI3K,1797,0.0
TCGA-BB-7870-01Z-00-DX1,TCGA-BB-7870-01Z-00-DX1,,TGFb,1797,0.03060656649972176
TCGA-BB-7870-01Z-00-DX1,TCGA-BB-7870-01Z-00-DX1,,TNFa,1797,0.13132999443516974
TCGA-BB-7870-01Z-00-DX1,TCGA-BB-7870-01Z-00-DX1,,Trail,1797,0.07456872565386756
TCGA-BB-7870-01Z-00-DX1,TCGA-BB-7870-01Z-00-DX1,,VEGF,1797,0.12020033388981637
TCGA-BB-7870-01Z-00-DX1,TCGA-BB-7870-01Z-00-DX1,,WNT,1797,0.1335559265442404
TCGA-BB-7870-01Z-00-DX1,TCGA-BB-7870-01Z-00-DX1,,p53,1797,0.08124652198107958
TCGA-BB-8601-01Z-00-DX1,TCGA-BB-8601-01Z-00-DX1,,Androgen,1939,0.5023207839092315
TCGA-BB-8601-01Z-00-DX1,TCGA-BB-8601-01Z-00-DX1,,EGFR,1939,0.7570912841670965
TCGA-BB-8601-01Z-00-DX1,TCGA-BB-8601-01Z-00-DX1,,Estrogen,1939,0.8535327488396081
TCGA-BB-8601-01Z-00-DX1,TCGA-BB-8601-01Z-00-DX1,,Hypoxia,1939,0.6719958741619392
TCGA-BB-8601-01Z-00-DX1,TCGA-BB-8601-01Z-00-DX1,,JAK-STAT,1939,0.24187725631768953
TCGA-BB-8601-01Z-00-DX1,TCGA-BB-8601-01Z-00-DX1,,MAPK,1939,0.23671995874161939
TCGA-BB-8601-01Z-00-DX1,TCGA-BB-8601-01Z-00-DX1,,NFkB,1939,0.5884476534296029
TCGA-BB-8601-01Z-00-DX1,TCGA-BB-8601-01Z-00-DX1,,PI3K,1939,0.4265085095410005
TCGA-BB-8601-01Z-00-DX1,TCGA-BB-8601-01Z-00-DX1,,TGFb,1939,0.2258896338318721
TCGA-BB-8601-01Z-00-DX1,TCGA-BB-8601-01Z-00-DX1,,TNFa,1939,0.07426508509541001
TCGA-BB-8601-01Z-00-DX1,TCGA-BB-8601-01Z-00-DX1,,Trail,1939,0.2851985559566787
TCGA-BB-8601-01Z-00-DX1,TCGA-BB-8601-01Z-00-DX1,,VEGF,1939,0.07684373388344508
TCGA-BB-8601-01Z-00-DX1,TCGA-BB-8601-01Z-00-DX1,,WNT,1939,0.2490974729241877
TCGA-BB-8601-01Z-00-DX1,TCGA-BB-8601-01Z-00-DX1,,p53,1939,0.34553893759669935
TCGA-BB-A5HY-01Z-00-DX1,TCGA-BB-A5HY-01Z-00-DX1,,Androgen,1040,0.42403846153846153
TCGA-BB-A5HY-01Z-00-DX1,TCGA-BB-A5HY-01Z-00-DX1,,EGFR,1040,0.1778846153846154
TCGA-BB-A5HY-01Z-00-DX1,TCGA-BB-A5HY-01Z-00-DX1,,Estrogen,1040,0.275
TCGA-BB-A5HY-01Z-00-DX1,TCGA-BB-A5HY-01Z-00-DX1,,Hypoxia,1040,0.46634615384615385
TCGA-BB-A5HY-01Z-00-DX1,TCGA-BB-A5HY-01Z-00-DX1,,JAK-STAT,1040,0.18942307692307692
TCGA-BB-A5HY-01Z-00-DX1,TCGA-BB-A5HY-01Z-00-DX1,,MAPK,1040,0.2567307692307692
TCGA-BB-A5HY-01Z-00-DX1,TCGA-BB-A5HY-01Z-00-DX1,,NFkB,1040,0.4423076923076923
TCGA-BB-A5HY-01Z-00-DX1,TCGA-BB-A5HY-01Z-00-DX1,,PI3K,1040,0.29134615384615387
TCGA-BB-A5HY-01Z-00-DX1,TCGA-BB-A5HY-01Z-00-DX1,,TGFb,1040,0.14807692307692308
TCGA-BB-A5HY-01Z-00-DX1,TCGA-BB-A5HY-01Z-00-DX1,,TNFa,1040,0.16153846153846155
TCGA-BB-A5HY-01Z-00-DX1,TCGA-BB-A5HY-01Z-00-DX1,,Trail,1040,0.3894230769230769
TCGA-BB-A5HY-01Z-00-DX1,TCGA-BB-A5HY-01Z-00-DX1,,VEGF,1040,0.24326923076923077
TCGA-BB-A5HY-01Z-00-DX1,TCGA-BB-A5HY-01Z-00-DX1,,WNT,1040,0.4423076923076923
TCGA-BB-A5HY-01Z-00-DX1,TCGA-BB-A5HY-01Z-00-DX1,,p53,1040,0.09903846153846153
TCGA-BB-A5HZ-01Z-00-DX1,TCGA-BB-A5HZ-01Z-00-DX1,,Androgen,3646,0.10888645090510148
TCGA-BB-A5HZ-01Z-00-DX1,TCGA-BB-A5HZ-01Z-00-DX1,,EGFR,3646,0.13110257816785517
TCGA-BB-A5HZ-01Z-00-DX1,TCGA-BB-A5HZ-01Z-00-DX1,,Estrogen,3646,0.19171695008228196
TCGA-BB-A5HZ-01Z-00-DX1,TCGA-BB-A5HZ-01Z-00-DX1,,Hypoxia,3646,0.6711464618760286
TCGA-BB-A5HZ-01Z-00-DX1,TCGA-BB-A5HZ-01Z-00-DX1,,JAK-STAT,3646,0.5891387822270981
TCGA-BB-A5HZ-01Z-00-DX1,TCGA-BB-A5HZ-01Z-00-DX1,,MAPK,3646,0.24574876577070762
TCGA-BB-A5HZ-01Z-00-DX1,TCGA-BB-A5HZ-01Z-00-DX1,,NFkB,3646,0.1437191442676906
TCGA-BB-A5HZ-01Z-00-DX1,TCGA-BB-A5HZ-01Z-00-DX1,,PI3K,3646,0.8088315962698848
TCGA-BB-A5HZ-01Z-00-DX1,TCGA-BB-A5HZ-01Z-00-DX1,,TGFb,3646,0.0008228195282501371
TCGA-BB-A5HZ-01Z-00-DX1,TCGA-BB-A5HZ-01Z-00-DX1,,TNFa,3646,0.4610532089961602
TCGA-BB-A5HZ-01Z-00-DX1,TCGA-BB-A5HZ-01Z-00-DX1,,Trail,3646,0.5085024684585847
TCGA-BB-A5HZ-01Z-00-DX1,TCGA-BB-A5HZ-01Z-00-DX1,,VEGF,3646,0.6791003839824465
TCGA-BB-A5HZ-01Z-00-DX1,TCGA-BB-A5HZ-01Z-00-DX1,,WNT,3646,0.22846955567745475
TCGA-BB-A5HZ-01Z-00-DX1,TCGA-BB-A5HZ-01Z-00-DX1,,p53,3646,0.3217224355458036
TCGA-BB-A6UO-01Z-00-DX1,TCGA-BB-A6UO-01Z-00-DX1,,Androgen,2540,0.6165354330708661
TCGA-BB-A6UO-01Z-00-DX1,TCGA-BB-A6UO-01Z-00-DX1,,EGFR,2540,0.9645669291338582
TCGA-BB-A6UO-01Z-00-DX1,TCGA-BB-A6UO-01Z-00-DX1,,Estrogen,2540,0.27716535433070866
TCGA-BB-A6UO-01Z-00-DX1,TCGA-BB-A6UO-01Z-00-DX1,,Hypoxia,2540,0.9751968503937007
TCGA-BB-A6UO-01Z-00-DX1,TCGA-BB-A6UO-01Z-00-DX1,,JAK-STAT,2540,0.747244094488189
TCGA-BB-A6UO-01Z-00-DX1,TCGA-BB-A6UO-01Z-00-DX1,,MAPK,2540,0.9858267716535433
TCGA-BB-A6UO-01Z-00-DX1,TCGA-BB-A6UO-01Z-00-DX1,,NFkB,2540,0.09330708661417322
TCGA-BB-A6UO-01Z-00-DX1,TCGA-BB-A6UO-01Z-00-DX1,,PI3K,2540,0.0003937007874015748
TCGA-BB-A6UO-01Z-00-DX1,TCGA-BB-A6UO-01Z-00-DX1,,TGFb,2540,0.32047244094488186
TCGA-BB-A6UO-01Z-00-DX1,TCGA-BB-A6UO-01Z-00-DX1,,TNFa,2540,0.7700787401574803
TCGA-BB-A6UO-01Z-00-DX1,TCGA-BB-A6UO-01Z-00-DX1,,Trail,2540,0.004724409448818898
TCGA-BB-A6UO-01Z-00-DX1,TCGA-BB-A6UO-01Z-00-DX1,,VEGF,2540,0.9409448818897638
TCGA-BB-A6UO-01Z-00-DX1,TCGA-BB-A6UO-01Z-00-DX1,,WNT,2540,0.27795275590551183
TCGA-BB-A6UO-01Z-00-DX1,TCGA-BB-A6UO-01Z-00-DX1,,p53,2540,0.06377952755905512
TCGA-CN-4723-01Z-00-DX1,TCGA-CN-4723-01Z-00-DX1,,Androgen,1822,0.45060373216245886
TCGA-CN-4723-01Z-00-DX1,TCGA-CN-4723-01Z-00-DX1,,EGFR,1822,0.5175631174533479
TCGA-CN-4723-01Z-00-DX1,TCGA-CN-4723-01Z-00-DX1,,Estrogen,1822,0.9396267837541163
TCGA-CN-4723-01Z-00-DX1,TCGA-CN-4723-01Z-00-DX1,,Hypoxia,1822,0.9566410537870472
TCGA-CN-4723-01Z-00-DX1,TCGA-CN-4723-01Z-00-DX1,,JAK-STAT,1822,0.07464324917672886
TCGA-CN-4723-01Z-00-DX1,TCGA-CN-4723-01Z-00-DX1,,MAPK,1822,0.1756311745334797
TCGA-CN-4723-01Z-00-DX1,TCGA-CN-4723-01Z-00-DX1,,NFkB,1822,0.3468715697036224
TCGA-CN-4723-01Z-00-DX1,TCGA-CN-4723-01Z-00-DX1,,PI3K,1822,0.29582875960482985
TCGA-CN-4723-01Z-00-DX1,TCGA-CN-4723-01Z-00-DX1,,TGFb,1822,0.3024149286498353
TCGA-CN-4723-01Z-00-DX1,TCGA-CN-4723-01Z-00-DX1,,TNFa,1822,0.05323819978046103
TCGA-CN-4723-01Z-00-DX1,TCGA-CN-4723-01Z-00-DX1,,Trail,1822,0.30021953896816683
TCGA-CN-4723-01Z-00-DX1,TCGA-CN-4723-01Z-00-DX1,,VEGF,1822,0.14489571899012074
TCGA-CN-4723-01Z-00-DX1,TCGA-CN-4723-01Z-00-DX1,,WNT,1822,0.1344676180021954
TCGA-CN-4723-01Z-00-DX1,TCGA-CN-4723-01Z-00-DX1,,p53,1822,0.17233809001097694
TCGA-CN-4725-01Z-00-DX1,TCGA-CN-4725-01Z-00-DX1,,Androgen,224,0.20535714285714285
TCGA-CN-4725-01Z-00-DX1,TCGA-CN-4725-01Z-00-DX1,,EGFR,224,0.6071428571428571
TCGA-CN-4725-01Z-00-DX1,TCGA-CN-4725-01Z-00-DX1,,Estrogen,224,0.25
TCGA-CN-4725-01Z-00-DX1,TCGA-CN-4725-01Z-00-DX1,,Hypoxia,224,0.5714285714285714
TCGA-CN-4725-01Z-00-DX1,TCGA-CN-4725-01Z-00-DX1,,JAK-STAT,224,0.3794642857142857
TCGA-CN-4725-01Z-00-DX1,TCGA-CN-4725-01Z-00-DX1,,MAPK,224,0.7008928571428571
TCGA-CN-4725-01Z-00-DX1,TCGA-CN-4725-01Z-00-DX1,,NFkB,224,0.13839285714285715
TCGA-CN-4725-01Z-00-DX1,TCGA-CN-4725-01Z-00-DX1,,PI3K,224,0.06696428571428571
TCGA-CN-4725-01Z-00-DX1,TCGA-CN-4725-01Z-00-DX1,,TGFb,224,0.17857142857142858
TCGA-CN-4725-01Z-00-DX1,TCGA-CN-4725-01Z-00-DX1,,TNFa,224,0.71875
TCGA-CN-4725-01Z-00-DX1,TCGA-CN-4725-01Z-00-DX1,,Trail,224,0.05357142857142857
TCGA-CN-4725-01Z-00-DX1,TCGA-CN-4725-01Z-00-DX1,,VEGF,224,0.8035714285714286
TCGA-CN-4725-01Z-00-DX1,TCGA-CN-4725-01Z-00-DX1,,WNT,224,0.375
TCGA-CN-4725-01Z-00-DX1,TCGA-CN-4725-01Z-00-DX1,,p53,224,0.5089285714285714
TCGA-CN-4726-01Z-00-DX1,TCGA-CN-4726-01Z-00-DX1,,Androgen,40,0.775
TCGA-CN-4726-01Z-00-DX1,TCGA-CN-4726-01Z-00-DX1,,EGFR,40,0.925
TCGA-CN-4726-01Z-00-DX1,TCGA-CN-4726-01Z-00-DX1,,Estrogen,40,0.4
TCGA-CN-4726-01Z-00-DX1,TCGA-CN-4726-01Z-00-DX1,,Hypoxia,40,0.75
TCGA-CN-4726-01Z-00-DX1,TCGA-CN-4726-01Z-00-DX1,,JAK-STAT,40,0.225
TCGA-CN-4726-01Z-00-DX1,TCGA-CN-4726-01Z-00-DX1,,MAPK,40,0.925
TCGA-CN-4726-01Z-00-DX1,TCGA-CN-4726-01Z-00-DX1,,NFkB,40,0.375
TCGA-CN-4726-01Z-00-DX1,TCGA-CN-4726-01Z-00-DX1,,PI3K,40,0.1
TCGA-CN-4726-01Z-00-DX1,TCGA-CN-4726-01Z-00-DX1,,TGFb,40,0.3
TCGA-CN-4726-01Z-00-DX1,TCGA-CN-4726-01Z-00-DX1,,TNFa,40,0.675
TCGA-CN-4726-01Z-00-DX1,TCGA-CN-4726-01Z-00-DX1,,Trail,40,0.0
TCGA-CN-4726-01Z-00-DX1,TCGA-CN-4726-01Z-00-DX1,,VEGF,40,0.9
TCGA-CN-4726-01Z-00-DX1,TCGA-CN-4726-01Z-00-DX1,,WNT,40,0.2
TCGA-CN-4726-01Z-00-DX1,TCGA-CN-4726-01Z-00-DX1,,p53,40,0.625
TCGA-CN-4727-01Z-00-DX1,TCGA-CN-4727-01Z-00-DX1,,Androgen,258,0.25193798449612403
TCGA-CN-4727-01Z-00-DX1,TCGA-CN-4727-01Z-00-DX1,,EGFR,258,0.7713178294573644
TCGA-CN-4727-01Z-00-DX1,TCGA-CN-4727-01Z-00-DX1,,Estrogen,258,0.9922480620155039
TCGA-CN-4727-01Z-00-DX1,TCGA-CN-4727-01Z-00-DX1,,Hypoxia,258,0.9922480620155039
TCGA-CN-4727-01Z-00-DX1,TCGA-CN-4727-01Z-00-DX1,,JAK-STAT,258,0.08527131782945736
TCGA-CN-4727-01Z-00-DX1,TCGA-CN-4727-01Z-00-DX1,,MAPK,258,0.42248062015503873
TCGA-CN-4727-01Z-00-DX1,TCGA-CN-4727-01Z-00-DX1,,NFkB,258,0.21705426356589147
TCGA-CN-4727-01Z-00-DX1,TCGA-CN-4727-01Z-00-DX1,,PI3K,258,0.7170542635658915
TCGA-CN-4727-01Z-00-DX1,TCGA-CN-4727-01Z-00-DX1,,TGFb,258,0.10465116279069768
TCGA-CN-4727-01Z-00-DX1,TCGA-CN-4727-01Z-00-DX1,,TNFa,258,0.05813953488372093
TCGA-CN-4727-01Z-00-DX1,TCGA-CN-4727-01Z-00-DX1,,Trail,258,0.011627906976744186
TCGA-CN-4727-01Z-00-DX1,TCGA-CN-4727-01Z-00-DX1,,VEGF,258,0.3023255813953488
TCGA-CN-4727-01Z-00-DX1,TCGA-CN-4727-01Z-00-DX1,,WNT,258,0.027131782945736434
TCGA-CN-4727-01Z-00-DX1,TCGA-CN-4727-01Z-00-DX1,,p53,258,0.003875968992248062
TCGA-CN-4729-01Z-00-DX1,TCGA-CN-4729-01Z-00-DX1,,Androgen,815,0.06993865030674846
TCGA-CN-4729-01Z-00-DX1,TCGA-CN-4729-01Z-00-DX1,,EGFR,815,0.3656441717791411
TCGA-CN-4729-01Z-00-DX1,TCGA-CN-4729-01Z-00-DX1,,Estrogen,815,0.301840490797546
TCGA-CN-4729-01Z-00-DX1,TCGA-CN-4729-01Z-00-DX1,,Hypoxia,815,0.5067484662576687
TCGA-CN-4729-01Z-00-DX1,TCGA-CN-4729-01Z-00-DX1,,JAK-STAT,815,0.0036809815950920245
TCGA-CN-4729-01Z-00-DX1,TCGA-CN-4729-01Z-00-DX1,,MAPK,815,0.25153374233128833
TCGA-CN-4729-01Z-00-DX1,TCGA-CN-4729-01Z-00-DX1,,NFkB,815,0.10429447852760736
TCGA-CN-4729-01Z-00-DX1,TCGA-CN-4729-01Z-00-DX1,,PI3K,815,0.6687116564417178
TCGA-CN-4729-01Z-00-DX1,TCGA-CN-4729-01Z-00-DX1,,TGFb,815,0.020858895705521473
TCGA-CN-4729-01Z-00-DX1,TCGA-CN-4729-01Z-00-DX1,,TNFa,815,0.2773006134969325
TCGA-CN-4729-01Z-00-DX1,TCGA-CN-4729-01Z-00-DX1,,Trail,815,0.1263803680981595
TCGA-CN-4729-01Z-00-DX1,TCGA-CN-4729-01Z-00-DX1,,VEGF,815,0.19631901840490798
TCGA-CN-4729-01Z-00-DX1,TCGA-CN-4729-01Z-00-DX1,,WNT,815,0.50920245398773
TCGA-CN-4729-01Z-00-DX1,TCGA-CN-4729-01Z-00-DX1,,p53,815,0.2552147239263804
TCGA-CN-4730-01Z-00-DX1,TCGA-CN-4730-01Z-00-DX1,,Androgen,420,0.44285714285714284
TCGA-CN-4730-01Z-00-DX1,TCGA-CN-4730-01Z-00-DX1,,EGFR,420,0.8523809523809524
TCGA-CN-4730-01Z-00-DX1,TCGA-CN-4730-01Z-00-DX1,,Estrogen,420,0.4738095238095238
TCGA-CN-4730-01Z-00-DX1,TCGA-CN-4730-01Z-00-DX1,,Hypoxia,420,0.7238095238095238
TCGA-CN-4730-01Z-00-DX1,TCGA-CN-4730-01Z-00-DX1,,JAK-STAT,420,0.009523809523809525
TCGA-CN-4730-01Z-00-DX1,TCGA-CN-4730-01Z-00-DX1,,MAPK,420,0.7761904761904762
TCGA-CN-4730-01Z-00-DX1,TCGA-CN-4730-01Z-00-DX1,,NFkB,420,0.5285714285714286
TCGA-CN-4730-01Z-00-DX1,TCGA-CN-4730-01Z-00-DX1,,PI3K,420,0.36428571428571427
TCGA-CN-4730-01Z-00-DX1,TCGA-CN-4730-01Z-00-DX1,,TGFb,420,0.38571428571428573
TCGA-CN-4730-01Z-00-DX1,TCGA-CN-4730-01Z-00-DX1,,TNFa,420,0.1761904761904762
TCGA-CN-4730-01Z-00-DX1,TCGA-CN-4730-01Z-00-DX1,,Trail,420,0.23809523809523808
TCGA-CN-4730-01Z-00-DX1,TCGA-CN-4730-01Z-00-DX1,,VEGF,420,0.7166666666666667
TCGA-CN-4730-01Z-00-DX1,TCGA-CN-4730-01Z-00-DX1,,WNT,420,0.3119047619047619
TCGA-CN-4730-01Z-00-DX1,TCGA-CN-4730-01Z-00-DX1,,p53,420,0.03333333333333333
TCGA-CN-4733-01Z-00-DX1,TCGA-CN-4733-01Z-00-DX1,,Androgen,978,0.4550102249488753
TCGA-CN-4733-01Z-00-DX1,TCGA-CN-4733-01Z-00-DX1,,EGFR,978,0.4274028629856851
TCGA-CN-4733-01Z-00-DX1,TCGA-CN-4733-01Z-00-DX1,,Estrogen,978,0.9989775051124744
TCGA-CN-4733-01Z-00-DX1,TCGA-CN-4733-01Z-00-DX1,,Hypoxia,978,0.7515337423312883
TCGA-CN-4733-01Z-00-DX1,TCGA-CN-4733-01Z-00-DX1,,JAK-STAT,978,0.7249488752556237
TCGA-CN-4733-01Z-00-DX1,TCGA-CN-4733-01Z-00-DX1,,MAPK,978,0.3721881390593047
TCGA-CN-4733-01Z-00-DX1,TCGA-CN-4733-01Z-00-DX1,,NFkB,978,0.016359918200409
TCGA-CN-4733-01Z-00-DX1,TCGA-CN-4733-01Z-00-DX1,,PI3K,978,0.6451942740286298
TCGA-CN-4733-01Z-00-DX1,TCGA-CN-4733-01Z-00-DX1,,TGFb,978,0.7903885480572597
TCGA-CN-4733-01Z-00-DX1,TCGA-CN-4733-01Z-00-DX1,,TNFa,978,0.7811860940695297
TCGA-CN-4733-01Z-00-DX1,TCGA-CN-4733-01Z-00-DX1,,Trail,978,0.8210633946830266
TCGA-CN-4733-01Z-00-DX1,TCGA-CN-4733-01Z-00-DX1,,VEGF,978,0.3445807770961145
TCGA-CN-4733-01Z-00-DX1,TCGA-CN-4733-01Z-00-DX1,,WNT,978,0.7055214723926381
TCGA-CN-4733-01Z-00-DX1,TCGA-CN-4733-01Z-00-DX1,,p53,978,0.10122699386503067
TCGA-CN-4735-01Z-00-DX1,TCGA-CN-4735-01Z-00-DX1,,Androgen,2254,0.04614019520851819
TCGA-CN-4735-01Z-00-DX1,TCGA-CN-4735-01Z-00-DX1,,EGFR,2254,0.17701863354037267
TCGA-CN-4735-01Z-00-DX1,TCGA-CN-4735-01Z-00-DX1,,Estrogen,2254,0.3877551020408163
TCGA-CN-4735-01Z-00-DX1,TCGA-CN-4735-01Z-00-DX1,,Hypoxia,2254,0.35536823425022185
TCGA-CN-4735-01Z-00-DX1,TCGA-CN-4735-01Z-00-DX1,,JAK-STAT,2254,0.037267080745341616
TCGA-CN-4735-01Z-00-DX1,TCGA-CN-4735-01Z-00-DX1,,MAPK,2254,0.3695652173913043
TCGA-CN-4735-01Z-00-DX1,TCGA-CN-4735-01Z-00-DX1,,NFkB,2254,0.4458740017746229
TCGA-CN-4735-01Z-00-DX1,TCGA-CN-4735-01Z-00-DX1,,PI3K,2254,0.0022182786157941437
TCGA-CN-4735-01Z-00-DX1,TCGA-CN-4735-01Z-00-DX1,,TGFb,2254,0.0865128660159716
TCGA-CN-4735-01Z-00-DX1,TCGA-CN-4735-01Z-00-DX1,,TNFa,2254,0.318544809228039
TCGA-CN-4735-01Z-00-DX1,TCGA-CN-4735-01Z-00-DX1,,Trail,2254,0.07985803016858918
TCGA-CN-4735-01Z-00-DX1,TCGA-CN-4735-01Z-00-DX1,,VEGF,2254,0.14640638864241348
TCGA-CN-4735-01Z-00-DX1,TCGA-CN-4735-01Z-00-DX1,,WNT,2254,0.4472049689440994
TCGA-CN-4735-01Z-00-DX1,TCGA-CN-4735-01Z-00-DX1,,p53,2254,0.023513753327417924
TCGA-CN-4737-01Z-00-DX1,TCGA-CN-4737-01Z-00-DX1,,Androgen,1871,0.49812934259754144
TCGA-CN-4737-01Z-00-DX1,TCGA-CN-4737-01Z-00-DX1,,EGFR,1871,0.8097274184927846
TCGA-CN-4737-01Z-00-DX1,TCGA-CN-4737-01Z-00-DX1,,Estrogen,1871,0.4938535542490647
TCGA-CN-4737-01Z-00-DX1,TCGA-CN-4737-01Z-00-DX1,,Hypoxia,1871,0.692143238909674
TCGA-CN-4737-01Z-00-DX1,TCGA-CN-4737-01Z-00-DX1,,JAK-STAT,1871,0.14751469802244788
TCGA-CN-4737-01Z-00-DX1,TCGA-CN-4737-01Z-00-DX1,,MAPK,1871,0.7979690005344735
TCGA-CN-4737-01Z-00-DX1,TCGA-CN-4737-01Z-00-DX1,,NFkB,1871,0.28166755745590594
TCGA-CN-4737-01Z-00-DX1,TCGA-CN-4737-01Z-00-DX1,,PI3K,1871,0.0016034206306787815
TCGA-CN-4737-01Z-00-DX1,TCGA-CN-4737-01Z-00-DX1,,TGFb,1871,0.36611437733832175
TCGA-CN-4737-01Z-00-DX1,TCGA-CN-4737-01Z-00-DX1,,TNFa,1871,0.6761090326028861
TCGA-CN-4737-01Z-00-DX1,TCGA-CN-4737-01Z-00-DX1,,Trail,1871,0.05611972207375735
TCGA-CN-4737-01Z-00-DX1,TCGA-CN-4737-01Z-00-DX1,,VEGF,1871,0.7867450561197221
TCGA-CN-4737-01Z-00-DX1,TCGA-CN-4737-01Z-00-DX1,,WNT,1871,0.5227151256012827
TCGA-CN-4737-01Z-00-DX1,TCGA-CN-4737-01Z-00-DX1,,p53,1871,0.24639230358097275
TCGA-CN-4738-01Z-00-DX1,TCGA-CN-4738-01Z-00-DX1,,Androgen,717,0.29567642956764295
TCGA-CN-4738-01Z-00-DX1,TCGA-CN-4738-01Z-00-DX1,,EGFR,717,0.7503486750348675
TCGA-CN-4738-01Z-00-DX1,TCGA-CN-4738-01Z-00-DX1,,Estrogen,717,0.18828451882845187
TCGA-CN-4738-01Z-00-DX1,TCGA-CN-4738-01Z-00-DX1,,Hypoxia,717,0.6164574616457462
TCGA-CN-4738-01Z-00-DX1,TCGA-CN-4738-01Z-00-DX1,,JAK-STAT,717,0.4309623430962343
TCGA-CN-4738-01Z-00-DX1,TCGA-CN-4738-01Z-00-DX1,,MAPK,717,0.8744769874476988
TCGA-CN-4738-01Z-00-DX1,TCGA-CN-4738-01Z-00-DX1,,NFkB,717,0.25523012552301255
TCGA-CN-4738-01Z-00-DX1,TCGA-CN-4738-01Z-00-DX1,,PI3K,717,0.00697350069735007
TCGA-CN-4738-01Z-00-DX1,TCGA-CN-4738-01Z-00-DX1,,TGFb,717,0.06415620641562064
TCGA-CN-4738-01Z-00-DX1,TCGA-CN-4738-01Z-00-DX1,,TNFa,717,0.5160390516039052
TCGA-CN-4738-01Z-00-DX1,TCGA-CN-4738-01Z-00-DX1,,Trail,717,0.019525801952580194
TCGA-CN-4738-01Z-00-DX1,TCGA-CN-4738-01Z-00-DX1,,VEGF,717,0.701534170153417
TCGA-CN-4738-01Z-00-DX1,TCGA-CN-4738-01Z-00-DX1,,WNT,717,0.39609483960948394
TCGA-CN-4738-01Z-00-DX1,TCGA-CN-4738-01Z-00-DX1,,p53,717,0.29567642956764295
TCGA-CN-4739-01Z-00-DX1,TCGA-CN-4739-01Z-00-DX1,,Androgen,1806,0.5598006644518272
TCGA-CN-4739-01Z-00-DX1,TCGA-CN-4739-01Z-00-DX1,,EGFR,1806,0.2187153931339978
TCGA-CN-4739-01Z-00-DX1,TCGA-CN-4739-01Z-00-DX1,,Estrogen,1806,0.5581395348837209
TCGA-CN-4739-01Z-00-DX1,TCGA-CN-4739-01Z-00-DX1,,Hypoxia,1806,0.1406423034330011
TCGA-CN-4739-01Z-00-DX1,TCGA-CN-4739-01Z-00-DX1,,JAK-STAT,1806,0.11572535991140642
TCGA-CN-4739-01Z-00-DX1,TCGA-CN-4739-01Z-00-DX1,,MAPK,1806,0.3698781838316722
TCGA-CN-4739-01Z-00-DX1,TCGA-CN-4739-01Z-00-DX1,,NFkB,1806,0.24750830564784054
TCGA-CN-4739-01Z-00-DX1,TCGA-CN-4739-01Z-00-DX1,,PI3K,1806,0.6212624584717608
TCGA-CN-4739-01Z-00-DX1,TCGA-CN-4739-01Z-00-DX1,,TGFb,1806,0.4368770764119601
TCGA-CN-4739-01Z-00-DX1,TCGA-CN-4739-01Z-00-DX1,,TNFa,1806,0.42967884828349945
TCGA-CN-4739-01Z-00-DX1,TCGA-CN-4739-01Z-00-DX1,,Trail,1806,0.06201550387596899
TCGA-CN-4739-01Z-00-DX1,TCGA-CN-4739-01Z-00-DX1,,VEGF,1806,0.05149501661129568
TCGA-CN-4739-01Z-00-DX1,TCGA-CN-4739-01Z-00-DX1,,WNT,1806,0.2530454042081949
TCGA-CN-4739-01Z-00-DX1,TCGA-CN-4739-01Z-00-DX1,,p53,1806,0.13565891472868216
TCGA-CN-4742-01Z-00-DX1,TCGA-CN-4742-01Z-00-DX1,,Androgen,2620,0.6782442748091603
TCGA-CN-4742-01Z-00-DX1,TCGA-CN-4742-01Z-00-DX1,,EGFR,2620,0.7064885496183206
TCGA-CN-4742-01Z-00-DX1,TCGA-CN-4742-01Z-00-DX1,,Estrogen,2620,0.4679389312977099
TCGA-CN-4742-01Z-00-DX1,TCGA-CN-4742-01Z-00-DX1,,Hypoxia,2620,0.6450381679389313
TCGA-CN-4742-01Z-00-DX1,TCGA-CN-4742-01Z-00-DX1,,JAK-STAT,2620,0.17404580152671756
TCGA-CN-4742-01Z-00-DX1,TCGA-CN-4742-01Z-00-DX1,,MAPK,2620,0.7259541984732825
TCGA-CN-4742-01Z-00-DX1,TCGA-CN-4742-01Z-00-DX1,,NFkB,2620,0.14427480916030536
TCGA-CN-4742-01Z-00-DX1,TCGA-CN-4742-01Z-00-DX1,,PI3K,2620,0.5057251908396947
TCGA-CN-4742-01Z-00-DX1,TCGA-CN-4742-01Z-00-DX1,,TGFb,2620,0.2851145038167939
TCGA-CN-4742-01Z-00-DX1,TCGA-CN-4742-01Z-00-DX1,,TNFa,2620,0.2732824427480916
TCGA-CN-4742-01Z-00-DX1,TCGA-CN-4742-01Z-00-DX1,,Trail,2620,0.20419847328244276
TCGA-CN-4742-01Z-00-DX1,TCGA-CN-4742-01Z-00-DX1,,VEGF,2620,0.7259541984732825
TCGA-CN-4742-01Z-00-DX1,TCGA-CN-4742-01Z-00-DX1,,WNT,2620,0.3068702290076336
TCGA-CN-4742-01Z-00-DX1,TCGA-CN-4742-01Z-00-DX1,,p53,2620,0.14961832061068703
TCGA-CN-5355-01Z-00-DX1,TCGA-CN-5355-01Z-00-DX1,,Androgen,159,0.5094339622641509
TCGA-CN-5355-01Z-00-DX1,TCGA-CN-5355-01Z-00-DX1,,EGFR,159,0.6289308176100629
TCGA-CN-5355-01Z-00-DX1,TCGA-CN-5355-01Z-00-DX1,,Estrogen,159,0.6415094339622641
TCGA-CN-5355-01Z-00-DX1,TCGA-CN-5355-01Z-00-DX1,,Hypoxia,159,0.6792452830188679
TCGA-CN-5355-01Z-00-DX1,TCGA-CN-5355-01Z-00-DX1,,JAK-STAT,159,0.14465408805031446
TCGA-CN-5355-01Z-00-DX1,TCGA-CN-5355-01Z-00-DX1,,MAPK,159,0.389937106918239
TCGA-CN-5355-01Z-00-DX1,TCGA-CN-5355-01Z-00-DX1,,NFkB,159,0.34591194968553457
TCGA-CN-5355-01Z-00-DX1,TCGA-CN-5355-01Z-00-DX1,,PI3K,159,0.610062893081761
TCGA-CN-5355-01Z-00-DX1,TCGA-CN-5355-01Z-00-DX1,,TGFb,159,0.3270440251572327
TCGA-CN-5355-01Z-00-DX1,TCGA-CN-5355-01Z-00-DX1,,TNFa,159,0.5723270440251572
TCGA-CN-5355-01Z-00-DX1,TCGA-CN-5355-01Z-00-DX1,,Trail,159,0.1320754716981132
TCGA-CN-5355-01Z-00-DX1,TCGA-CN-5355-01Z-00-DX1,,VEGF,159,0.3270440251572327
TCGA-CN-5355-01Z-00-DX1,TCGA-CN-5355-01Z-00-DX1,,WNT,159,0.5345911949685535
TCGA-CN-5355-01Z-00-DX1,TCGA-CN-5355-01Z-00-DX1,,p53,159,0.31446540880503143
TCGA-CN-5356-01Z-00-DX1,TCGA-CN-5356-01Z-00-DX1,,Androgen,709,0.8194640338504936
TCGA-CN-5356-01Z-00-DX1,TCGA-CN-5356-01Z-00-DX1,,EGFR,709,0.5514809590973202
TCGA-CN-5356-01Z-00-DX1,TCGA-CN-5356-01Z-00-DX1,,Estrogen,709,0.5909732016925247
TCGA-CN-5356-01Z-00-DX1,TCGA-CN-5356-01Z-00-DX1,,Hypoxia,709,0.27926657263751764
TCGA-CN-5356-01Z-00-DX1,TCGA-CN-5356-01Z-00-DX1,,JAK-STAT,709,0.1382228490832158
TCGA-CN-5356-01Z-00-DX1,TCGA-CN-5356-01Z-00-DX1,,MAPK,709,0.7376586741889986
TCGA-CN-5356-01Z-00-DX1,TCGA-CN-5356-01Z-00-DX1,,NFkB,709,0.7433004231311706
TCGA-CN-5356-01Z-00-DX1,TCGA-CN-5356-01Z-00-DX1,,PI3K,709,0.8279266572637518
TCGA-CN-5356-01Z-00-DX1,TCGA-CN-5356-01Z-00-DX1,,TGFb,709,0.1692524682651622
TCGA-CN-5356-01Z-00-DX1,TCGA-CN-5356-01Z-00-DX1,,TNFa,709,0.1622002820874471
TCGA-CN-5356-01Z-00-DX1,TCGA-CN-5356-01Z-00-DX1,,Trail,709,0.17489421720733428
TCGA-CN-5356-01Z-00-DX1,TCGA-CN-5356-01Z-00-DX1,,VEGF,709,0.33991537376586745
TCGA-CN-5356-01Z-00-DX1,TCGA-CN-5356-01Z-00-DX1,,WNT,709,0.5021156558533145
TCGA-CN-5356-01Z-00-DX1,TCGA-CN-5356-01Z-00-DX1,,p53,709,0.18758815232722145
TCGA-CN-5358-01Z-00-DX1,TCGA-CN-5358-01Z-00-DX1,,Androgen,159,0.25157232704402516
TCGA-CN-5358-01Z-00-DX1,TCGA-CN-5358-01Z-00-DX1,,EGFR,159,0.4591194968553459
TCGA-CN-5358-01Z-00-DX1,TCGA-CN-5358-01Z-00-DX1,,Estrogen,159,0.9433962264150944
TCGA-CN-5358-01Z-00-DX1,TCGA-CN-5358-01Z-00-DX1,,Hypoxia,159,0.8050314465408805
TCGA-CN-5358-01Z-00-DX1,TCGA-CN-5358-01Z-00-DX1,,JAK-STAT,159,0.6792452830188679
TCGA-CN-5358-01Z-00-DX1,TCGA-CN-5358-01Z-00-DX1,,MAPK,159,0.3710691823899371
TCGA-CN-5358-01Z-00-DX1,TCGA-CN-5358-01Z-00-DX1,,NFkB,159,0.03773584905660377
TCGA-CN-5358-01Z-00-DX1,TCGA-CN-5358-01Z-00-DX1,,PI3K,159,0.610062893081761
TCGA-CN-5358-01Z-00-DX1,TCGA-CN-5358-01Z-00-DX1,,TGFb,159,0.3081761006289308
TCGA-CN-5358-01Z-00-DX1,TCGA-CN-5358-01Z-00-DX1,,TNFa,159,0.6981132075471698
TCGA-CN-5358-01Z-00-DX1,TCGA-CN-5358-01Z-00-DX1,,Trail,159,0.3270440251572327
TCGA-CN-5358-01Z-00-DX1,TCGA-CN-5358-01Z-00-DX1,,VEGF,159,0.6477987421383647
TCGA-CN-5358-01Z-00-DX1,TCGA-CN-5358-01Z-00-DX1,,WNT,159,0.33962264150943394
TCGA-CN-5358-01Z-00-DX1,TCGA-CN-5358-01Z-00-DX1,,p53,159,0.3270440251572327
TCGA-CN-5359-01Z-00-DX1,TCGA-CN-5359-01Z-00-DX1,,Androgen,1023,0.5024437927663734
TCGA-CN-5359-01Z-00-DX1,TCGA-CN-5359-01Z-00-DX1,,EGFR,1023,0.5913978494623656
TCGA-CN-5359-01Z-00-DX1,TCGA-CN-5359-01Z-00-DX1,,Estrogen,1023,0.4310850439882698
TCGA-CN-5359-01Z-00-DX1,TCGA-CN-5359-01Z-00-DX1,,Hypoxia,1023,0.3421309872922776
TCGA-CN-5359-01Z-00-DX1,TCGA-CN-5359-01Z-00-DX1,,JAK-STAT,1023,0.22678396871945258
TCGA-CN-5359-01Z-00-DX1,TCGA-CN-5359-01Z-00-DX1,,MAPK,1023,0.42130987292277616
TCGA-CN-5359-01Z-00-DX1,TCGA-CN-5359-01Z-00-DX1,,NFkB,1023,0.2932551319648094
TCGA-CN-5359-01Z-00-DX1,TCGA-CN-5359-01Z-00-DX1,,PI3K,1023,0.0
TCGA-CN-5359-01Z-00-DX1,TCGA-CN-5359-01Z-00-DX1,,TGFb,1023,0.6559139784946236
TCGA-CN-5359-01Z-00-DX1,TCGA-CN-5359-01Z-00-DX1,,TNFa,1023,0.18475073313782991
TCGA-CN-5359-01Z-00-DX1,TCGA-CN-5359-01Z-00-DX1,,Trail,1023,0.4574780058651026
TCGA-CN-5359-01Z-00-DX1,TCGA-CN-5359-01Z-00-DX1,,VEGF,1023,0.2072336265884653
TCGA-CN-5359-01Z-00-DX1,TCGA-CN-5359-01Z-00-DX1,,WNT,1023,0.41348973607038125
TCGA-CN-5359-01Z-00-DX1,TCGA-CN-5359-01Z-00-DX1,,p53,1023,0.07429130009775171
TCGA-CN-5360-01Z-00-DX1,TCGA-CN-5360-01Z-00-DX1,,Androgen,1124,0.8096085409252669
TCGA-CN-5360-01Z-00-DX1,TCGA-CN-5360-01Z-00-DX1,,EGFR,1124,0.17259786476868327
TCGA-CN-5360-01Z-00-DX1,TCGA-CN-5360-01Z-00-DX1,,Estrogen,1124,0.4555160142348754
TCGA-CN-5360-01Z-00-DX1,TCGA-CN-5360-01Z-00-DX1,,Hypoxia,1124,0.20373665480427047
TCGA-CN-5360-01Z-00-DX1,TCGA-CN-5360-01Z-00-DX1,,JAK-STAT,1124,0.0809608540925267
TCGA-CN-5360-01Z-00-DX1,TCGA-CN-5360-01Z-00-DX1,,MAPK,1124,0.5480427046263345
TCGA-CN-5360-01Z-00-DX1,TCGA-CN-5360-01Z-00-DX1,,NFkB,1124,0.12811387900355872
TCGA-CN-5360-01Z-00-DX1,TCGA-CN-5360-01Z-00-DX1,,PI3K,1124,0.28647686832740216
TCGA-CN-5360-01Z-00-DX1,TCGA-CN-5360-01Z-00-DX1,,TGFb,1124,0.3104982206405694
TCGA-CN-5360-01Z-00-DX1,TCGA-CN-5360-01Z-00-DX1,,TNFa,1124,0.2615658362989324
TCGA-CN-5360-01Z-00-DX1,TCGA-CN-5360-01Z-00-DX1,,Trail,1124,0.0693950177935943
TCGA-CN-5360-01Z-00-DX1,TCGA-CN-5360-01Z-00-DX1,,VEGF,1124,0.19306049822064056
TCGA-CN-5360-01Z-00-DX1,TCGA-CN-5360-01Z-00-DX1,,WNT,1124,0.20284697508896798
TCGA-CN-5360-01Z-00-DX1,TCGA-CN-5360-01Z-00-DX1,,p53,1124,0.10765124555160142
TCGA-CN-5363-01Z-00-DX1,TCGA-CN-5363-01Z-00-DX1,,Androgen,5017,0.5214271476978274
TCGA-CN-5363-01Z-00-DX1,TCGA-CN-5363-01Z-00-DX1,,EGFR,5017,0.5957743671516843
TCGA-CN-5363-01Z-00-DX1,TCGA-CN-5363-01Z-00-DX1,,Estrogen,5017,0.29360175403627664
TCGA-CN-5363-01Z-00-DX1,TCGA-CN-5363-01Z-00-DX1,,Hypoxia,5017,0.6838748255929838
TCGA-CN-5363-01Z-00-DX1,TCGA-CN-5363-01Z-00-DX1,,JAK-STAT,5017,0.34303368546940405
TCGA-CN-5363-01Z-00-DX1,TCGA-CN-5363-01Z-00-DX1,,MAPK,5017,0.6045445485349811
TCGA-CN-5363-01Z-00-DX1,TCGA-CN-5363-01Z-00-DX1,,NFkB,5017,0.46761012557305165
TCGA-CN-5363-01Z-00-DX1,TCGA-CN-5363-01Z-00-DX1,,PI3K,5017,0.40442495515248156
TCGA-CN-5363-01Z-00-DX1,TCGA-CN-5363-01Z-00-DX1,,TGFb,5017,0.3924656169025314
TCGA-CN-5363-01Z-00-DX1,TCGA-CN-5363-01Z-00-DX1,,TNFa,5017,0.631453059597369
TCGA-CN-5363-01Z-00-DX1,TCGA-CN-5363-01Z-00-DX1,,Trail,5017,0.2999800677695834
TCGA-CN-5363-01Z-00-DX1,TCGA-CN-5363-01Z-00-DX1,,VEGF,5017,0.582619095076739
TCGA-CN-5363-01Z-00-DX1,TCGA-CN-5363-01Z-00-DX1,,WNT,5017,0.4983057604145904
TCGA-CN-5363-01Z-00-DX1,TCGA-CN-5363-01Z-00-DX1,,p53,5017,0.05022922064979071
TCGA-CN-5364-01Z-00-DX1,TCGA-CN-5364-01Z-00-DX1,,Androgen,3590,0.18635097493036212
TCGA-CN-5364-01Z-00-DX1,TCGA-CN-5364-01Z-00-DX1,,EGFR,3590,0.13649025069637882
TCGA-CN-5364-01Z-00-DX1,TCGA-CN-5364-01Z-00-DX1,,Estrogen,3590,0.5075208913649025
TCGA-CN-5364-01Z-00-DX1,TCGA-CN-5364-01Z-00-DX1,,Hypoxia,3590,0.8779944289693593
TCGA-CN-5364-01Z-00-DX1,TCGA-CN-5364-01Z-00-DX1,,JAK-STAT,3590,0.16685236768802228
TCGA-CN-5364-01Z-00-DX1,TCGA-CN-5364-01Z-00-DX1,,MAPK,3590,0.5309192200557104
TCGA-CN-5364-01Z-00-DX1,TCGA-CN-5364-01Z-00-DX1,,NFkB,3590,0.2501392757660167
TCGA-CN-5364-01Z-00-DX1,TCGA-CN-5364-01Z-00-DX1,,PI3K,3590,0.20501392757660167
TCGA-CN-5364-01Z-00-DX1,TCGA-CN-5364-01Z-00-DX1,,TGFb,3590,0.0011142061281337048
TCGA-CN-5364-01Z-00-DX1,TCGA-CN-5364-01Z-00-DX1,,TNFa,3590,0.16044568245125349
TCGA-CN-5364-01Z-00-DX1,TCGA-CN-5364-01Z-00-DX1,,Trail,3590,0.2763231197771588
TCGA-CN-5364-01Z-00-DX1,TCGA-CN-5364-01Z-00-DX1,,VEGF,3590,0.13565459610027855
TCGA-CN-5364-01Z-00-DX1,TCGA-CN-5364-01Z-00-DX1,,WNT,3590,0.07353760445682452
TCGA-CN-5364-01Z-00-DX1,TCGA-CN-5364-01Z-00-DX1,,p53,3590,0.037047353760445684
TCGA-CN-5365-01Z-00-DX1,TCGA-CN-5365-01Z-00-DX1,,Androgen,1382,0.3878437047756874
TCGA-CN-5365-01Z-00-DX1,TCGA-CN-5365-01Z-00-DX1,,EGFR,1382,0.6837916063675832
TCGA-CN-5365-01Z-00-DX1,TCGA-CN-5365-01Z-00-DX1,,Estrogen,1382,0.22069464544138928
TCGA-CN-5365-01Z-00-DX1,TCGA-CN-5365-01Z-00-DX1,,Hypoxia,1382,0.703328509406657
TCGA-CN-5365-01Z-00-DX1,TCGA-CN-5365-01Z-00-DX1,,JAK-STAT,1382,0.6454413892908828
TCGA-CN-5365-01Z-00-DX1,TCGA-CN-5365-01Z-00-DX1,,MAPK,1382,0.8545586107091172
TCGA-CN-5365-01Z-00-DX1,TCGA-CN-5365-01Z-00-DX1,,NFkB,1382,0.5788712011577424
TCGA-CN-5365-01Z-00-DX1,TCGA-CN-5365-01Z-00-DX1,,PI3K,1382,0.005788712011577424
TCGA-CN-5365-01Z-00-DX1,TCGA-CN-5365-01Z-00-DX1,,TGFb,1382,0.10130246020260492
TCGA-CN-5365-01Z-00-DX1,TCGA-CN-5365-01Z-00-DX1,,TNFa,1382,0.479739507959479
TCGA-CN-5365-01Z-00-DX1,TCGA-CN-5365-01Z-00-DX1,,Trail,1382,0.20839363241678727
TCGA-CN-5365-01Z-00-DX1,TCGA-CN-5365-01Z-00-DX1,,VEGF,1382,0.7547033285094067
TCGA-CN-5365-01Z-00-DX1,TCGA-CN-5365-01Z-00-DX1,,WNT,1382,0.3017366136034732
TCGA-CN-5365-01Z-00-DX1,TCGA-CN-5365-01Z-00-DX1,,p53,1382,0.15267727930535455
TCGA-CN-5366-01Z-00-DX1,TCGA-CN-5366-01Z-00-DX1,,Androgen,3169,0.16629851688229724
TCGA-CN-5366-01Z-00-DX1,TCGA-CN-5366-01Z-00-DX1,,EGFR,3169,0.3632060586935942
TCGA-CN-5366-01Z-00-DX1,TCGA-CN-5366-01Z-00-DX1,,Estrogen,3169,0.15746292205743137
TCGA-CN-5366-01Z-00-DX1,TCGA-CN-5366-01Z-00-DX1,,Hypoxia,3169,0.7507100031555696
TCGA-CN-5366-01Z-00-DX1,TCGA-CN-5366-01Z-00-DX1,,JAK-STAT,3169,0.41653518460082045
TCGA-CN-5366-01Z-00-DX1,TCGA-CN-5366-01Z-00-DX1,,MAPK,3169,0.46797096875986116
TCGA-CN-5366-01Z-00-DX1,TCGA-CN-5366-01Z-00-DX1,,NFkB,3169,0.19848532660145157
TCGA-CN-5366-01Z-00-DX1,TCGA-CN-5366-01Z-00-DX1,,PI3K,3169,0.28021457873146105
TCGA-CN-5366-01Z-00-DX1,TCGA-CN-5366-01Z-00-DX1,,TGFb,3169,0.22246765541180183
TCGA-CN-5366-01Z-00-DX1,TCGA-CN-5366-01Z-00-DX1,,TNFa,3169,0.2915746292205743
TCGA-CN-5366-01Z-00-DX1,TCGA-CN-5366-01Z-00-DX1,,Trail,3169,0.6386872830545913
TCGA-CN-5366-01Z-00-DX1,TCGA-CN-5366-01Z-00-DX1,,VEGF,3169,0.5916692963079836
TCGA-CN-5366-01Z-00-DX1,TCGA-CN-5366-01Z-00-DX1,,WNT,3169,0.4739665509624487
TCGA-CN-5366-01Z-00-DX1,TCGA-CN-5366-01Z-00-DX1,,p53,3169,0.014831177027453455
TCGA-CN-5367-01Z-00-DX1,TCGA-CN-5367-01Z-00-DX1,,Androgen,6217,0.25156828052115165
TCGA-CN-5367-01Z-00-DX1,TCGA-CN-5367-01Z-00-DX1,,EGFR,6217,0.772076564259289
TCGA-CN-5367-01Z-00-DX1,TCGA-CN-5367-01Z-00-DX1,,Estrogen,6217,0.04214251246581953
TCGA-CN-5367-01Z-00-DX1,TCGA-CN-5367-01Z-00-DX1,,Hypoxia,6217,0.9184494129001126
TCGA-CN-5367-01Z-00-DX1,TCGA-CN-5367-01Z-00-DX1,,JAK-STAT,6217,0.31059996783014315
TCGA-CN-5367-01Z-00-DX1,TCGA-CN-5367-01Z-00-DX1,,MAPK,6217,0.7878397941129162
TCGA-CN-5367-01Z-00-DX1,TCGA-CN-5367-01Z-00-DX1,,NFkB,6217,0.11372044394402445
TCGA-CN-5367-01Z-00-DX1,TCGA-CN-5367-01Z-00-DX1,,PI3K,6217,0.4154737011420299
TCGA-CN-5367-01Z-00-DX1,TCGA-CN-5367-01Z-00-DX1,,TGFb,6217,0.26524046967990994
TCGA-CN-5367-01Z-00-DX1,TCGA-CN-5367-01Z-00-DX1,,TNFa,6217,0.6343895769663825
TCGA-CN-5367-01Z-00-DX1,TCGA-CN-5367-01Z-00-DX1,,Trail,6217,0.3998713205726235
TCGA-CN-5367-01Z-00-DX1,TCGA-CN-5367-01Z-00-DX1,,VEGF,6217,0.7392633102782693
TCGA-CN-5367-01Z-00-DX1,TCGA-CN-5367-01Z-00-DX1,,WNT,6217,0.025414186906868263
TCGA-CN-5367-01Z-00-DX1,TCGA-CN-5367-01Z-00-DX1,,p53,6217,0.028148624738619912
TCGA-CN-5373-01Z-00-DX1,TCGA-CN-5373-01Z-00-DX1,,Androgen,1038,0.21483622350674375
TCGA-CN-5373-01Z-00-DX1,TCGA-CN-5373-01Z-00-DX1,,EGFR,1038,0.1907514450867052
TCGA-CN-5373-01Z-00-DX1,TCGA-CN-5373-01Z-00-DX1,,Estrogen,1038,0.11560693641618497
TCGA-CN-5373-01Z-00-DX1,TCGA-CN-5373-01Z-00-DX1,,Hypoxia,1038,0.12909441233140656
TCGA-CN-5373-01Z-00-DX1,TCGA-CN-5373-01Z-00-DX1,,JAK-STAT,1038,0.3333333333333333
TCGA-CN-5373-01Z-00-DX1,TCGA-CN-5373-01Z-00-DX1,,MAPK,1038,0.27360308285163776
TCGA-CN-5373-01Z-00-DX1,TCGA-CN-5373-01Z-00-DX1,,NFkB,1038,0.05684007707129094
TCGA-CN-5373-01Z-00-DX1,TCGA-CN-5373-01Z-00-DX1,,PI3K,1038,0.7504816955684007
TCGA-CN-5373-01Z-00-DX1,TCGA-CN-5373-01Z-00-DX1,,TGFb,1038,0.22447013487475914
TCGA-CN-5373-01Z-00-DX1,TCGA-CN-5373-01Z-00-DX1,,TNFa,1038,0.9547206165703276
TCGA-CN-5373-01Z-00-DX1,TCGA-CN-5373-01Z-00-DX1,,Trail,1038,0.21579961464354527
TCGA-CN-5373-01Z-00-DX1,TCGA-CN-5373-01Z-00-DX1,,VEGF,1038,0.5385356454720617
TCGA-CN-5373-01Z-00-DX1,TCGA-CN-5373-01Z-00-DX1,,WNT,1038,0.1579961464354528
TCGA-CN-5373-01Z-00-DX1,TCGA-CN-5373-01Z-00-DX1,,p53,1038,0.11849710982658959
TCGA-CN-6010-01Z-00-DX1,TCGA-CN-6010-01Z-00-DX1,,Androgen,320,0.015625
TCGA-CN-6010-01Z-00-DX1,TCGA-CN-6010-01Z-00-DX1,,EGFR,320,0.24375
TCGA-CN-6010-01Z-00-DX1,TCGA-CN-6010-01Z-00-DX1,,Estrogen,320,0.73125
TCGA-CN-6010-01Z-00-DX1,TCGA-CN-6010-01Z-00-DX1,,Hypoxia,320,0.6625
TCGA-CN-6010-01Z-00-DX1,TCGA-CN-6010-01Z-00-DX1,,JAK-STAT,320,0.01875
TCGA-CN-6010-01Z-00-DX1,TCGA-CN-6010-01Z-00-DX1,,MAPK,320,0.59375
TCGA-CN-6010-01Z-00-DX1,TCGA-CN-6010-01Z-00-DX1,,NFkB,320,0.221875
TCGA-CN-6010-01Z-00-DX1,TCGA-CN-6010-01Z-00-DX1,,PI3K,320,0.59375
TCGA-CN-6010-01Z-00-DX1,TCGA-CN-6010-01Z-00-DX1,,TGFb,320,0.0875
TCGA-CN-6010-01Z-00-DX1,TCGA-CN-6010-01Z-00-DX1,,TNFa,320,0.05
TCGA-CN-6010-01Z-00-DX1,TCGA-CN-6010-01Z-00-DX1,,Trail,320,0.01875
TCGA-CN-6010-01Z-00-DX1,TCGA-CN-6010-01Z-00-DX1,,VEGF,320,0.0
TCGA-CN-6010-01Z-00-DX1,TCGA-CN-6010-01Z-00-DX1,,WNT,320,0.359375
TCGA-CN-6010-01Z-00-DX1,TCGA-CN-6010-01Z-00-DX1,,p53,320,0.0
TCGA-CN-6011-01Z-00-DX1,TCGA-CN-6011-01Z-00-DX1,,Androgen,2245,0.6289532293986637
TCGA-CN-6011-01Z-00-DX1,TCGA-CN-6011-01Z-00-DX1,,EGFR,2245,0.9028953229398664
TCGA-CN-6011-01Z-00-DX1,TCGA-CN-6011-01Z-00-DX1,,Estrogen,2245,0.12739420935412027
TCGA-CN-6011-01Z-00-DX1,TCGA-CN-6011-01Z-00-DX1,,Hypoxia,2245,0.775946547884187
TCGA-CN-6011-01Z-00-DX1,TCGA-CN-6011-01Z-00-DX1,,JAK-STAT,2245,0.5144766146993318
TCGA-CN-6011-01Z-00-DX1,TCGA-CN-6011-01Z-00-DX1,,MAPK,2245,0.9256124721603564
TCGA-CN-6011-01Z-00-DX1,TCGA-CN-6011-01Z-00-DX1,,NFkB,2245,0.48195991091314033
TCGA-CN-6011-01Z-00-DX1,TCGA-CN-6011-01Z-00-DX1,,PI3K,2245,0.6311804008908686
TCGA-CN-6011-01Z-00-DX1,TCGA-CN-6011-01Z-00-DX1,,TGFb,2245,0.19599109131403117
TCGA-CN-6011-01Z-00-DX1,TCGA-CN-6011-01Z-00-DX1,,TNFa,2245,0.5314031180400891
TCGA-CN-6011-01Z-00-DX1,TCGA-CN-6011-01Z-00-DX1,,Trail,2245,0.155902004454343
TCGA-CN-6011-01Z-00-DX1,TCGA-CN-6011-01Z-00-DX1,,VEGF,2245,0.8240534521158129
TCGA-CN-6011-01Z-00-DX1,TCGA-CN-6011-01Z-00-DX1,,WNT,2245,0.19064587973273942
TCGA-CN-6011-01Z-00-DX1,TCGA-CN-6011-01Z-00-DX1,,p53,2245,0.016926503340757237
TCGA-CN-6012-01Z-00-DX1,TCGA-CN-6012-01Z-00-DX1,,Androgen,422,0.22985781990521326
TCGA-CN-6012-01Z-00-DX1,TCGA-CN-6012-01Z-00-DX1,,EGFR,422,0.6966824644549763
TCGA-CN-6012-01Z-00-DX1,TCGA-CN-6012-01Z-00-DX1,,Estrogen,422,0.580568720379147
TCGA-CN-6012-01Z-00-DX1,TCGA-CN-6012-01Z-00-DX1,,Hypoxia,422,0.18246445497630331
TCGA-CN-6012-01Z-00-DX1,TCGA-CN-6012-01Z-00-DX1,,JAK-STAT,422,0.0
TCGA-CN-6012-01Z-00-DX1,TCGA-CN-6012-01Z-00-DX1,,MAPK,422,0.2772511848341232
TCGA-CN-6012-01Z-00-DX1,TCGA-CN-6012-01Z-00-DX1,,NFkB,422,0.3412322274881517
TCGA-CN-6012-01Z-00-DX1,TCGA-CN-6012-01Z-00-DX1,,PI3K,422,0.0
TCGA-CN-6012-01Z-00-DX1,TCGA-CN-6012-01Z-00-DX1,,TGFb,422,0.466824644549763
TCGA-CN-6012-01Z-00-DX1,TCGA-CN-6012-01Z-00-DX1,,TNFa,422,0.15165876777251186
TCGA-CN-6012-01Z-00-DX1,TCGA-CN-6012-01Z-00-DX1,,Trail,422,0.026066350710900472
TCGA-CN-6012-01Z-00-DX1,TCGA-CN-6012-01Z-00-DX1,,VEGF,422,0.05924170616113744
TCGA-CN-6012-01Z-00-DX1,TCGA-CN-6012-01Z-00-DX1,,WNT,422,0.3293838862559242
TCGA-CN-6012-01Z-00-DX1,TCGA-CN-6012-01Z-00-DX1,,p53,422,0.05687203791469194
TCGA-CN-6013-01Z-00-DX1,TCGA-CN-6013-01Z-00-DX1,,Androgen,230,0.29130434782608694
TCGA-CN-6013-01Z-00-DX1,TCGA-CN-6013-01Z-00-DX1,,EGFR,230,0.8
TCGA-CN-6013-01Z-00-DX1,TCGA-CN-6013-01Z-00-DX1,,Estrogen,230,0.991304347826087
TCGA-CN-6013-01Z-00-DX1,TCGA-CN-6013-01Z-00-DX1,,Hypoxia,230,1.0
TCGA-CN-6013-01Z-00-DX1,TCGA-CN-6013-01Z-00-DX1,,JAK-STAT,230,0.9173913043478261
TCGA-CN-6013-01Z-00-DX1,TCGA-CN-6013-01Z-00-DX1,,MAPK,230,0.9347826086956522
TCGA-CN-6013-01Z-00-DX1,TCGA-CN-6013-01Z-00-DX1,,NFkB,230,0.10869565217391304
TCGA-CN-6013-01Z-00-DX1,TCGA-CN-6013-01Z-00-DX1,,PI3K,230,0.8956521739130435
TCGA-CN-6013-01Z-00-DX1,TCGA-CN-6013-01Z-00-DX1,,TGFb,230,0.09130434782608696
TCGA-CN-6013-01Z-00-DX1,TCGA-CN-6013-01Z-00-DX1,,TNFa,230,0.5043478260869565
TCGA-CN-6013-01Z-00-DX1,TCGA-CN-6013-01Z-00-DX1,,Trail,230,0.21304347826086956
TCGA-CN-6013-01Z-00-DX1,TCGA-CN-6013-01Z-00-DX1,,VEGF,230,0.7391304347826086
TCGA-CN-6013-01Z-00-DX1,TCGA-CN-6013-01Z-00-DX1,,WNT,230,0.08260869565217391
TCGA-CN-6013-01Z-00-DX1,TCGA-CN-6013-01Z-00-DX1,,p53,230,0.23043478260869565
TCGA-CN-6016-01Z-00-DX1,TCGA-CN-6016-01Z-00-DX1,,Androgen,635,0.32598425196850395
TCGA-CN-6016-01Z-00-DX1,TCGA-CN-6016-01Z-00-DX1,,EGFR,635,0.10551181102362205
TCGA-CN-6016-01Z-00-DX1,TCGA-CN-6016-01Z-00-DX1,,Estrogen,635,0.24881889763779527
TCGA-CN-6016-01Z-00-DX1,TCGA-CN-6016-01Z-00-DX1,,Hypoxia,635,0.6771653543307087
TCGA-CN-6016-01Z-00-DX1,TCGA-CN-6016-01Z-00-DX1,,JAK-STAT,635,0.33228346456692914
TCGA-CN-6016-01Z-00-DX1,TCGA-CN-6016-01Z-00-DX1,,MAPK,635,0.16692913385826771
TCGA-CN-6016-01Z-00-DX1,TCGA-CN-6016-01Z-00-DX1,,NFkB,635,0.11338582677165354
TCGA-CN-6016-01Z-00-DX1,TCGA-CN-6016-01Z-00-DX1,,PI3K,635,0.2866141732283465
TCGA-CN-6016-01Z-00-DX1,TCGA-CN-6016-01Z-00-DX1,,TGFb,635,0.1952755905511811
TCGA-CN-6016-01Z-00-DX1,TCGA-CN-6016-01Z-00-DX1,,TNFa,635,0.27086614173228346
TCGA-CN-6016-01Z-00-DX1,TCGA-CN-6016-01Z-00-DX1,,Trail,635,0.8535433070866142
TCGA-CN-6016-01Z-00-DX1,TCGA-CN-6016-01Z-00-DX1,,VEGF,635,0.384251968503937
TCGA-CN-6016-01Z-00-DX1,TCGA-CN-6016-01Z-00-DX1,,WNT,635,0.3889763779527559
TCGA-CN-6016-01Z-00-DX1,TCGA-CN-6016-01Z-00-DX1,,p53,635,0.02204724409448819
TCGA-CN-6017-01Z-00-DX1,TCGA-CN-6017-01Z-00-DX1,,Androgen,1216,0.4350328947368421
TCGA-CN-6017-01Z-00-DX1,TCGA-CN-6017-01Z-00-DX1,,EGFR,1216,0.4473684210526316
TCGA-CN-6017-01Z-00-DX1,TCGA-CN-6017-01Z-00-DX1,,Estrogen,1216,0.9975328947368421
TCGA-CN-6017-01Z-00-DX1,TCGA-CN-6017-01Z-00-DX1,,Hypoxia,1216,0.662828947368421
TCGA-CN-6017-01Z-00-DX1,TCGA-CN-6017-01Z-00-DX1,,JAK-STAT,1216,0.8330592105263158
TCGA-CN-6017-01Z-00-DX1,TCGA-CN-6017-01Z-00-DX1,,MAPK,1216,0.4375
TCGA-CN-6017-01Z-00-DX1,TCGA-CN-6017-01Z-00-DX1,,NFkB,1216,0.004934210526315789
TCGA-CN-6017-01Z-00-DX1,TCGA-CN-6017-01Z-00-DX1,,PI3K,1216,0.6513157894736842
TCGA-CN-6017-01Z-00-DX1,TCGA-CN-6017-01Z-00-DX1,,TGFb,1216,0.5921052631578947
TCGA-CN-6017-01Z-00-DX1,TCGA-CN-6017-01Z-00-DX1,,TNFa,1216,0.9523026315789473
TCGA-CN-6017-01Z-00-DX1,TCGA-CN-6017-01Z-00-DX1,,Trail,1216,0.618421052631579
TCGA-CN-6017-01Z-00-DX1,TCGA-CN-6017-01Z-00-DX1,,VEGF,1216,0.7368421052631579
TCGA-CN-6017-01Z-00-DX1,TCGA-CN-6017-01Z-00-DX1,,WNT,1216,0.4909539473684211
TCGA-CN-6017-01Z-00-DX1,TCGA-CN-6017-01Z-00-DX1,,p53,1216,0.08634868421052631
TCGA-CN-6018-01Z-00-DX1,TCGA-CN-6018-01Z-00-DX1,,Androgen,1008,0.12202380952380952
TCGA-CN-6018-01Z-00-DX1,TCGA-CN-6018-01Z-00-DX1,,EGFR,1008,0.34325396825396826
TCGA-CN-6018-01Z-00-DX1,TCGA-CN-6018-01Z-00-DX1,,Estrogen,1008,0.2123015873015873
TCGA-CN-6018-01Z-00-DX1,TCGA-CN-6018-01Z-00-DX1,,Hypoxia,1008,0.7668650793650794
TCGA-CN-6018-01Z-00-DX1,TCGA-CN-6018-01Z-00-DX1,,JAK-STAT,1008,0.12896825396825398
TCGA-CN-6018-01Z-00-DX1,TCGA-CN-6018-01Z-00-DX1,,MAPK,1008,0.3382936507936508
TCGA-CN-6018-01Z-00-DX1,TCGA-CN-6018-01Z-00-DX1,,NFkB,1008,0.19543650793650794
TCGA-CN-6018-01Z-00-DX1,TCGA-CN-6018-01Z-00-DX1,,PI3K,1008,0.5833333333333334
TCGA-CN-6018-01Z-00-DX1,TCGA-CN-6018-01Z-00-DX1,,TGFb,1008,0.07043650793650794
TCGA-CN-6018-01Z-00-DX1,TCGA-CN-6018-01Z-00-DX1,,TNFa,1008,0.2926587301587302
TCGA-CN-6018-01Z-00-DX1,TCGA-CN-6018-01Z-00-DX1,,Trail,1008,0.25396825396825395
TCGA-CN-6018-01Z-00-DX1,TCGA-CN-6018-01Z-00-DX1,,VEGF,1008,0.30257936507936506
TCGA-CN-6018-01Z-00-DX1,TCGA-CN-6018-01Z-00-DX1,,WNT,1008,0.251984126984127
TCGA-CN-6018-01Z-00-DX1,TCGA-CN-6018-01Z-00-DX1,,p53,1008,0.13095238095238096
TCGA-CN-6019-01Z-00-DX1,TCGA-CN-6019-01Z-00-DX1,,Androgen,646,0.7631578947368421
TCGA-CN-6019-01Z-00-DX1,TCGA-CN-6019-01Z-00-DX1,,EGFR,646,0.6873065015479877
TCGA-CN-6019-01Z-00-DX1,TCGA-CN-6019-01Z-00-DX1,,Estrogen,646,0.739938080495356
TCGA-CN-6019-01Z-00-DX1,TCGA-CN-6019-01Z-00-DX1,,Hypoxia,646,0.3653250773993808
TCGA-CN-6019-01Z-00-DX1,TCGA-CN-6019-01Z-00-DX1,,JAK-STAT,646,0.02476780185758514
TCGA-CN-6019-01Z-00-DX1,TCGA-CN-6019-01Z-00-DX1,,MAPK,646,0.7956656346749226
TCGA-CN-6019-01Z-00-DX1,TCGA-CN-6019-01Z-00-DX1,,NFkB,646,0.2848297213622291
TCGA-CN-6019-01Z-00-DX1,TCGA-CN-6019-01Z-00-DX1,,PI3K,646,0.032507739938080496
TCGA-CN-6019-01Z-00-DX1,TCGA-CN-6019-01Z-00-DX1,,TGFb,646,0.8777089783281734
TCGA-CN-6019-01Z-00-DX1,TCGA-CN-6019-01Z-00-DX1,,TNFa,646,0.6671826625386997
TCGA-CN-6019-01Z-00-DX1,TCGA-CN-6019-01Z-00-DX1,,Trail,646,0.06037151702786378
TCGA-CN-6019-01Z-00-DX1,TCGA-CN-6019-01Z-00-DX1,,VEGF,646,0.44891640866873067
TCGA-CN-6019-01Z-00-DX1,TCGA-CN-6019-01Z-00-DX1,,WNT,646,0.5154798761609907
TCGA-CN-6019-01Z-00-DX1,TCGA-CN-6019-01Z-00-DX1,,p53,646,0.01393188854489164
TCGA-CN-6021-01Z-00-DX1,TCGA-CN-6021-01Z-00-DX1,,Androgen,158,0.6645569620253164
TCGA-CN-6021-01Z-00-DX1,TCGA-CN-6021-01Z-00-DX1,,EGFR,158,0.35443037974683544
TCGA-CN-6021-01Z-00-DX1,TCGA-CN-6021-01Z-00-DX1,,Estrogen,158,0.5886075949367089
TCGA-CN-6021-01Z-00-DX1,TCGA-CN-6021-01Z-00-DX1,,Hypoxia,158,0.0189873417721519
TCGA-CN-6021-01Z-00-DX1,TCGA-CN-6021-01Z-00-DX1,,JAK-STAT,158,0.26582278481012656
TCGA-CN-6021-01Z-00-DX1,TCGA-CN-6021-01Z-00-DX1,,MAPK,158,0.6962025316455697
TCGA-CN-6021-01Z-00-DX1,TCGA-CN-6021-01Z-00-DX1,,NFkB,158,0.17088607594936708
TCGA-CN-6021-01Z-00-DX1,TCGA-CN-6021-01Z-00-DX1,,PI3K,158,0.689873417721519
TCGA-CN-6021-01Z-00-DX1,TCGA-CN-6021-01Z-00-DX1,,TGFb,158,0.25949367088607594
TCGA-CN-6021-01Z-00-DX1,TCGA-CN-6021-01Z-00-DX1,,TNFa,158,0.18354430379746836
TCGA-CN-6021-01Z-00-DX1,TCGA-CN-6021-01Z-00-DX1,,Trail,158,0.02531645569620253
TCGA-CN-6021-01Z-00-DX1,TCGA-CN-6021-01Z-00-DX1,,VEGF,158,0.3987341772151899
TCGA-CN-6021-01Z-00-DX1,TCGA-CN-6021-01Z-00-DX1,,WNT,158,0.4240506329113924
TCGA-CN-6021-01Z-00-DX1,TCGA-CN-6021-01Z-00-DX1,,p53,158,0.5632911392405063
TCGA-CN-6022-01Z-00-DX1,TCGA-CN-6022-01Z-00-DX1,,Androgen,453,0.4613686534216336
TCGA-CN-6022-01Z-00-DX1,TCGA-CN-6022-01Z-00-DX1,,EGFR,453,0.9028697571743929
TCGA-CN-6022-01Z-00-DX1,TCGA-CN-6022-01Z-00-DX1,,Estrogen,453,0.6114790286975718
TCGA-CN-6022-01Z-00-DX1,TCGA-CN-6022-01Z-00-DX1,,Hypoxia,453,0.673289183222958
TCGA-CN-6022-01Z-00-DX1,TCGA-CN-6022-01Z-00-DX1,,JAK-STAT,453,0.18763796909492272
TCGA-CN-6022-01Z-00-DX1,TCGA-CN-6022-01Z-00-DX1,,MAPK,453,0.9602649006622517
TCGA-CN-6022-01Z-00-DX1,TCGA-CN-6022-01Z-00-DX1,,NFkB,453,0.39072847682119205
TCGA-CN-6022-01Z-00-DX1,TCGA-CN-6022-01Z-00-DX1,,PI3K,453,0.0
TCGA-CN-6022-01Z-00-DX1,TCGA-CN-6022-01Z-00-DX1,,TGFb,453,0.7218543046357616
TCGA-CN-6022-01Z-00-DX1,TCGA-CN-6022-01Z-00-DX1,,TNFa,453,0.3200883002207506
TCGA-CN-6022-01Z-00-DX1,TCGA-CN-6022-01Z-00-DX1,,Trail,453,0.0684326710816777
TCGA-CN-6022-01Z-00-DX1,TCGA-CN-6022-01Z-00-DX1,,VEGF,453,0.5121412803532008
TCGA-CN-6022-01Z-00-DX1,TCGA-CN-6022-01Z-00-DX1,,WNT,453,0.2229580573951435
TCGA-CN-6022-01Z-00-DX1,TCGA-CN-6022-01Z-00-DX1,,p53,453,0.04415011037527594
TCGA-CN-6023-01Z-00-DX1,TCGA-CN-6023-01Z-00-DX1,,Androgen,1389,0.3441324694024478
TCGA-CN-6023-01Z-00-DX1,TCGA-CN-6023-01Z-00-DX1,,EGFR,1389,0.02663786897048236
TCGA-CN-6023-01Z-00-DX1,TCGA-CN-6023-01Z-00-DX1,,Estrogen,1389,0.11951043916486681
TCGA-CN-6023-01Z-00-DX1,TCGA-CN-6023-01Z-00-DX1,,Hypoxia,1389,0.05687544996400288
TCGA-CN-6023-01Z-00-DX1,TCGA-CN-6023-01Z-00-DX1,,JAK-STAT,1389,0.320374370050396
TCGA-CN-6023-01Z-00-DX1,TCGA-CN-6023-01Z-00-DX1,,MAPK,1389,0.03455723542116631
TCGA-CN-6023-01Z-00-DX1,TCGA-CN-6023-01Z-00-DX1,,NFkB,1389,0.12958963282937366
TCGA-CN-6023-01Z-00-DX1,TCGA-CN-6023-01Z-00-DX1,,PI3K,1389,0.3210943124550036
TCGA-CN-6023-01Z-00-DX1,TCGA-CN-6023-01Z-00-DX1,,TGFb,1389,0.11447084233261338
TCGA-CN-6023-01Z-00-DX1,TCGA-CN-6023-01Z-00-DX1,,TNFa,1389,0.15406767458603313
TCGA-CN-6023-01Z-00-DX1,TCGA-CN-6023-01Z-00-DX1,,Trail,1389,0.06335493160547156
TCGA-CN-6023-01Z-00-DX1,TCGA-CN-6023-01Z-00-DX1,,VEGF,1389,0.03311735061195104
TCGA-CN-6023-01Z-00-DX1,TCGA-CN-6023-01Z-00-DX1,,WNT,1389,0.41252699784017277
TCGA-CN-6023-01Z-00-DX1,TCGA-CN-6023-01Z-00-DX1,,p53,1389,0.007199424046076314
TCGA-CN-6024-01Z-00-DX1,TCGA-CN-6024-01Z-00-DX1,,Androgen,491,0.006109979633401222
TCGA-CN-6024-01Z-00-DX1,TCGA-CN-6024-01Z-00-DX1,,EGFR,491,0.8085539714867617
TCGA-CN-6024-01Z-00-DX1,TCGA-CN-6024-01Z-00-DX1,,Estrogen,491,0.515274949083503
TCGA-CN-6024-01Z-00-DX1,TCGA-CN-6024-01Z-00-DX1,,Hypoxia,491,0.8391038696537678
TCGA-CN-6024-01Z-00-DX1,TCGA-CN-6024-01Z-00-DX1,,JAK-STAT,491,0.109979633401222
TCGA-CN-6024-01Z-00-DX1,TCGA-CN-6024-01Z-00-DX1,,MAPK,491,0.7067209775967414
TCGA-CN-6024-01Z-00-DX1,TCGA-CN-6024-01Z-00-DX1,,NFkB,491,0.3136456211812627
TCGA-CN-6024-01Z-00-DX1,TCGA-CN-6024-01Z-00-DX1,,PI3K,491,0.21384928716904278
TCGA-CN-6024-01Z-00-DX1,TCGA-CN-6024-01Z-00-DX1,,TGFb,491,0.15274949083503056
TCGA-CN-6024-01Z-00-DX1,TCGA-CN-6024-01Z-00-DX1,,TNFa,491,0.10183299389002037
TCGA-CN-6024-01Z-00-DX1,TCGA-CN-6024-01Z-00-DX1,,Trail,491,0.40529531568228105
TCGA-CN-6024-01Z-00-DX1,TCGA-CN-6024-01Z-00-DX1,,VEGF,491,0.615071283095723
TCGA-CN-6024-01Z-00-DX1,TCGA-CN-6024-01Z-00-DX1,,WNT,491,0.1120162932790224
TCGA-CN-6024-01Z-00-DX1,TCGA-CN-6024-01Z-00-DX1,,p53,491,0.012219959266802444
TCGA-CN-6988-01Z-00-DX1,TCGA-CN-6988-01Z-00-DX1,,Androgen,632,0.7357594936708861
TCGA-CN-6988-01Z-00-DX1,TCGA-CN-6988-01Z-00-DX1,,EGFR,632,0.4525316455696203
TCGA-CN-6988-01Z-00-DX1,TCGA-CN-6988-01Z-00-DX1,,Estrogen,632,0.8164556962025317
TCGA-CN-6988-01Z-00-DX1,TCGA-CN-6988-01Z-00-DX1,,Hypoxia,632,0.24367088607594936
TCGA-CN-6988-01Z-00-DX1,TCGA-CN-6988-01Z-00-DX1,,JAK-STAT,632,0.07753164556962025
TCGA-CN-6988-01Z-00-DX1,TCGA-CN-6988-01Z-00-DX1,,MAPK,632,0.6629746835443038
TCGA-CN-6988-01Z-00-DX1,TCGA-CN-6988-01Z-00-DX1,,NFkB,632,0.30537974683544306
TCGA-CN-6988-01Z-00-DX1,TCGA-CN-6988-01Z-00-DX1,,PI3K,632,0.0015822784810126582
TCGA-CN-6988-01Z-00-DX1,TCGA-CN-6988-01Z-00-DX1,,TGFb,632,0.08069620253164557
TCGA-CN-6988-01Z-00-DX1,TCGA-CN-6988-01Z-00-DX1,,TNFa,632,0.06329113924050633
TCGA-CN-6988-01Z-00-DX1,TCGA-CN-6988-01Z-00-DX1,,Trail,632,0.004746835443037975
TCGA-CN-6988-01Z-00-DX1,TCGA-CN-6988-01Z-00-DX1,,VEGF,632,0.04272151898734177
TCGA-CN-6988-01Z-00-DX1,TCGA-CN-6988-01Z-00-DX1,,WNT,632,0.6677215189873418
TCGA-CN-6988-01Z-00-DX1,TCGA-CN-6988-01Z-00-DX1,,p53,632,0.6550632911392406
TCGA-CN-6989-01Z-00-DX1,TCGA-CN-6989-01Z-00-DX1,,Androgen,830,0.1
TCGA-CN-6989-01Z-00-DX1,TCGA-CN-6989-01Z-00-DX1,,EGFR,830,0.1650602409638554
TCGA-CN-6989-01Z-00-DX1,TCGA-CN-6989-01Z-00-DX1,,Estrogen,830,0.0783132530120482
TCGA-CN-6989-01Z-00-DX1,TCGA-CN-6989-01Z-00-DX1,,Hypoxia,830,0.12650602409638553
TCGA-CN-6989-01Z-00-DX1,TCGA-CN-6989-01Z-00-DX1,,JAK-STAT,830,0.024096385542168676
TCGA-CN-6989-01Z-00-DX1,TCGA-CN-6989-01Z-00-DX1,,MAPK,830,0.4650602409638554
TCGA-CN-6989-01Z-00-DX1,TCGA-CN-6989-01Z-00-DX1,,NFkB,830,0.04457831325301205
TCGA-CN-6989-01Z-00-DX1,TCGA-CN-6989-01Z-00-DX1,,PI3K,830,0.04457831325301205
TCGA-CN-6989-01Z-00-DX1,TCGA-CN-6989-01Z-00-DX1,,TGFb,830,0.7795180722891566
TCGA-CN-6989-01Z-00-DX1,TCGA-CN-6989-01Z-00-DX1,,TNFa,830,0.13614457831325302
TCGA-CN-6989-01Z-00-DX1,TCGA-CN-6989-01Z-00-DX1,,Trail,830,0.2385542168674699
TCGA-CN-6989-01Z-00-DX1,TCGA-CN-6989-01Z-00-DX1,,VEGF,830,0.018072289156626505
TCGA-CN-6989-01Z-00-DX1,TCGA-CN-6989-01Z-00-DX1,,WNT,830,0.5493975903614458
TCGA-CN-6989-01Z-00-DX1,TCGA-CN-6989-01Z-00-DX1,,p53,830,0.0
TCGA-CN-6992-01Z-00-DX1,TCGA-CN-6992-01Z-00-DX1,,Androgen,215,0.3953488372093023
TCGA-CN-6992-01Z-00-DX1,TCGA-CN-6992-01Z-00-DX1,,EGFR,215,0.5488372093023256
TCGA-CN-6992-01Z-00-DX1,TCGA-CN-6992-01Z-00-DX1,,Estrogen,215,0.9953488372093023
TCGA-CN-6992-01Z-00-DX1,TCGA-CN-6992-01Z-00-DX1,,Hypoxia,215,0.986046511627907
TCGA-CN-6992-01Z-00-DX1,TCGA-CN-6992-01Z-00-DX1,,JAK-STAT,215,0.004651162790697674
TCGA-CN-6992-01Z-00-DX1,TCGA-CN-6992-01Z-00-DX1,,MAPK,215,0.20465116279069767
TCGA-CN-6992-01Z-00-DX1,TCGA-CN-6992-01Z-00-DX1,,NFkB,215,0.11162790697674418
TCGA-CN-6992-01Z-00-DX1,TCGA-CN-6992-01Z-00-DX1,,PI3K,215,0.13953488372093023
TCGA-CN-6992-01Z-00-DX1,TCGA-CN-6992-01Z-00-DX1,,TGFb,215,0.2558139534883721
TCGA-CN-6992-01Z-00-DX1,TCGA-CN-6992-01Z-00-DX1,,TNFa,215,0.004651162790697674
TCGA-CN-6992-01Z-00-DX1,TCGA-CN-6992-01Z-00-DX1,,Trail,215,0.10232558139534884
TCGA-CN-6992-01Z-00-DX1,TCGA-CN-6992-01Z-00-DX1,,VEGF,215,0.11162790697674418
TCGA-CN-6992-01Z-00-DX1,TCGA-CN-6992-01Z-00-DX1,,WNT,215,0.037209302325581395
TCGA-CN-6992-01Z-00-DX1,TCGA-CN-6992-01Z-00-DX1,,p53,215,0.018604651162790697
TCGA-CN-6994-01Z-00-DX1,TCGA-CN-6994-01Z-00-DX1,,Androgen,1031,0.08535402521823472
TCGA-CN-6994-01Z-00-DX1,TCGA-CN-6994-01Z-00-DX1,,EGFR,1031,0.26479146459747815
TCGA-CN-6994-01Z-00-DX1,TCGA-CN-6994-01Z-00-DX1,,Estrogen,1031,0.28419010669253153
TCGA-CN-6994-01Z-00-DX1,TCGA-CN-6994-01Z-00-DX1,,Hypoxia,1031,0.8215324927255092
TCGA-CN-6994-01Z-00-DX1,TCGA-CN-6994-01Z-00-DX1,,JAK-STAT,1031,0.0019398642095053346
TCGA-CN-6994-01Z-00-DX1,TCGA-CN-6994-01Z-00-DX1,,MAPK,1031,0.1571290009699321
TCGA-CN-6994-01Z-00-DX1,TCGA-CN-6994-01Z-00-DX1,,NFkB,1031,0.05140640155189137
TCGA-CN-6994-01Z-00-DX1,TCGA-CN-6994-01Z-00-DX1,,PI3K,1031,0.3588748787584869
TCGA-CN-6994-01Z-00-DX1,TCGA-CN-6994-01Z-00-DX1,,TGFb,1031,0.019398642095053348
TCGA-CN-6994-01Z-00-DX1,TCGA-CN-6994-01Z-00-DX1,,TNFa,1031,0.2046556741028128
TCGA-CN-6994-01Z-00-DX1,TCGA-CN-6994-01Z-00-DX1,,Trail,1031,0.06498545101842872
TCGA-CN-6994-01Z-00-DX1,TCGA-CN-6994-01Z-00-DX1,,VEGF,1031,0.3588748787584869
TCGA-CN-6994-01Z-00-DX1,TCGA-CN-6994-01Z-00-DX1,,WNT,1031,0.19689621726479145
TCGA-CN-6994-01Z-00-DX1,TCGA-CN-6994-01Z-00-DX1,,p53,1031,0.012609117361784675
TCGA-CN-6996-01Z-00-DX1,TCGA-CN-6996-01Z-00-DX1,,Androgen,766,0.7101827676240209
TCGA-CN-6996-01Z-00-DX1,TCGA-CN-6996-01Z-00-DX1,,EGFR,766,0.5691906005221932
TCGA-CN-6996-01Z-00-DX1,TCGA-CN-6996-01Z-00-DX1,,Estrogen,766,0.9778067885117493
TCGA-CN-6996-01Z-00-DX1,TCGA-CN-6996-01Z-00-DX1,,Hypoxia,766,0.9804177545691906
TCGA-CN-6996-01Z-00-DX1,TCGA-CN-6996-01Z-00-DX1,,JAK-STAT,766,0.6736292428198434
TCGA-CN-6996-01Z-00-DX1,TCGA-CN-6996-01Z-00-DX1,,MAPK,766,0.933420365535248
TCGA-CN-6996-01Z-00-DX1,TCGA-CN-6996-01Z-00-DX1,,NFkB,766,0.09921671018276762
TCGA-CN-6996-01Z-00-DX1,TCGA-CN-6996-01Z-00-DX1,,PI3K,766,0.8981723237597912
TCGA-CN-6996-01Z-00-DX1,TCGA-CN-6996-01Z-00-DX1,,TGFb,766,0.26631853785900783
TCGA-CN-6996-01Z-00-DX1,TCGA-CN-6996-01Z-00-DX1,,TNFa,766,0.9751958224543081
TCGA-CN-6996-01Z-00-DX1,TCGA-CN-6996-01Z-00-DX1,,Trail,766,0.16057441253263707
TCGA-CN-6996-01Z-00-DX1,TCGA-CN-6996-01Z-00-DX1,,VEGF,766,0.39425587467362927
TCGA-CN-6996-01Z-00-DX1,TCGA-CN-6996-01Z-00-DX1,,WNT,766,0.19973890339425587
TCGA-CN-6996-01Z-00-DX1,TCGA-CN-6996-01Z-00-DX1,,p53,766,0.2950391644908616
TCGA-CN-6997-01Z-00-DX1,TCGA-CN-6997-01Z-00-DX1,,Androgen,505,0.21782178217821782
TCGA-CN-6997-01Z-00-DX1,TCGA-CN-6997-01Z-00-DX1,,EGFR,505,0.16633663366336635
TCGA-CN-6997-01Z-00-DX1,TCGA-CN-6997-01Z-00-DX1,,Estrogen,505,0.22376237623762377
TCGA-CN-6997-01Z-00-DX1,TCGA-CN-6997-01Z-00-DX1,,Hypoxia,505,0.3207920792079208
TCGA-CN-6997-01Z-00-DX1,TCGA-CN-6997-01Z-00-DX1,,JAK-STAT,505,0.100990099009901
TCGA-CN-6997-01Z-00-DX1,TCGA-CN-6997-01Z-00-DX1,,MAPK,505,0.36633663366336633
TCGA-CN-6997-01Z-00-DX1,TCGA-CN-6997-01Z-00-DX1,,NFkB,505,0.15445544554455445
TCGA-CN-6997-01Z-00-DX1,TCGA-CN-6997-01Z-00-DX1,,PI3K,505,0.29306930693069305
TCGA-CN-6997-01Z-00-DX1,TCGA-CN-6997-01Z-00-DX1,,TGFb,505,0.6811881188118812
TCGA-CN-6997-01Z-00-DX1,TCGA-CN-6997-01Z-00-DX1,,TNFa,505,0.09900990099009901
TCGA-CN-6997-01Z-00-DX1,TCGA-CN-6997-01Z-00-DX1,,Trail,505,0.11287128712871287
TCGA-CN-6997-01Z-00-DX1,TCGA-CN-6997-01Z-00-DX1,,VEGF,505,0.0039603960396039604
TCGA-CN-6997-01Z-00-DX1,TCGA-CN-6997-01Z-00-DX1,,WNT,505,0.5188118811881188
TCGA-CN-6997-01Z-00-DX1,TCGA-CN-6997-01Z-00-DX1,,p53,505,0.027722772277227723
TCGA-CN-A63T-01Z-00-DX1,TCGA-CN-A63T-01Z-00-DX1,,Androgen,376,0.26861702127659576
TCGA-CN-A63T-01Z-00-DX1,TCGA-CN-A63T-01Z-00-DX1,,EGFR,376,0.4601063829787234
TCGA-CN-A63T-01Z-00-DX1,TCGA-CN-A63T-01Z-00-DX1,,Estrogen,376,0.9547872340425532
TCGA-CN-A63T-01Z-00-DX1,TCGA-CN-A63T-01Z-00-DX1,,Hypoxia,376,0.8351063829787234
TCGA-CN-A63T-01Z-00-DX1,TCGA-CN-A63T-01Z-00-DX1,,JAK-STAT,376,0.5585106382978723
TCGA-CN-A63T-01Z-00-DX1,TCGA-CN-A63T-01Z-00-DX1,,MAPK,376,0.17287234042553193
TCGA-CN-A63T-01Z-00-DX1,TCGA-CN-A63T-01Z-00-DX1,,NFkB,376,0.015957446808510637
TCGA-CN-A63T-01Z-00-DX1,TCGA-CN-A63T-01Z-00-DX1,,PI3K,376,0.300531914893617
TCGA-CN-A63T-01Z-00-DX1,TCGA-CN-A63T-01Z-00-DX1,,TGFb,376,0.4867021276595745
TCGA-CN-A63T-01Z-00-DX1,TCGA-CN-A63T-01Z-00-DX1,,TNFa,376,0.10638297872340426
TCGA-CN-A63T-01Z-00-DX1,TCGA-CN-A63T-01Z-00-DX1,,Trail,376,0.2579787234042553
TCGA-CN-A63T-01Z-00-DX1,TCGA-CN-A63T-01Z-00-DX1,,VEGF,376,0.2553191489361702
TCGA-CN-A63T-01Z-00-DX1,TCGA-CN-A63T-01Z-00-DX1,,WNT,376,0.08244680851063829
TCGA-CN-A63T-01Z-00-DX1,TCGA-CN-A63T-01Z-00-DX1,,p53,376,0.22606382978723405
TCGA-CN-A63U-01Z-00-DX1,TCGA-CN-A63U-01Z-00-DX1,,Androgen,600,0.5016666666666667
TCGA-CN-A63U-01Z-00-DX1,TCGA-CN-A63U-01Z-00-DX1,,EGFR,600,0.8183333333333334
TCGA-CN-A63U-01Z-00-DX1,TCGA-CN-A63U-01Z-00-DX1,,Estrogen,600,0.9966666666666667
TCGA-CN-A63U-01Z-00-DX1,TCGA-CN-A63U-01Z-00-DX1,,Hypoxia,600,0.96
TCGA-CN-A63U-01Z-00-DX1,TCGA-CN-A63U-01Z-00-DX1,,JAK-STAT,600,0.12166666666666667
TCGA-CN-A63U-01Z-00-DX1,TCGA-CN-A63U-01Z-00-DX1,,MAPK,600,0.8416666666666667
TCGA-CN-A63U-01Z-00-DX1,TCGA-CN-A63U-01Z-00-DX1,,NFkB,600,0.5283333333333333
TCGA-CN-A63U-01Z-00-DX1,TCGA-CN-A63U-01Z-00-DX1,,PI3K,600,0.7783333333333333
TCGA-CN-A63U-01Z-00-DX1,TCGA-CN-A63U-01Z-00-DX1,,TGFb,600,0.4266666666666667
TCGA-CN-A63U-01Z-00-DX1,TCGA-CN-A63U-01Z-00-DX1,,TNFa,600,0.415
TCGA-CN-A63U-01Z-00-DX1,TCGA-CN-A63U-01Z-00-DX1,,Trail,600,0.23166666666666666
TCGA-CN-A63U-01Z-00-DX1,TCGA-CN-A63U-01Z-00-DX1,,VEGF,600,0.40166666666666667
TCGA-CN-A63U-01Z-00-DX1,TCGA-CN-A63U-01Z-00-DX1,,WNT,600,0.18166666666666667
TCGA-CN-A63U-01Z-00-DX1,TCGA-CN-A63U-01Z-00-DX1,,p53,600,0.23166666666666666
TCGA-CN-A63V-01Z-00-DX1,TCGA-CN-A63V-01Z-00-DX1,,Androgen,2236,0.686046511627907
TCGA-CN-A63V-01Z-00-DX1,TCGA-CN-A63V-01Z-00-DX1,,EGFR,2236,0.36583184257602863
TCGA-CN-A63V-01Z-00-DX1,TCGA-CN-A63V-01Z-00-DX1,,Estrogen,2236,0.1462432915921288
TCGA-CN-A63V-01Z-00-DX1,TCGA-CN-A63V-01Z-00-DX1,,Hypoxia,2236,0.7822003577817531
TCGA-CN-A63V-01Z-00-DX1,TCGA-CN-A63V-01Z-00-DX1,,JAK-STAT,2236,0.24821109123434704
TCGA-CN-A63V-01Z-00-DX1,TCGA-CN-A63V-01Z-00-DX1,,MAPK,2236,0.5621645796064401
TCGA-CN-A63V-01Z-00-DX1,TCGA-CN-A63V-01Z-00-DX1,,NFkB,2236,0.24016100178890876
TCGA-CN-A63V-01Z-00-DX1,TCGA-CN-A63V-01Z-00-DX1,,PI3K,2236,0.27325581395348836
TCGA-CN-A63V-01Z-00-DX1,TCGA-CN-A63V-01Z-00-DX1,,TGFb,2236,0.6216457960644007
TCGA-CN-A63V-01Z-00-DX1,TCGA-CN-A63V-01Z-00-DX1,,TNFa,2236,0.4749552772808587
TCGA-CN-A63V-01Z-00-DX1,TCGA-CN-A63V-01Z-00-DX1,,Trail,2236,0.26028622540250446
TCGA-CN-A63V-01Z-00-DX1,TCGA-CN-A63V-01Z-00-DX1,,VEGF,2236,0.5035778175313059
TCGA-CN-A63V-01Z-00-DX1,TCGA-CN-A63V-01Z-00-DX1,,WNT,2236,0.13595706618962433
TCGA-CN-A63V-01Z-00-DX1,TCGA-CN-A63V-01Z-00-DX1,,p53,2236,0.0022361359570661895
TCGA-CN-A63W-01Z-00-DX1,TCGA-CN-A63W-01Z-00-DX1,,Androgen,1001,0.39760239760239763
TCGA-CN-A63W-01Z-00-DX1,TCGA-CN-A63W-01Z-00-DX1,,EGFR,1001,0.7812187812187812
TCGA-CN-A63W-01Z-00-DX1,TCGA-CN-A63W-01Z-00-DX1,,Estrogen,1001,0.25674325674325676
TCGA-CN-A63W-01Z-00-DX1,TCGA-CN-A63W-01Z-00-DX1,,Hypoxia,1001,0.3886113886113886
TCGA-CN-A63W-01Z-00-DX1,TCGA-CN-A63W-01Z-00-DX1,,JAK-STAT,1001,0.07292707292707293
TCGA-CN-A63W-01Z-00-DX1,TCGA-CN-A63W-01Z-00-DX1,,MAPK,1001,0.23076923076923078
TCGA-CN-A63W-01Z-00-DX1,TCGA-CN-A63W-01Z-00-DX1,,NFkB,1001,0.03696303696303696
TCGA-CN-A63W-01Z-00-DX1,TCGA-CN-A63W-01Z-00-DX1,,PI3K,1001,0.4885114885114885
TCGA-CN-A63W-01Z-00-DX1,TCGA-CN-A63W-01Z-00-DX1,,TGFb,1001,0.4775224775224775
TCGA-CN-A63W-01Z-00-DX1,TCGA-CN-A63W-01Z-00-DX1,,TNFa,1001,0.016983016983016984
TCGA-CN-A63W-01Z-00-DX1,TCGA-CN-A63W-01Z-00-DX1,,Trail,1001,0.5814185814185814
TCGA-CN-A63W-01Z-00-DX1,TCGA-CN-A63W-01Z-00-DX1,,VEGF,1001,0.7662337662337663
TCGA-CN-A63W-01Z-00-DX1,TCGA-CN-A63W-01Z-00-DX1,,WNT,1001,0.14785214785214784
TCGA-CN-A63W-01Z-00-DX1,TCGA-CN-A63W-01Z-00-DX1,,p53,1001,0.023976023976023976
TCGA-CN-A641-01Z-00-DX1,TCGA-CN-A641-01Z-00-DX1,,Androgen,1177,0.5004248088360238
TCGA-CN-A641-01Z-00-DX1,TCGA-CN-A641-01Z-00-DX1,,EGFR,1177,0.6032285471537808
TCGA-CN-A641-01Z-00-DX1,TCGA-CN-A641-01Z-00-DX1,,Estrogen,1177,0.9923534409515717
TCGA-CN-A641-01Z-00-DX1,TCGA-CN-A641-01Z-00-DX1,,Hypoxia,1177,0.8283772302463891
TCGA-CN-A641-01Z-00-DX1,TCGA-CN-A641-01Z-00-DX1,,JAK-STAT,1177,0.13423959218351741
TCGA-CN-A641-01Z-00-DX1,TCGA-CN-A641-01Z-00-DX1,,MAPK,1177,0.4010195412064571
TCGA-CN-A641-01Z-00-DX1,TCGA-CN-A641-01Z-00-DX1,,NFkB,1177,0.08326253186066271
TCGA-CN-A641-01Z-00-DX1,TCGA-CN-A641-01Z-00-DX1,,PI3K,1177,0.5480033984706882
TCGA-CN-A641-01Z-00-DX1,TCGA-CN-A641-01Z-00-DX1,,TGFb,1177,0.21495327102803738
TCGA-CN-A641-01Z-00-DX1,TCGA-CN-A641-01Z-00-DX1,,TNFa,1177,0.12404418011894647
TCGA-CN-A641-01Z-00-DX1,TCGA-CN-A641-01Z-00-DX1,,Trail,1177,0.18946474086661003
TCGA-CN-A641-01Z-00-DX1,TCGA-CN-A641-01Z-00-DX1,,VEGF,1177,0.11045029736618521
TCGA-CN-A641-01Z-00-DX1,TCGA-CN-A641-01Z-00-DX1,,WNT,1177,0.4876805437553101
TCGA-CN-A641-01Z-00-DX1,TCGA-CN-A641-01Z-00-DX1,,p53,1177,0.6185216652506372
TCGA-CN-A642-01Z-00-DX1,TCGA-CN-A642-01Z-00-DX1,,Androgen,3229,0.39021368844843607
TCGA-CN-A642-01Z-00-DX1,TCGA-CN-A642-01Z-00-DX1,,EGFR,3229,0.23536698668318365
TCGA-CN-A642-01Z-00-DX1,TCGA-CN-A642-01Z-00-DX1,,Estrogen,3229,0.24961288324558686
TCGA-CN-A642-01Z-00-DX1,TCGA-CN-A642-01Z-00-DX1,,Hypoxia,3229,0.39145246206255807
TCGA-CN-A642-01Z-00-DX1,TCGA-CN-A642-01Z-00-DX1,,JAK-STAT,3229,0.5856302260761845
TCGA-CN-A642-01Z-00-DX1,TCGA-CN-A642-01Z-00-DX1,,MAPK,3229,0.22328894394549395
TCGA-CN-A642-01Z-00-DX1,TCGA-CN-A642-01Z-00-DX1,,NFkB,3229,0.021678538247135337
TCGA-CN-A642-01Z-00-DX1,TCGA-CN-A642-01Z-00-DX1,,PI3K,3229,0.23072158563022607
TCGA-CN-A642-01Z-00-DX1,TCGA-CN-A642-01Z-00-DX1,,TGFb,3229,0.11985134716630536
TCGA-CN-A642-01Z-00-DX1,TCGA-CN-A642-01Z-00-DX1,,TNFa,3229,0.00836172189532363
TCGA-CN-A642-01Z-00-DX1,TCGA-CN-A642-01Z-00-DX1,,Trail,3229,0.1808609476618148
TCGA-CN-A642-01Z-00-DX1,TCGA-CN-A642-01Z-00-DX1,,VEGF,3229,0.7386187674202539
TCGA-CN-A642-01Z-00-DX1,TCGA-CN-A642-01Z-00-DX1,,WNT,3229,0.07463611025085165
TCGA-CN-A642-01Z-00-DX1,TCGA-CN-A642-01Z-00-DX1,,p53,3229,0.0
TCGA-CQ-5325-01Z-00-DX1,TCGA-CQ-5325-01Z-00-DX1,,Androgen,2068,0.38104448742746616
TCGA-CQ-5325-01Z-00-DX1,TCGA-CQ-5325-01Z-00-DX1,,EGFR,2068,0.19777562862669246
TCGA-CQ-5325-01Z-00-DX1,TCGA-CQ-5325-01Z-00-DX1,,Estrogen,2068,0.2640232108317215
TCGA-CQ-5325-01Z-00-DX1,TCGA-CQ-5325-01Z-00-DX1,,Hypoxia,2068,0.059961315280464215
TCGA-CQ-5325-01Z-00-DX1,TCGA-CQ-5325-01Z-00-DX1,,JAK-STAT,2068,0.9550290135396519
TCGA-CQ-5325-01Z-00-DX1,TCGA-CQ-5325-01Z-00-DX1,,MAPK,2068,0.39893617021276595
TCGA-CQ-5325-01Z-00-DX1,TCGA-CQ-5325-01Z-00-DX1,,NFkB,2068,0.3176982591876209
TCGA-CQ-5325-01Z-00-DX1,TCGA-CQ-5325-01Z-00-DX1,,PI3K,2068,0.01160541586073501
TCGA-CQ-5325-01Z-00-DX1,TCGA-CQ-5325-01Z-00-DX1,,TGFb,2068,0.037717601547388784
TCGA-CQ-5325-01Z-00-DX1,TCGA-CQ-5325-01Z-00-DX1,,TNFa,2068,0.6276595744680851
TCGA-CQ-5325-01Z-00-DX1,TCGA-CQ-5325-01Z-00-DX1,,Trail,2068,0.6382978723404256
TCGA-CQ-5325-01Z-00-DX1,TCGA-CQ-5325-01Z-00-DX1,,VEGF,2068,0.35106382978723405
TCGA-CQ-5325-01Z-00-DX1,TCGA-CQ-5325-01Z-00-DX1,,WNT,2068,0.8060928433268859
TCGA-CQ-5325-01Z-00-DX1,TCGA-CQ-5325-01Z-00-DX1,,p53,2068,0.33704061895551257
TCGA-CQ-5326-01Z-00-DX1,TCGA-CQ-5326-01Z-00-DX1,,Androgen,985,0.3522842639593909
TCGA-CQ-5326-01Z-00-DX1,TCGA-CQ-5326-01Z-00-DX1,,EGFR,985,0.7401015228426396
TCGA-CQ-5326-01Z-00-DX1,TCGA-CQ-5326-01Z-00-DX1,,Estrogen,985,0.35736040609137054
TCGA-CQ-5326-01Z-00-DX1,TCGA-CQ-5326-01Z-00-DX1,,Hypoxia,985,0.5137055837563452
TCGA-CQ-5326-01Z-00-DX1,TCGA-CQ-5326-01Z-00-DX1,,JAK-STAT,985,0.732994923857868
TCGA-CQ-5326-01Z-00-DX1,TCGA-CQ-5326-01Z-00-DX1,,MAPK,985,0.8578680203045685
TCGA-CQ-5326-01Z-00-DX1,TCGA-CQ-5326-01Z-00-DX1,,NFkB,985,0.550253807106599
TCGA-CQ-5326-01Z-00-DX1,TCGA-CQ-5326-01Z-00-DX1,,PI3K,985,0.014213197969543147
TCGA-CQ-5326-01Z-00-DX1,TCGA-CQ-5326-01Z-00-DX1,,TGFb,985,0.049746192893401014
TCGA-CQ-5326-01Z-00-DX1,TCGA-CQ-5326-01Z-00-DX1,,TNFa,985,0.8081218274111676
TCGA-CQ-5326-01Z-00-DX1,TCGA-CQ-5326-01Z-00-DX1,,Trail,985,0.1634517766497462
TCGA-CQ-5326-01Z-00-DX1,TCGA-CQ-5326-01Z-00-DX1,,VEGF,985,0.5096446700507614
TCGA-CQ-5326-01Z-00-DX1,TCGA-CQ-5326-01Z-00-DX1,,WNT,985,0.5685279187817259
TCGA-CQ-5326-01Z-00-DX1,TCGA-CQ-5326-01Z-00-DX1,,p53,985,0.31065989847715736
TCGA-CQ-5329-01Z-00-DX1,TCGA-CQ-5329-01Z-00-DX1,,Androgen,2074,0.0935390549662488
TCGA-CQ-5329-01Z-00-DX1,TCGA-CQ-5329-01Z-00-DX1,,EGFR,2074,0.05014464802314368
TCGA-CQ-5329-01Z-00-DX1,TCGA-CQ-5329-01Z-00-DX1,,Estrogen,2074,0.3273866923818708
TCGA-CQ-5329-01Z-00-DX1,TCGA-CQ-5329-01Z-00-DX1,,Hypoxia,2074,0.2844744455159113
TCGA-CQ-5329-01Z-00-DX1,TCGA-CQ-5329-01Z-00-DX1,,JAK-STAT,2074,0.8596914175506268
TCGA-CQ-5329-01Z-00-DX1,TCGA-CQ-5329-01Z-00-DX1,,MAPK,2074,0.2685631629701061
TCGA-CQ-5329-01Z-00-DX1,TCGA-CQ-5329-01Z-00-DX1,,NFkB,2074,0.26229508196721313
TCGA-CQ-5329-01Z-00-DX1,TCGA-CQ-5329-01Z-00-DX1,,PI3K,2074,0.5655737704918032
TCGA-CQ-5329-01Z-00-DX1,TCGA-CQ-5329-01Z-00-DX1,,TGFb,2074,0.0
TCGA-CQ-5329-01Z-00-DX1,TCGA-CQ-5329-01Z-00-DX1,,TNFa,2074,0.5458052073288332
TCGA-CQ-5329-01Z-00-DX1,TCGA-CQ-5329-01Z-00-DX1,,Trail,2074,0.47878495660559306
TCGA-CQ-5329-01Z-00-DX1,TCGA-CQ-5329-01Z-00-DX1,,VEGF,2074,0.38428158148505304
TCGA-CQ-5329-01Z-00-DX1,TCGA-CQ-5329-01Z-00-DX1,,WNT,2074,0.3413693346190935
TCGA-CQ-5329-01Z-00-DX1,TCGA-CQ-5329-01Z-00-DX1,,p53,2074,0.10655737704918032
TCGA-CQ-5330-01Z-00-DX1,TCGA-CQ-5330-01Z-00-DX1,,Androgen,2037,0.18507609229258715
TCGA-CQ-5330-01Z-00-DX1,TCGA-CQ-5330-01Z-00-DX1,,EGFR,2037,0.616593028964163
TCGA-CQ-5330-01Z-00-DX1,TCGA-CQ-5330-01Z-00-DX1,,Estrogen,2037,0.10063819342169858
TCGA-CQ-5330-01Z-00-DX1,TCGA-CQ-5330-01Z-00-DX1,,Hypoxia,2037,0.5792832596956309
TCGA-CQ-5330-01Z-00-DX1,TCGA-CQ-5330-01Z-00-DX1,,JAK-STAT,2037,0.29062346588119786
TCGA-CQ-5330-01Z-00-DX1,TCGA-CQ-5330-01Z-00-DX1,,MAPK,2037,0.8370152184585175
TCGA-CQ-5330-01Z-00-DX1,TCGA-CQ-5330-01Z-00-DX1,,NFkB,2037,0.4536082474226804
TCGA-CQ-5330-01Z-00-DX1,TCGA-CQ-5330-01Z-00-DX1,,PI3K,2037,0.625920471281296
TCGA-CQ-5330-01Z-00-DX1,TCGA-CQ-5330-01Z-00-DX1,,TGFb,2037,0.3549337260677467
TCGA-CQ-5330-01Z-00-DX1,TCGA-CQ-5330-01Z-00-DX1,,TNFa,2037,0.7511045655375552
TCGA-CQ-5330-01Z-00-DX1,TCGA-CQ-5330-01Z-00-DX1,,Trail,2037,0.7511045655375552
TCGA-CQ-5330-01Z-00-DX1,TCGA-CQ-5330-01Z-00-DX1,,VEGF,2037,0.7520864015709376
TCGA-CQ-5330-01Z-00-DX1,TCGA-CQ-5330-01Z-00-DX1,,WNT,2037,0.20667648502700048
TCGA-CQ-5330-01Z-00-DX1,TCGA-CQ-5330-01Z-00-DX1,,p53,2037,0.004418262150220913
TCGA-CQ-5331-01Z-00-DX1,TCGA-CQ-5331-01Z-00-DX1,,Androgen,1971,0.24759005580923388
TCGA-CQ-5331-01Z-00-DX1,TCGA-CQ-5331-01Z-00-DX1,,EGFR,1971,0.14104515474378487
TCGA-CQ-5331-01Z-00-DX1,TCGA-CQ-5331-01Z-00-DX1,,Estrogen,1971,0.26534753932014205
TCGA-CQ-5331-01Z-00-DX1,TCGA-CQ-5331-01Z-00-DX1,,Hypoxia,1971,0.07407407407407407
TCGA-CQ-5331-01Z-00-DX1,TCGA-CQ-5331-01Z-00-DX1,,JAK-STAT,1971,0.7828513444951801
TCGA-CQ-5331-01Z-00-DX1,TCGA-CQ-5331-01Z-00-DX1,,MAPK,1971,0.7940131912734653
TCGA-CQ-5331-01Z-00-DX1,TCGA-CQ-5331-01Z-00-DX1,,NFkB,1971,0.313039066463724
TCGA-CQ-5331-01Z-00-DX1,TCGA-CQ-5331-01Z-00-DX1,,PI3K,1971,0.17605276509386097
TCGA-CQ-5331-01Z-00-DX1,TCGA-CQ-5331-01Z-00-DX1,,TGFb,1971,0.013191273465246067
TCGA-CQ-5331-01Z-00-DX1,TCGA-CQ-5331-01Z-00-DX1,,TNFa,1971,0.8579401319127347
TCGA-CQ-5331-01Z-00-DX1,TCGA-CQ-5331-01Z-00-DX1,,Trail,1971,0.0197869101978691
TCGA-CQ-5331-01Z-00-DX1,TCGA-CQ-5331-01Z-00-DX1,,VEGF,1971,0.6641298833079655
TCGA-CQ-5331-01Z-00-DX1,TCGA-CQ-5331-01Z-00-DX1,,WNT,1971,0.7828513444951801
TCGA-CQ-5331-01Z-00-DX1,TCGA-CQ-5331-01Z-00-DX1,,p53,1971,0.6301369863013698
TCGA-CQ-5332-01Z-00-DX1,TCGA-CQ-5332-01Z-00-DX1,,Androgen,4119,0.5234280165088614
TCGA-CQ-5332-01Z-00-DX1,TCGA-CQ-5332-01Z-00-DX1,,EGFR,4119,0.40786598689002185
TCGA-CQ-5332-01Z-00-DX1,TCGA-CQ-5332-01Z-00-DX1,,Estrogen,4119,0.9786355911629037
TCGA-CQ-5332-01Z-00-DX1,TCGA-CQ-5332-01Z-00-DX1,,Hypoxia,4119,0.6285506190823015
TCGA-CQ-5332-01Z-00-DX1,TCGA-CQ-5332-01Z-00-DX1,,JAK-STAT,4119,0.3005583879582423
TCGA-CQ-5332-01Z-00-DX1,TCGA-CQ-5332-01Z-00-DX1,,MAPK,4119,0.07696042728817674
TCGA-CQ-5332-01Z-00-DX1,TCGA-CQ-5332-01Z-00-DX1,,NFkB,4119,0.12235979606700656
TCGA-CQ-5332-01Z-00-DX1,TCGA-CQ-5332-01Z-00-DX1,,PI3K,4119,0.2498179169701384
TCGA-CQ-5332-01Z-00-DX1,TCGA-CQ-5332-01Z-00-DX1,,TGFb,4119,0.28040786598689005
TCGA-CQ-5332-01Z-00-DX1,TCGA-CQ-5332-01Z-00-DX1,,TNFa,4119,0.4321437242049041
TCGA-CQ-5332-01Z-00-DX1,TCGA-CQ-5332-01Z-00-DX1,,Trail,4119,0.3190094683175528
TCGA-CQ-5332-01Z-00-DX1,TCGA-CQ-5332-01Z-00-DX1,,VEGF,4119,0.4860403010439427
TCGA-CQ-5332-01Z-00-DX1,TCGA-CQ-5332-01Z-00-DX1,,WNT,4119,0.18184025248846808
TCGA-CQ-5332-01Z-00-DX1,TCGA-CQ-5332-01Z-00-DX1,,p53,4119,0.21412964311726146
TCGA-CQ-5333-01Z-00-DX1,TCGA-CQ-5333-01Z-00-DX1,,Androgen,2908,0.6626547455295736
TCGA-CQ-5333-01Z-00-DX1,TCGA-CQ-5333-01Z-00-DX1,,EGFR,2908,0.1953232462173315
TCGA-CQ-5333-01Z-00-DX1,TCGA-CQ-5333-01Z-00-DX1,,Estrogen,2908,0.19807427785419532
TCGA-CQ-5333-01Z-00-DX1,TCGA-CQ-5333-01Z-00-DX1,,Hypoxia,2908,0.15715268225584594
TCGA-CQ-5333-01Z-00-DX1,TCGA-CQ-5333-01Z-00-DX1,,JAK-STAT,2908,0.8459422283356258
TCGA-CQ-5333-01Z-00-DX1,TCGA-CQ-5333-01Z-00-DX1,,MAPK,2908,0.16987620357634112
TCGA-CQ-5333-01Z-00-DX1,TCGA-CQ-5333-01Z-00-DX1,,NFkB,2908,0.42331499312242094
TCGA-CQ-5333-01Z-00-DX1,TCGA-CQ-5333-01Z-00-DX1,,PI3K,2908,0.5808115543328748
TCGA-CQ-5333-01Z-00-DX1,TCGA-CQ-5333-01Z-00-DX1,,TGFb,2908,0.2551581843191197
TCGA-CQ-5333-01Z-00-DX1,TCGA-CQ-5333-01Z-00-DX1,,TNFa,2908,0.6313617606602476
TCGA-CQ-5333-01Z-00-DX1,TCGA-CQ-5333-01Z-00-DX1,,Trail,2908,0.6633425034387895
TCGA-CQ-5333-01Z-00-DX1,TCGA-CQ-5333-01Z-00-DX1,,VEGF,2908,0.5581155433287482
TCGA-CQ-5333-01Z-00-DX1,TCGA-CQ-5333-01Z-00-DX1,,WNT,2908,0.5257909215955984
TCGA-CQ-5333-01Z-00-DX1,TCGA-CQ-5333-01Z-00-DX1,,p53,2908,0.056052269601100414
TCGA-CQ-5334-01Z-00-DX1,TCGA-CQ-5334-01Z-00-DX1,,Androgen,4086,0.40406265296133137
TCGA-CQ-5334-01Z-00-DX1,TCGA-CQ-5334-01Z-00-DX1,,EGFR,4086,0.39476260401370533
TCGA-CQ-5334-01Z-00-DX1,TCGA-CQ-5334-01Z-00-DX1,,Estrogen,4086,0.22418012726382772
TCGA-CQ-5334-01Z-00-DX1,TCGA-CQ-5334-01Z-00-DX1,,Hypoxia,4086,0.17351933431228586
TCGA-CQ-5334-01Z-00-DX1,TCGA-CQ-5334-01Z-00-DX1,,JAK-STAT,4086,0.45766030347528147
TCGA-CQ-5334-01Z-00-DX1,TCGA-CQ-5334-01Z-00-DX1,,MAPK,4086,0.5477239353891337
TCGA-CQ-5334-01Z-00-DX1,TCGA-CQ-5334-01Z-00-DX1,,NFkB,4086,0.2692119432207538
TCGA-CQ-5334-01Z-00-DX1,TCGA-CQ-5334-01Z-00-DX1,,PI3K,4086,0.5115026921194322
TCGA-CQ-5334-01Z-00-DX1,TCGA-CQ-5334-01Z-00-DX1,,TGFb,4086,0.04968184043073911
TCGA-CQ-5334-01Z-00-DX1,TCGA-CQ-5334-01Z-00-DX1,,TNFa,4086,0.5545766030347529
TCGA-CQ-5334-01Z-00-DX1,TCGA-CQ-5334-01Z-00-DX1,,Trail,4086,0.33259911894273125
TCGA-CQ-5334-01Z-00-DX1,TCGA-CQ-5334-01Z-00-DX1,,VEGF,4086,0.24326970141948115
TCGA-CQ-5334-01Z-00-DX1,TCGA-CQ-5334-01Z-00-DX1,,WNT,4086,0.18306412139011258
TCGA-CQ-5334-01Z-00-DX1,TCGA-CQ-5334-01Z-00-DX1,,p53,4086,0.17131669114047968
TCGA-CQ-6218-01Z-00-DX1,TCGA-CQ-6218-01Z-00-DX1,,Androgen,14,0.5714285714285714
TCGA-CQ-6218-01Z-00-DX1,TCGA-CQ-6218-01Z-00-DX1,,EGFR,14,0.5714285714285714
TCGA-CQ-6218-01Z-00-DX1,TCGA-CQ-6218-01Z-00-DX1,,Estrogen,14,0.0
TCGA-CQ-6218-01Z-00-DX1,TCGA-CQ-6218-01Z-00-DX1,,Hypoxia,14,0.35714285714285715
TCGA-CQ-6218-01Z-00-DX1,TCGA-CQ-6218-01Z-00-DX1,,JAK-STAT,14,0.0
TCGA-CQ-6218-01Z-00-DX1,TCGA-CQ-6218-01Z-00-DX1,,MAPK,14,0.7857142857142857
TCGA-CQ-6218-01Z-00-DX1,TCGA-CQ-6218-01Z-00-DX1,,NFkB,14,0.14285714285714285
TCGA-CQ-6218-01Z-00-DX1,TCGA-CQ-6218-01Z-00-DX1,,PI3K,14,0.7142857142857143
TCGA-CQ-6218-01Z-00-DX1,TCGA-CQ-6218-01Z-00-DX1,,TGFb,14,0.0
TCGA-CQ-6218-01Z-00-DX1,TCGA-CQ-6218-01Z-00-DX1,,TNFa,14,0.35714285714285715
TCGA-CQ-6218-01Z-00-DX1,TCGA-CQ-6218-01Z-00-DX1,,Trail,14,0.7857142857142857
TCGA-CQ-6218-01Z-00-DX1,TCGA-CQ-6218-01Z-00-DX1,,VEGF,14,0.8571428571428571
TCGA-CQ-6218-01Z-00-DX1,TCGA-CQ-6218-01Z-00-DX1,,WNT,14,0.2857142857142857
TCGA-CQ-6218-01Z-00-DX1,TCGA-CQ-6218-01Z-00-DX1,,p53,14,1.0
TCGA-CQ-6220-01Z-00-DX1,TCGA-CQ-6220-01Z-00-DX1,,Androgen,4429,0.5324000903138406
TCGA-CQ-6220-01Z-00-DX1,TCGA-CQ-6220-01Z-00-DX1,,EGFR,4429,0.5362384285391736
TCGA-CQ-6220-01Z-00-DX1,TCGA-CQ-6220-01Z-00-DX1,,Estrogen,4429,0.369609392639422
TCGA-CQ-6220-01Z-00-DX1,TCGA-CQ-6220-01Z-00-DX1,,Hypoxia,4429,0.2951004741476631
TCGA-CQ-6220-01Z-00-DX1,TCGA-CQ-6220-01Z-00-DX1,,JAK-STAT,4429,0.42718446601941745
TCGA-CQ-6220-01Z-00-DX1,TCGA-CQ-6220-01Z-00-DX1,,MAPK,4429,0.5755249491984646
TCGA-CQ-6220-01Z-00-DX1,TCGA-CQ-6220-01Z-00-DX1,,NFkB,4429,0.26168435312711674
TCGA-CQ-6220-01Z-00-DX1,TCGA-CQ-6220-01Z-00-DX1,,PI3K,4429,0.6324226687739896
TCGA-CQ-6220-01Z-00-DX1,TCGA-CQ-6220-01Z-00-DX1,,TGFb,4429,0.013547076089410703
TCGA-CQ-6220-01Z-00-DX1,TCGA-CQ-6220-01Z-00-DX1,,TNFa,4429,0.8015353352901332
TCGA-CQ-6220-01Z-00-DX1,TCGA-CQ-6220-01Z-00-DX1,,Trail,4429,0.21968841724994356
TCGA-CQ-6220-01Z-00-DX1,TCGA-CQ-6220-01Z-00-DX1,,VEGF,4429,0.29261684353127115
TCGA-CQ-6220-01Z-00-DX1,TCGA-CQ-6220-01Z-00-DX1,,WNT,4429,0.4416346805147889
TCGA-CQ-6220-01Z-00-DX1,TCGA-CQ-6220-01Z-00-DX1,,p53,4429,0.27523142921652743
TCGA-CQ-6223-01Z-00-DX1,TCGA-CQ-6223-01Z-00-DX1,,Androgen,633,0.3854660347551343
TCGA-CQ-6223-01Z-00-DX1,TCGA-CQ-6223-01Z-00-DX1,,EGFR,633,0.334913112164297
TCGA-CQ-6223-01Z-00-DX1,TCGA-CQ-6223-01Z-00-DX1,,Estrogen,633,0.13112164296998421
TCGA-CQ-6223-01Z-00-DX1,TCGA-CQ-6223-01Z-00-DX1,,Hypoxia,633,0.19273301737756715
TCGA-CQ-6223-01Z-00-DX1,TCGA-CQ-6223-01Z-00-DX1,,JAK-STAT,633,0.6003159557661928
TCGA-CQ-6223-01Z-00-DX1,TCGA-CQ-6223-01Z-00-DX1,,MAPK,633,0.5592417061611374
TCGA-CQ-6223-01Z-00-DX1,TCGA-CQ-6223-01Z-00-DX1,,NFkB,633,0.2843601895734597
TCGA-CQ-6223-01Z-00-DX1,TCGA-CQ-6223-01Z-00-DX1,,PI3K,633,0.061611374407582936
TCGA-CQ-6223-01Z-00-DX1,TCGA-CQ-6223-01Z-00-DX1,,TGFb,633,0.00631911532385466
TCGA-CQ-6223-01Z-00-DX1,TCGA-CQ-6223-01Z-00-DX1,,TNFa,633,0.641390205371248
TCGA-CQ-6223-01Z-00-DX1,TCGA-CQ-6223-01Z-00-DX1,,Trail,633,0.28278041074249605
TCGA-CQ-6223-01Z-00-DX1,TCGA-CQ-6223-01Z-00-DX1,,VEGF,633,0.4470774091627172
TCGA-CQ-6223-01Z-00-DX1,TCGA-CQ-6223-01Z-00-DX1,,WNT,633,0.46445497630331756
TCGA-CQ-6223-01Z-00-DX1,TCGA-CQ-6223-01Z-00-DX1,,p53,633,0.6903633491311216
TCGA-CQ-6224-01Z-00-DX1,TCGA-CQ-6224-01Z-00-DX1,,Androgen,508,0.6889763779527559
TCGA-CQ-6224-01Z-00-DX1,TCGA-CQ-6224-01Z-00-DX1,,EGFR,508,0.38976377952755903
TCGA-CQ-6224-01Z-00-DX1,TCGA-CQ-6224-01Z-00-DX1,,Estrogen,508,0.889763779527559
TCGA-CQ-6224-01Z-00-DX1,TCGA-CQ-6224-01Z-00-DX1,,Hypoxia,508,0.5570866141732284
TCGA-CQ-6224-01Z-00-DX1,TCGA-CQ-6224-01Z-00-DX1,,JAK-STAT,508,0.6023622047244095
TCGA-CQ-6224-01Z-00-DX1,TCGA-CQ-6224-01Z-00-DX1,,MAPK,508,0.3956692913385827
TCGA-CQ-6224-01Z-00-DX1,TCGA-CQ-6224-01Z-00-DX1,,NFkB,508,0.2106299212598425
TCGA-CQ-6224-01Z-00-DX1,TCGA-CQ-6224-01Z-00-DX1,,PI3K,508,0.2933070866141732
TCGA-CQ-6224-01Z-00-DX1,TCGA-CQ-6224-01Z-00-DX1,,TGFb,508,0.4074803149606299
TCGA-CQ-6224-01Z-00-DX1,TCGA-CQ-6224-01Z-00-DX1,,TNFa,508,0.9271653543307087
TCGA-CQ-6224-01Z-00-DX1,TCGA-CQ-6224-01Z-00-DX1,,Trail,508,0.6358267716535433
TCGA-CQ-6224-01Z-00-DX1,TCGA-CQ-6224-01Z-00-DX1,,VEGF,508,0.7362204724409449
TCGA-CQ-6224-01Z-00-DX1,TCGA-CQ-6224-01Z-00-DX1,,WNT,508,0.3858267716535433
TCGA-CQ-6224-01Z-00-DX1,TCGA-CQ-6224-01Z-00-DX1,,p53,508,0.42322834645669294
TCGA-CQ-6225-01Z-00-DX1,TCGA-CQ-6225-01Z-00-DX1,,Androgen,2346,0.13427109974424553
TCGA-CQ-6225-01Z-00-DX1,TCGA-CQ-6225-01Z-00-DX1,,EGFR,2346,0.6939471440750213
TCGA-CQ-6225-01Z-00-DX1,TCGA-CQ-6225-01Z-00-DX1,,Estrogen,2346,0.1918158567774936
TCGA-CQ-6225-01Z-00-DX1,TCGA-CQ-6225-01Z-00-DX1,,Hypoxia,2346,0.7531969309462916
TCGA-CQ-6225-01Z-00-DX1,TCGA-CQ-6225-01Z-00-DX1,,JAK-STAT,2346,0.014066496163682864
TCGA-CQ-6225-01Z-00-DX1,TCGA-CQ-6225-01Z-00-DX1,,MAPK,2346,0.2587382779198636
TCGA-CQ-6225-01Z-00-DX1,TCGA-CQ-6225-01Z-00-DX1,,NFkB,2346,0.030690537084398978
TCGA-CQ-6225-01Z-00-DX1,TCGA-CQ-6225-01Z-00-DX1,,PI3K,2346,0.2028985507246377
TCGA-CQ-6225-01Z-00-DX1,TCGA-CQ-6225-01Z-00-DX1,,TGFb,2346,0.3431372549019608
TCGA-CQ-6225-01Z-00-DX1,TCGA-CQ-6225-01Z-00-DX1,,TNFa,2346,0.08525149190110827
TCGA-CQ-6225-01Z-00-DX1,TCGA-CQ-6225-01Z-00-DX1,,Trail,2346,0.08610400682011936
TCGA-CQ-6225-01Z-00-DX1,TCGA-CQ-6225-01Z-00-DX1,,VEGF,2346,0.06351236146632566
TCGA-CQ-6225-01Z-00-DX1,TCGA-CQ-6225-01Z-00-DX1,,WNT,2346,0.34398976982097185
TCGA-CQ-6225-01Z-00-DX1,TCGA-CQ-6225-01Z-00-DX1,,p53,2346,0.04092071611253197
TCGA-CQ-6227-01Z-00-DX1,TCGA-CQ-6227-01Z-00-DX1,,Androgen,3833,0.2762848943386381
TCGA-CQ-6227-01Z-00-DX1,TCGA-CQ-6227-01Z-00-DX1,,EGFR,3833,0.6571875815288286
TCGA-CQ-6227-01Z-00-DX1,TCGA-CQ-6227-01Z-00-DX1,,Estrogen,3833,0.6326637098878163
TCGA-CQ-6227-01Z-00-DX1,TCGA-CQ-6227-01Z-00-DX1,,Hypoxia,3833,0.42603704669971304
TCGA-CQ-6227-01Z-00-DX1,TCGA-CQ-6227-01Z-00-DX1,,JAK-STAT,3833,0.8168536394469085
TCGA-CQ-6227-01Z-00-DX1,TCGA-CQ-6227-01Z-00-DX1,,MAPK,3833,0.9472997651969737
TCGA-CQ-6227-01Z-00-DX1,TCGA-CQ-6227-01Z-00-DX1,,NFkB,3833,0.22462822854161232
TCGA-CQ-6227-01Z-00-DX1,TCGA-CQ-6227-01Z-00-DX1,,PI3K,3833,0.013827289329506914
TCGA-CQ-6227-01Z-00-DX1,TCGA-CQ-6227-01Z-00-DX1,,TGFb,3833,0.11296634489955648
TCGA-CQ-6227-01Z-00-DX1,TCGA-CQ-6227-01Z-00-DX1,,TNFa,3833,0.8413775110879207
TCGA-CQ-6227-01Z-00-DX1,TCGA-CQ-6227-01Z-00-DX1,,Trail,3833,0.21106183146360552
TCGA-CQ-6227-01Z-00-DX1,TCGA-CQ-6227-01Z-00-DX1,,VEGF,3833,0.7957213670753979
TCGA-CQ-6227-01Z-00-DX1,TCGA-CQ-6227-01Z-00-DX1,,WNT,3833,0.4409079050352204
TCGA-CQ-6227-01Z-00-DX1,TCGA-CQ-6227-01Z-00-DX1,,p53,3833,0.15888338116357945
TCGA-CQ-6228-01Z-00-DX1,TCGA-CQ-6228-01Z-00-DX1,,Androgen,753,0.6640106241699867
TCGA-CQ-6228-01Z-00-DX1,TCGA-CQ-6228-01Z-00-DX1,,EGFR,753,0.4435590969455511
TCGA-CQ-6228-01Z-00-DX1,TCGA-CQ-6228-01Z-00-DX1,,Estrogen,753,0.45683930942895085
TCGA-CQ-6228-01Z-00-DX1,TCGA-CQ-6228-01Z-00-DX1,,Hypoxia,753,0.21646746347941567
TCGA-CQ-6228-01Z-00-DX1,TCGA-CQ-6228-01Z-00-DX1,,JAK-STAT,753,0.6055776892430279
TCGA-CQ-6228-01Z-00-DX1,TCGA-CQ-6228-01Z-00-DX1,,MAPK,753,0.648074369189907
TCGA-CQ-6228-01Z-00-DX1,TCGA-CQ-6228-01Z-00-DX1,,NFkB,753,0.4249667994687915
TCGA-CQ-6228-01Z-00-DX1,TCGA-CQ-6228-01Z-00-DX1,,PI3K,753,0.19654714475431606
TCGA-CQ-6228-01Z-00-DX1,TCGA-CQ-6228-01Z-00-DX1,,TGFb,753,0.3147410358565737
TCGA-CQ-6228-01Z-00-DX1,TCGA-CQ-6228-01Z-00-DX1,,TNFa,753,0.5298804780876494
TCGA-CQ-6228-01Z-00-DX1,TCGA-CQ-6228-01Z-00-DX1,,Trail,753,0.49800796812749004
TCGA-CQ-6228-01Z-00-DX1,TCGA-CQ-6228-01Z-00-DX1,,VEGF,753,0.15405046480743692
TCGA-CQ-6228-01Z-00-DX1,TCGA-CQ-6228-01Z-00-DX1,,WNT,753,0.7171314741035857
TCGA-CQ-6228-01Z-00-DX1,TCGA-CQ-6228-01Z-00-DX1,,p53,753,0.06374501992031872
TCGA-CQ-6229-01Z-00-DX1,TCGA-CQ-6229-01Z-00-DX1,,Androgen,728,0.10302197802197802
TCGA-CQ-6229-01Z-00-DX1,TCGA-CQ-6229-01Z-00-DX1,,EGFR,728,0.12225274725274725
TCGA-CQ-6229-01Z-00-DX1,TCGA-CQ-6229-01Z-00-DX1,,Estrogen,728,0.2925824175824176
TCGA-CQ-6229-01Z-00-DX1,TCGA-CQ-6229-01Z-00-DX1,,Hypoxia,728,0.14972527472527472
TCGA-CQ-6229-01Z-00-DX1,TCGA-CQ-6229-01Z-00-DX1,,JAK-STAT,728,0.9107142857142857
TCGA-CQ-6229-01Z-00-DX1,TCGA-CQ-6229-01Z-00-DX1,,MAPK,728,0.36813186813186816
TCGA-CQ-6229-01Z-00-DX1,TCGA-CQ-6229-01Z-00-DX1,,NFkB,728,0.40796703296703296
TCGA-CQ-6229-01Z-00-DX1,TCGA-CQ-6229-01Z-00-DX1,,PI3K,728,0.8324175824175825
TCGA-CQ-6229-01Z-00-DX1,TCGA-CQ-6229-01Z-00-DX1,,TGFb,728,0.0
TCGA-CQ-6229-01Z-00-DX1,TCGA-CQ-6229-01Z-00-DX1,,TNFa,728,0.8337912087912088
TCGA-CQ-6229-01Z-00-DX1,TCGA-CQ-6229-01Z-00-DX1,,Trail,728,0.31456043956043955
TCGA-CQ-6229-01Z-00-DX1,TCGA-CQ-6229-01Z-00-DX1,,VEGF,728,0.3324175824175824
TCGA-CQ-6229-01Z-00-DX1,TCGA-CQ-6229-01Z-00-DX1,,WNT,728,0.646978021978022
TCGA-CQ-6229-01Z-00-DX1,TCGA-CQ-6229-01Z-00-DX1,,p53,728,0.16758241758241757
TCGA-CQ-7063-01Z-00-DX1,TCGA-CQ-7063-01Z-00-DX1,,Androgen,610,0.1721311475409836
TCGA-CQ-7063-01Z-00-DX1,TCGA-CQ-7063-01Z-00-DX1,,EGFR,610,0.060655737704918035
TCGA-CQ-7063-01Z-00-DX1,TCGA-CQ-7063-01Z-00-DX1,,Estrogen,610,0.3344262295081967
TCGA-CQ-7063-01Z-00-DX1,TCGA-CQ-7063-01Z-00-DX1,,Hypoxia,610,0.5622950819672131
TCGA-CQ-7063-01Z-00-DX1,TCGA-CQ-7063-01Z-00-DX1,,JAK-STAT,610,0.8918032786885246
TCGA-CQ-7063-01Z-00-DX1,TCGA-CQ-7063-01Z-00-DX1,,MAPK,610,0.41147540983606556
TCGA-CQ-7063-01Z-00-DX1,TCGA-CQ-7063-01Z-00-DX1,,NFkB,610,0.4065573770491803
TCGA-CQ-7063-01Z-00-DX1,TCGA-CQ-7063-01Z-00-DX1,,PI3K,610,0.5950819672131148
TCGA-CQ-7063-01Z-00-DX1,TCGA-CQ-7063-01Z-00-DX1,,TGFb,610,0.0
TCGA-CQ-7063-01Z-00-DX1,TCGA-CQ-7063-01Z-00-DX1,,TNFa,610,0.9245901639344263
TCGA-CQ-7063-01Z-00-DX1,TCGA-CQ-7063-01Z-00-DX1,,Trail,610,0.3918032786885246
TCGA-CQ-7063-01Z-00-DX1,TCGA-CQ-7063-01Z-00-DX1,,VEGF,610,0.5622950819672131
TCGA-CQ-7063-01Z-00-DX1,TCGA-CQ-7063-01Z-00-DX1,,WNT,610,0.018032786885245903
TCGA-CQ-7063-01Z-00-DX1,TCGA-CQ-7063-01Z-00-DX1,,p53,610,0.6967213114754098
TCGA-CQ-7065-01Z-00-DX1,TCGA-CQ-7065-01Z-00-DX1,,Androgen,1548,0.29198966408268734
TCGA-CQ-7065-01Z-00-DX1,TCGA-CQ-7065-01Z-00-DX1,,EGFR,1548,0.060077519379844964
TCGA-CQ-7065-01Z-00-DX1,TCGA-CQ-7065-01Z-00-DX1,,Estrogen,1548,0.3624031007751938
TCGA-CQ-7065-01Z-00-DX1,TCGA-CQ-7065-01Z-00-DX1,,Hypoxia,1548,0.12403100775193798
TCGA-CQ-7065-01Z-00-DX1,TCGA-CQ-7065-01Z-00-DX1,,JAK-STAT,1548,0.8320413436692506
TCGA-CQ-7065-01Z-00-DX1,TCGA-CQ-7065-01Z-00-DX1,,MAPK,1548,0.31266149870801035
TCGA-CQ-7065-01Z-00-DX1,TCGA-CQ-7065-01Z-00-DX1,,NFkB,1548,0.2364341085271318
TCGA-CQ-7065-01Z-00-DX1,TCGA-CQ-7065-01Z-00-DX1,,PI3K,1548,0.7474160206718347
TCGA-CQ-7065-01Z-00-DX1,TCGA-CQ-7065-01Z-00-DX1,,TGFb,1548,0.0
TCGA-CQ-7065-01Z-00-DX1,TCGA-CQ-7065-01Z-00-DX1,,TNFa,1548,0.6085271317829457
TCGA-CQ-7065-01Z-00-DX1,TCGA-CQ-7065-01Z-00-DX1,,Trail,1548,0.6524547803617571
TCGA-CQ-7065-01Z-00-DX1,TCGA-CQ-7065-01Z-00-DX1,,VEGF,1548,0.46963824289405687
TCGA-CQ-7065-01Z-00-DX1,TCGA-CQ-7065-01Z-00-DX1,,WNT,1548,0.562015503875969
TCGA-CQ-7065-01Z-00-DX1,TCGA-CQ-7065-01Z-00-DX1,,p53,1548,0.3016795865633075
TCGA-CQ-7068-01Z-00-DX1,TCGA-CQ-7068-01Z-00-DX1,,Androgen,52,0.4423076923076923
TCGA-CQ-7068-01Z-00-DX1,TCGA-CQ-7068-01Z-00-DX1,,EGFR,52,0.9615384615384616
TCGA-CQ-7068-01Z-00-DX1,TCGA-CQ-7068-01Z-00-DX1,,Estrogen,52,0.6538461538461539
TCGA-CQ-7068-01Z-00-DX1,TCGA-CQ-7068-01Z-00-DX1,,Hypoxia,52,0.038461538461538464
TCGA-CQ-7068-01Z-00-DX1,TCGA-CQ-7068-01Z-00-DX1,,JAK-STAT,52,0.9230769230769231
TCGA-CQ-7068-01Z-00-DX1,TCGA-CQ-7068-01Z-00-DX1,,MAPK,52,0.9615384615384616
TCGA-CQ-7068-01Z-00-DX1,TCGA-CQ-7068-01Z-00-DX1,,NFkB,52,0.5192307692307693
TCGA-CQ-7068-01Z-00-DX1,TCGA-CQ-7068-01Z-00-DX1,,PI3K,52,0.0
TCGA-CQ-7068-01Z-00-DX1,TCGA-CQ-7068-01Z-00-DX1,,TGFb,52,0.0
TCGA-CQ-7068-01Z-00-DX1,TCGA-CQ-7068-01Z-00-DX1,,TNFa,52,0.3076923076923077
TCGA-CQ-7068-01Z-00-DX1,TCGA-CQ-7068-01Z-00-DX1,,Trail,52,0.23076923076923078
TCGA-CQ-7068-01Z-00-DX1,TCGA-CQ-7068-01Z-00-DX1,,VEGF,52,0.6538461538461539
TCGA-CQ-7068-01Z-00-DX1,TCGA-CQ-7068-01Z-00-DX1,,WNT,52,0.5961538461538461
TCGA-CQ-7068-01Z-00-DX1,TCGA-CQ-7068-01Z-00-DX1,,p53,52,0.46153846153846156
TCGA-CQ-7069-01Z-00-DX1,TCGA-CQ-7069-01Z-00-DX1,,Androgen,3970,0.6355163727959697
TCGA-CQ-7069-01Z-00-DX1,TCGA-CQ-7069-01Z-00-DX1,,EGFR,3970,0.6193954659949622
TCGA-CQ-7069-01Z-00-DX1,TCGA-CQ-7069-01Z-00-DX1,,Estrogen,3970,0.15365239294710328
TCGA-CQ-7069-01Z-00-DX1,TCGA-CQ-7069-01Z-00-DX1,,Hypoxia,3970,0.2304785894206549
TCGA-CQ-7069-01Z-00-DX1,TCGA-CQ-7069-01Z-00-DX1,,JAK-STAT,3970,0.26171284634760705
TCGA-CQ-7069-01Z-00-DX1,TCGA-CQ-7069-01Z-00-DX1,,MAPK,3970,0.6201511335012595
TCGA-CQ-7069-01Z-00-DX1,TCGA-CQ-7069-01Z-00-DX1,,NFkB,3970,0.2596977329974811
TCGA-CQ-7069-01Z-00-DX1,TCGA-CQ-7069-01Z-00-DX1,,PI3K,3970,0.715617128463476
TCGA-CQ-7069-01Z-00-DX1,TCGA-CQ-7069-01Z-00-DX1,,TGFb,3970,0.2136020151133501
TCGA-CQ-7069-01Z-00-DX1,TCGA-CQ-7069-01Z-00-DX1,,TNFa,3970,0.7916876574307304
TCGA-CQ-7069-01Z-00-DX1,TCGA-CQ-7069-01Z-00-DX1,,Trail,3970,0.3002518891687657
TCGA-CQ-7069-01Z-00-DX1,TCGA-CQ-7069-01Z-00-DX1,,VEGF,3970,0.6035264483627204
TCGA-CQ-7069-01Z-00-DX1,TCGA-CQ-7069-01Z-00-DX1,,WNT,3970,0.35062972292191436
TCGA-CQ-7069-01Z-00-DX1,TCGA-CQ-7069-01Z-00-DX1,,p53,3970,0.628463476070529
TCGA-CQ-7071-01Z-00-DX1,TCGA-CQ-7071-01Z-00-DX1,,Androgen,22,0.45454545454545453
TCGA-CQ-7071-01Z-00-DX1,TCGA-CQ-7071-01Z-00-DX1,,EGFR,22,0.5454545454545454
TCGA-CQ-7071-01Z-00-DX1,TCGA-CQ-7071-01Z-00-DX1,,Estrogen,22,0.045454545454545456
TCGA-CQ-7071-01Z-00-DX1,TCGA-CQ-7071-01Z-00-DX1,,Hypoxia,22,0.18181818181818182
TCGA-CQ-7071-01Z-00-DX1,TCGA-CQ-7071-01Z-00-DX1,,JAK-STAT,22,0.2727272727272727
TCGA-CQ-7071-01Z-00-DX1,TCGA-CQ-7071-01Z-00-DX1,,MAPK,22,0.5909090909090909
TCGA-CQ-7071-01Z-00-DX1,TCGA-CQ-7071-01Z-00-DX1,,NFkB,22,0.2727272727272727
TCGA-CQ-7071-01Z-00-DX1,TCGA-CQ-7071-01Z-00-DX1,,PI3K,22,0.7727272727272727
TCGA-CQ-7071-01Z-00-DX1,TCGA-CQ-7071-01Z-00-DX1,,TGFb,22,0.18181818181818182
TCGA-CQ-7071-01Z-00-DX1,TCGA-CQ-7071-01Z-00-DX1,,TNFa,22,0.45454545454545453
TCGA-CQ-7071-01Z-00-DX1,TCGA-CQ-7071-01Z-00-DX1,,Trail,22,0.2727272727272727
TCGA-CQ-7071-01Z-00-DX1,TCGA-CQ-7071-01Z-00-DX1,,VEGF,22,0.7727272727272727
TCGA-CQ-7071-01Z-00-DX1,TCGA-CQ-7071-01Z-00-DX1,,WNT,22,0.4090909090909091
TCGA-CQ-7071-01Z-00-DX1,TCGA-CQ-7071-01Z-00-DX1,,p53,22,0.9545454545454546
TCGA-CQ-7072-01Z-00-DX1,TCGA-CQ-7072-01Z-00-DX1,,Androgen,906,0.7781456953642384
TCGA-CQ-7072-01Z-00-DX1,TCGA-CQ-7072-01Z-00-DX1,,EGFR,906,0.47019867549668876
TCGA-CQ-7072-01Z-00-DX1,TCGA-CQ-7072-01Z-00-DX1,,Estrogen,906,0.9889624724061811
TCGA-CQ-7072-01Z-00-DX1,TCGA-CQ-7072-01Z-00-DX1,,Hypoxia,906,0.7527593818984547
TCGA-CQ-7072-01Z-00-DX1,TCGA-CQ-7072-01Z-00-DX1,,JAK-STAT,906,0.26379690949227375
TCGA-CQ-7072-01Z-00-DX1,TCGA-CQ-7072-01Z-00-DX1,,MAPK,906,0.11368653421633554
TCGA-CQ-7072-01Z-00-DX1,TCGA-CQ-7072-01Z-00-DX1,,NFkB,906,0.05849889624724062
TCGA-CQ-7072-01Z-00-DX1,TCGA-CQ-7072-01Z-00-DX1,,PI3K,906,0.23289183222958057
TCGA-CQ-7072-01Z-00-DX1,TCGA-CQ-7072-01Z-00-DX1,,TGFb,906,0.8686534216335541
TCGA-CQ-7072-01Z-00-DX1,TCGA-CQ-7072-01Z-00-DX1,,TNFa,906,0.26048565121412803
TCGA-CQ-7072-01Z-00-DX1,TCGA-CQ-7072-01Z-00-DX1,,Trail,906,0.5938189845474614
TCGA-CQ-7072-01Z-00-DX1,TCGA-CQ-7072-01Z-00-DX1,,VEGF,906,0.37637969094922735
TCGA-CQ-7072-01Z-00-DX1,TCGA-CQ-7072-01Z-00-DX1,,WNT,906,0.23730684326710816
TCGA-CQ-7072-01Z-00-DX1,TCGA-CQ-7072-01Z-00-DX1,,p53,906,0.18432671081677704
TCGA-CQ-A4C6-01Z-00-DX1,TCGA-CQ-A4C6-01Z-00-DX1,,Androgen,1398,0.746065808297568
TCGA-CQ-A4C6-01Z-00-DX1,TCGA-CQ-A4C6-01Z-00-DX1,,EGFR,1398,0.7782546494992847
TCGA-CQ-A4C6-01Z-00-DX1,TCGA-CQ-A4C6-01Z-00-DX1,,Estrogen,1398,0.8547925608011445
TCGA-CQ-A4C6-01Z-00-DX1,TCGA-CQ-A4C6-01Z-00-DX1,,Hypoxia,1398,0.37553648068669526
TCGA-CQ-A4C6-01Z-00-DX1,TCGA-CQ-A4C6-01Z-00-DX1,,JAK-STAT,1398,0.9041487839771102
TCGA-CQ-A4C6-01Z-00-DX1,TCGA-CQ-A4C6-01Z-00-DX1,,MAPK,1398,0.6931330472103004
TCGA-CQ-A4C6-01Z-00-DX1,TCGA-CQ-A4C6-01Z-00-DX1,,NFkB,1398,0.5944206008583691
TCGA-CQ-A4C6-01Z-00-DX1,TCGA-CQ-A4C6-01Z-00-DX1,,PI3K,1398,0.4062947067238913
TCGA-CQ-A4C6-01Z-00-DX1,TCGA-CQ-A4C6-01Z-00-DX1,,TGFb,1398,0.055793991416309016
TCGA-CQ-A4C6-01Z-00-DX1,TCGA-CQ-A4C6-01Z-00-DX1,,TNFa,1398,0.9721030042918455
TCGA-CQ-A4C6-01Z-00-DX1,TCGA-CQ-A4C6-01Z-00-DX1,,Trail,1398,0.3977110157367668
TCGA-CQ-A4C6-01Z-00-DX1,TCGA-CQ-A4C6-01Z-00-DX1,,VEGF,1398,0.8483547925608012
TCGA-CQ-A4C6-01Z-00-DX1,TCGA-CQ-A4C6-01Z-00-DX1,,WNT,1398,0.413447782546495
TCGA-CQ-A4C6-01Z-00-DX1,TCGA-CQ-A4C6-01Z-00-DX1,,p53,1398,0.20600858369098712
TCGA-CQ-A4CB-01Z-00-DX1,TCGA-CQ-A4CB-01Z-00-DX1,,Androgen,816,0.04779411764705882
TCGA-CQ-A4CB-01Z-00-DX1,TCGA-CQ-A4CB-01Z-00-DX1,,EGFR,816,0.14583333333333334
TCGA-CQ-A4CB-01Z-00-DX1,TCGA-CQ-A4CB-01Z-00-DX1,,Estrogen,816,0.48651960784313725
TCGA-CQ-A4CB-01Z-00-DX1,TCGA-CQ-A4CB-01Z-00-DX1,,Hypoxia,816,0.4534313725490196
TCGA-CQ-A4CB-01Z-00-DX1,TCGA-CQ-A4CB-01Z-00-DX1,,JAK-STAT,816,0.7426470588235294
TCGA-CQ-A4CB-01Z-00-DX1,TCGA-CQ-A4CB-01Z-00-DX1,,MAPK,816,0.44730392156862747
TCGA-CQ-A4CB-01Z-00-DX1,TCGA-CQ-A4CB-01Z-00-DX1,,NFkB,816,0.41544117647058826
TCGA-CQ-A4CB-01Z-00-DX1,TCGA-CQ-A4CB-01Z-00-DX1,,PI3K,816,0.2034313725490196
TCGA-CQ-A4CB-01Z-00-DX1,TCGA-CQ-A4CB-01Z-00-DX1,,TGFb,816,0.0
TCGA-CQ-A4CB-01Z-00-DX1,TCGA-CQ-A4CB-01Z-00-DX1,,TNFa,816,0.40441176470588236
TCGA-CQ-A4CB-01Z-00-DX1,TCGA-CQ-A4CB-01Z-00-DX1,,Trail,816,0.46078431372549017
TCGA-CQ-A4CB-01Z-00-DX1,TCGA-CQ-A4CB-01Z-00-DX1,,VEGF,816,0.17524509803921567
TCGA-CQ-A4CB-01Z-00-DX1,TCGA-CQ-A4CB-01Z-00-DX1,,WNT,816,0.04411764705882353
TCGA-CQ-A4CB-01Z-00-DX1,TCGA-CQ-A4CB-01Z-00-DX1,,p53,816,0.13970588235294118
TCGA-CQ-A4CD-01Z-00-DX1,TCGA-CQ-A4CD-01Z-00-DX1,,Androgen,1356,0.4948377581120944
TCGA-CQ-A4CD-01Z-00-DX1,TCGA-CQ-A4CD-01Z-00-DX1,,EGFR,1356,0.4019174041297935
TCGA-CQ-A4CD-01Z-00-DX1,TCGA-CQ-A4CD-01Z-00-DX1,,Estrogen,1356,0.9712389380530974
TCGA-CQ-A4CD-01Z-00-DX1,TCGA-CQ-A4CD-01Z-00-DX1,,Hypoxia,1356,0.6047197640117994
TCGA-CQ-A4CD-01Z-00-DX1,TCGA-CQ-A4CD-01Z-00-DX1,,JAK-STAT,1356,0.948377581120944
TCGA-CQ-A4CD-01Z-00-DX1,TCGA-CQ-A4CD-01Z-00-DX1,,MAPK,1356,0.7802359882005899
TCGA-CQ-A4CD-01Z-00-DX1,TCGA-CQ-A4CD-01Z-00-DX1,,NFkB,1356,0.049410029498525077
TCGA-CQ-A4CD-01Z-00-DX1,TCGA-CQ-A4CD-01Z-00-DX1,,PI3K,1356,0.6622418879056047
TCGA-CQ-A4CD-01Z-00-DX1,TCGA-CQ-A4CD-01Z-00-DX1,,TGFb,1356,0.2153392330383481
TCGA-CQ-A4CD-01Z-00-DX1,TCGA-CQ-A4CD-01Z-00-DX1,,TNFa,1356,0.922566371681416
TCGA-CQ-A4CD-01Z-00-DX1,TCGA-CQ-A4CD-01Z-00-DX1,,Trail,1356,0.07374631268436578
TCGA-CQ-A4CD-01Z-00-DX1,TCGA-CQ-A4CD-01Z-00-DX1,,VEGF,1356,0.6438053097345132
TCGA-CQ-A4CD-01Z-00-DX1,TCGA-CQ-A4CD-01Z-00-DX1,,WNT,1356,0.3281710914454277
TCGA-CQ-A4CD-01Z-00-DX1,TCGA-CQ-A4CD-01Z-00-DX1,,p53,1356,0.1873156342182891
TCGA-CQ-A4CE-01Z-00-DX1,TCGA-CQ-A4CE-01Z-00-DX1,,Androgen,356,0.21629213483146068
TCGA-CQ-A4CE-01Z-00-DX1,TCGA-CQ-A4CE-01Z-00-DX1,,EGFR,356,0.7780898876404494
TCGA-CQ-A4CE-01Z-00-DX1,TCGA-CQ-A4CE-01Z-00-DX1,,Estrogen,356,0.4101123595505618
TCGA-CQ-A4CE-01Z-00-DX1,TCGA-CQ-A4CE-01Z-00-DX1,,Hypoxia,356,0.43820224719101125
TCGA-CQ-A4CE-01Z-00-DX1,TCGA-CQ-A4CE-01Z-00-DX1,,JAK-STAT,356,0.29213483146067415
TCGA-CQ-A4CE-01Z-00-DX1,TCGA-CQ-A4CE-01Z-00-DX1,,MAPK,356,0.8567415730337079
TCGA-CQ-A4CE-01Z-00-DX1,TCGA-CQ-A4CE-01Z-00-DX1,,NFkB,356,0.09269662921348315
TCGA-CQ-A4CE-01Z-00-DX1,TCGA-CQ-A4CE-01Z-00-DX1,,PI3K,356,0.8820224719101124
TCGA-CQ-A4CE-01Z-00-DX1,TCGA-CQ-A4CE-01Z-00-DX1,,TGFb,356,0.22191011235955055
TCGA-CQ-A4CE-01Z-00-DX1,TCGA-CQ-A4CE-01Z-00-DX1,,TNFa,356,0.9915730337078652
TCGA-CQ-A4CE-01Z-00-DX1,TCGA-CQ-A4CE-01Z-00-DX1,,Trail,356,0.36235955056179775
TCGA-CQ-A4CE-01Z-00-DX1,TCGA-CQ-A4CE-01Z-00-DX1,,VEGF,356,0.8342696629213483
TCGA-CQ-A4CE-01Z-00-DX1,TCGA-CQ-A4CE-01Z-00-DX1,,WNT,356,0.16292134831460675
TCGA-CQ-A4CE-01Z-00-DX1,TCGA-CQ-A4CE-01Z-00-DX1,,p53,356,0.21348314606741572
TCGA-CQ-A4CG-01Z-00-DX1,TCGA-CQ-A4CG-01Z-00-DX1,,Androgen,2326,0.5309544282029235
TCGA-CQ-A4CG-01Z-00-DX1,TCGA-CQ-A4CG-01Z-00-DX1,,EGFR,2326,0.2768701633705933
TCGA-CQ-A4CG-01Z-00-DX1,TCGA-CQ-A4CG-01Z-00-DX1,,Estrogen,2326,0.882201203783319
TCGA-CQ-A4CG-01Z-00-DX1,TCGA-CQ-A4CG-01Z-00-DX1,,Hypoxia,2326,0.2725709372312984
TCGA-CQ-A4CG-01Z-00-DX1,TCGA-CQ-A4CG-01Z-00-DX1,,JAK-STAT,2326,0.5636285468615649
TCGA-CQ-A4CG-01Z-00-DX1,TCGA-CQ-A4CG-01Z-00-DX1,,MAPK,2326,0.4140154772141015
TCGA-CQ-A4CG-01Z-00-DX1,TCGA-CQ-A4CG-01Z-00-DX1,,NFkB,2326,0.040842648323301804
TCGA-CQ-A4CG-01Z-00-DX1,TCGA-CQ-A4CG-01Z-00-DX1,,PI3K,2326,0.37833190025795355
TCGA-CQ-A4CG-01Z-00-DX1,TCGA-CQ-A4CG-01Z-00-DX1,,TGFb,2326,0.4544282029234738
TCGA-CQ-A4CG-01Z-00-DX1,TCGA-CQ-A4CG-01Z-00-DX1,,TNFa,2326,0.9845227858985383
TCGA-CQ-A4CG-01Z-00-DX1,TCGA-CQ-A4CG-01Z-00-DX1,,Trail,2326,0.3181427343078246
TCGA-CQ-A4CG-01Z-00-DX1,TCGA-CQ-A4CG-01Z-00-DX1,,VEGF,2326,0.8112639724849527
TCGA-CQ-A4CG-01Z-00-DX1,TCGA-CQ-A4CG-01Z-00-DX1,,WNT,2326,0.5348237317282889
TCGA-CQ-A4CG-01Z-00-DX1,TCGA-CQ-A4CG-01Z-00-DX1,,p53,2326,0.39552880481513325
TCGA-CQ-A4CH-01Z-00-DX1,TCGA-CQ-A4CH-01Z-00-DX1,,Androgen,3175,0.6525984251968504
TCGA-CQ-A4CH-01Z-00-DX1,TCGA-CQ-A4CH-01Z-00-DX1,,EGFR,3175,0.8107086614173228
TCGA-CQ-A4CH-01Z-00-DX1,TCGA-CQ-A4CH-01Z-00-DX1,,Estrogen,3175,0.407244094488189
TCGA-CQ-A4CH-01Z-00-DX1,TCGA-CQ-A4CH-01Z-00-DX1,,Hypoxia,3175,0.16566929133858269
TCGA-CQ-A4CH-01Z-00-DX1,TCGA-CQ-A4CH-01Z-00-DX1,,JAK-STAT,3175,0.3732283464566929
TCGA-CQ-A4CH-01Z-00-DX1,TCGA-CQ-A4CH-01Z-00-DX1,,MAPK,3175,0.8094488188976378
TCGA-CQ-A4CH-01Z-00-DX1,TCGA-CQ-A4CH-01Z-00-DX1,,NFkB,3175,0.15086614173228347
TCGA-CQ-A4CH-01Z-00-DX1,TCGA-CQ-A4CH-01Z-00-DX1,,PI3K,3175,0.8223622047244095
TCGA-CQ-A4CH-01Z-00-DX1,TCGA-CQ-A4CH-01Z-00-DX1,,TGFb,3175,0.14141732283464567
TCGA-CQ-A4CH-01Z-00-DX1,TCGA-CQ-A4CH-01Z-00-DX1,,TNFa,3175,0.5864566929133859
TCGA-CQ-A4CH-01Z-00-DX1,TCGA-CQ-A4CH-01Z-00-DX1,,Trail,3175,0.10204724409448819
TCGA-CQ-A4CH-01Z-00-DX1,TCGA-CQ-A4CH-01Z-00-DX1,,VEGF,3175,0.817007874015748
TCGA-CQ-A4CH-01Z-00-DX1,TCGA-CQ-A4CH-01Z-00-DX1,,WNT,3175,0.47244094488188976
TCGA-CQ-A4CH-01Z-00-DX1,TCGA-CQ-A4CH-01Z-00-DX1,,p53,3175,0.778267716535433
TCGA-CQ-A4CI-01Z-00-DX1,TCGA-CQ-A4CI-01Z-00-DX1,,Androgen,2181,0.53232462173315
TCGA-CQ-A4CI-01Z-00-DX1,TCGA-CQ-A4CI-01Z-00-DX1,,EGFR,2181,0.5034387895460798
TCGA-CQ-A4CI-01Z-00-DX1,TCGA-CQ-A4CI-01Z-00-DX1,,Estrogen,2181,0.8459422283356258
TCGA-CQ-A4CI-01Z-00-DX1,TCGA-CQ-A4CI-01Z-00-DX1,,Hypoxia,2181,0.2787712058688675
TCGA-CQ-A4CI-01Z-00-DX1,TCGA-CQ-A4CI-01Z-00-DX1,,JAK-STAT,2181,0.07702888583218707
TCGA-CQ-A4CI-01Z-00-DX1,TCGA-CQ-A4CI-01Z-00-DX1,,MAPK,2181,0.5873452544704264
TCGA-CQ-A4CI-01Z-00-DX1,TCGA-CQ-A4CI-01Z-00-DX1,,NFkB,2181,0.2696011004126547
TCGA-CQ-A4CI-01Z-00-DX1,TCGA-CQ-A4CI-01Z-00-DX1,,PI3K,2181,0.0
TCGA-CQ-A4CI-01Z-00-DX1,TCGA-CQ-A4CI-01Z-00-DX1,,TGFb,2181,0.51077487391105
TCGA-CQ-A4CI-01Z-00-DX1,TCGA-CQ-A4CI-01Z-00-DX1,,TNFa,2181,0.17377349839523154
TCGA-CQ-A4CI-01Z-00-DX1,TCGA-CQ-A4CI-01Z-00-DX1,,Trail,2181,0.016506189821182942
TCGA-CQ-A4CI-01Z-00-DX1,TCGA-CQ-A4CI-01Z-00-DX1,,VEGF,2181,0.0614397065566254
TCGA-CQ-A4CI-01Z-00-DX1,TCGA-CQ-A4CI-01Z-00-DX1,,WNT,2181,0.5492893168271435
TCGA-CQ-A4CI-01Z-00-DX1,TCGA-CQ-A4CI-01Z-00-DX1,,p53,2181,0.12058688674919761
TCGA-CV-5430-01Z-00-DX1,TCGA-CV-5430-01Z-00-DX1,,Androgen,1497,0.2678690714762859
TCGA-CV-5430-01Z-00-DX1,TCGA-CV-5430-01Z-00-DX1,,EGFR,1497,0.4355377421509686
TCGA-CV-5430-01Z-00-DX1,TCGA-CV-5430-01Z-00-DX1,,Estrogen,1497,0.29458917835671344
TCGA-CV-5430-01Z-00-DX1,TCGA-CV-5430-01Z-00-DX1,,Hypoxia,1497,0.8129592518370073
TCGA-CV-5430-01Z-00-DX1,TCGA-CV-5430-01Z-00-DX1,,JAK-STAT,1497,0.29191716766867065
TCGA-CV-5430-01Z-00-DX1,TCGA-CV-5430-01Z-00-DX1,,MAPK,1497,0.07548430193720775
TCGA-CV-5430-01Z-00-DX1,TCGA-CV-5430-01Z-00-DX1,,NFkB,1497,0.10821643286573146
TCGA-CV-5430-01Z-00-DX1,TCGA-CV-5430-01Z-00-DX1,,PI3K,1497,0.571810287241149
TCGA-CV-5430-01Z-00-DX1,TCGA-CV-5430-01Z-00-DX1,,TGFb,1497,0.12424849699398798
TCGA-CV-5430-01Z-00-DX1,TCGA-CV-5430-01Z-00-DX1,,TNFa,1497,0.2605210420841683
TCGA-CV-5430-01Z-00-DX1,TCGA-CV-5430-01Z-00-DX1,,Trail,1497,0.10354041416165664
TCGA-CV-5430-01Z-00-DX1,TCGA-CV-5430-01Z-00-DX1,,VEGF,1497,0.13827655310621242
TCGA-CV-5430-01Z-00-DX1,TCGA-CV-5430-01Z-00-DX1,,WNT,1497,0.17167668670674682
TCGA-CV-5430-01Z-00-DX1,TCGA-CV-5430-01Z-00-DX1,,p53,1497,0.032732130928523714
TCGA-CV-5432-01Z-00-DX1,TCGA-CV-5432-01Z-00-DX1,,Androgen,5650,0.41557522123893803
TCGA-CV-5432-01Z-00-DX1,TCGA-CV-5432-01Z-00-DX1,,EGFR,5650,0.7888495575221239
TCGA-CV-5432-01Z-00-DX1,TCGA-CV-5432-01Z-00-DX1,,Estrogen,5650,0.35575221238938054
TCGA-CV-5432-01Z-00-DX1,TCGA-CV-5432-01Z-00-DX1,,Hypoxia,5650,0.5791150442477876
TCGA-CV-5432-01Z-00-DX1,TCGA-CV-5432-01Z-00-DX1,,JAK-STAT,5650,0.23699115044247787
TCGA-CV-5432-01Z-00-DX1,TCGA-CV-5432-01Z-00-DX1,,MAPK,5650,0.7798230088495576
TCGA-CV-5432-01Z-00-DX1,TCGA-CV-5432-01Z-00-DX1,,NFkB,5650,0.2785840707964602
TCGA-CV-5432-01Z-00-DX1,TCGA-CV-5432-01Z-00-DX1,,PI3K,5650,0.004070796460176991
TCGA-CV-5432-01Z-00-DX1,TCGA-CV-5432-01Z-00-DX1,,TGFb,5650,0.33539823008849556
TCGA-CV-5432-01Z-00-DX1,TCGA-CV-5432-01Z-00-DX1,,TNFa,5650,0.5373451327433628
TCGA-CV-5432-01Z-00-DX1,TCGA-CV-5432-01Z-00-DX1,,Trail,5650,0.09840707964601769
TCGA-CV-5432-01Z-00-DX1,TCGA-CV-5432-01Z-00-DX1,,VEGF,5650,0.6178761061946902
TCGA-CV-5432-01Z-00-DX1,TCGA-CV-5432-01Z-00-DX1,,WNT,5650,0.32371681415929204
TCGA-CV-5432-01Z-00-DX1,TCGA-CV-5432-01Z-00-DX1,,p53,5650,0.09911504424778761
TCGA-CV-5434-01Z-00-DX1,TCGA-CV-5434-01Z-00-DX1,,Androgen,813,0.13407134071340712
TCGA-CV-5434-01Z-00-DX1,TCGA-CV-5434-01Z-00-DX1,,EGFR,813,0.5153751537515375
TCGA-CV-5434-01Z-00-DX1,TCGA-CV-5434-01Z-00-DX1,,Estrogen,813,0.3111931119311193
TCGA-CV-5434-01Z-00-DX1,TCGA-CV-5434-01Z-00-DX1,,Hypoxia,813,0.6359163591635917
TCGA-CV-5434-01Z-00-DX1,TCGA-CV-5434-01Z-00-DX1,,JAK-STAT,813,0.21525215252152521
TCGA-CV-5434-01Z-00-DX1,TCGA-CV-5434-01Z-00-DX1,,MAPK,813,0.5399753997539976
TCGA-CV-5434-01Z-00-DX1,TCGA-CV-5434-01Z-00-DX1,,NFkB,813,0.21279212792127922
TCGA-CV-5434-01Z-00-DX1,TCGA-CV-5434-01Z-00-DX1,,PI3K,813,0.6211562115621156
TCGA-CV-5434-01Z-00-DX1,TCGA-CV-5434-01Z-00-DX1,,TGFb,813,0.17589175891758918
TCGA-CV-5434-01Z-00-DX1,TCGA-CV-5434-01Z-00-DX1,,TNFa,813,0.15375153751537515
TCGA-CV-5434-01Z-00-DX1,TCGA-CV-5434-01Z-00-DX1,,Trail,813,0.24477244772447723
TCGA-CV-5434-01Z-00-DX1,TCGA-CV-5434-01Z-00-DX1,,VEGF,813,0.4944649446494465
TCGA-CV-5434-01Z-00-DX1,TCGA-CV-5434-01Z-00-DX1,,WNT,813,0.3714637146371464
TCGA-CV-5434-01Z-00-DX1,TCGA-CV-5434-01Z-00-DX1,,p53,813,0.03690036900369004
TCGA-CV-5435-01Z-00-DX1,TCGA-CV-5435-01Z-00-DX1,,Androgen,2320,0.5426724137931035
TCGA-CV-5435-01Z-00-DX1,TCGA-CV-5435-01Z-00-DX1,,EGFR,2320,0.4267241379310345
TCGA-CV-5435-01Z-00-DX1,TCGA-CV-5435-01Z-00-DX1,,Estrogen,2320,0.9836206896551725
TCGA-CV-5435-01Z-00-DX1,TCGA-CV-5435-01Z-00-DX1,,Hypoxia,2320,0.9952586206896552
TCGA-CV-5435-01Z-00-DX1,TCGA-CV-5435-01Z-00-DX1,,JAK-STAT,2320,0.3474137931034483
TCGA-CV-5435-01Z-00-DX1,TCGA-CV-5435-01Z-00-DX1,,MAPK,2320,0.17327586206896553
TCGA-CV-5435-01Z-00-DX1,TCGA-CV-5435-01Z-00-DX1,,NFkB,2320,0.1543103448275862
TCGA-CV-5435-01Z-00-DX1,TCGA-CV-5435-01Z-00-DX1,,PI3K,2320,0.47198275862068967
TCGA-CV-5435-01Z-00-DX1,TCGA-CV-5435-01Z-00-DX1,,TGFb,2320,0.27844827586206894
TCGA-CV-5435-01Z-00-DX1,TCGA-CV-5435-01Z-00-DX1,,TNFa,2320,0.028448275862068967
TCGA-CV-5435-01Z-00-DX1,TCGA-CV-5435-01Z-00-DX1,,Trail,2320,0.19655172413793104
TCGA-CV-5435-01Z-00-DX1,TCGA-CV-5435-01Z-00-DX1,,VEGF,2320,0.5142241379310345
TCGA-CV-5435-01Z-00-DX1,TCGA-CV-5435-01Z-00-DX1,,WNT,2320,0.1495689655172414
TCGA-CV-5435-01Z-00-DX1,TCGA-CV-5435-01Z-00-DX1,,p53,2320,0.06551724137931035
TCGA-CV-5436-01Z-00-DX1,TCGA-CV-5436-01Z-00-DX1,,Androgen,2963,0.5197435032062099
TCGA-CV-5436-01Z-00-DX1,TCGA-CV-5436-01Z-00-DX1,,EGFR,2963,0.3425582180222747
TCGA-CV-5436-01Z-00-DX1,TCGA-CV-5436-01Z-00-DX1,,Estrogen,2963,0.9885251434357071
TCGA-CV-5436-01Z-00-DX1,TCGA-CV-5436-01Z-00-DX1,,Hypoxia,2963,0.8599392507593655
TCGA-CV-5436-01Z-00-DX1,TCGA-CV-5436-01Z-00-DX1,,JAK-STAT,2963,0.7121160985487681
TCGA-CV-5436-01Z-00-DX1,TCGA-CV-5436-01Z-00-DX1,,MAPK,2963,0.29767127910901114
TCGA-CV-5436-01Z-00-DX1,TCGA-CV-5436-01Z-00-DX1,,NFkB,2963,0.06749915626054674
TCGA-CV-5436-01Z-00-DX1,TCGA-CV-5436-01Z-00-DX1,,PI3K,2963,0.3655079311508606
TCGA-CV-5436-01Z-00-DX1,TCGA-CV-5436-01Z-00-DX1,,TGFb,2963,0.5173810327370908
TCGA-CV-5436-01Z-00-DX1,TCGA-CV-5436-01Z-00-DX1,,TNFa,2963,0.38710766115423556
TCGA-CV-5436-01Z-00-DX1,TCGA-CV-5436-01Z-00-DX1,,Trail,2963,0.5791427607154911
TCGA-CV-5436-01Z-00-DX1,TCGA-CV-5436-01Z-00-DX1,,VEGF,2963,0.8184272696591293
TCGA-CV-5436-01Z-00-DX1,TCGA-CV-5436-01Z-00-DX1,,WNT,2963,0.32399595005062437
TCGA-CV-5436-01Z-00-DX1,TCGA-CV-5436-01Z-00-DX1,,p53,2963,0.06648666891663854
TCGA-CV-5439-01Z-00-DX1,TCGA-CV-5439-01Z-00-DX1,,Androgen,4308,0.07311977715877438
TCGA-CV-5439-01Z-00-DX1,TCGA-CV-5439-01Z-00-DX1,,EGFR,4308,0.20496750232126276
TCGA-CV-5439-01Z-00-DX1,TCGA-CV-5439-01Z-00-DX1,,Estrogen,4308,0.5482822655524605
TCGA-CV-5439-01Z-00-DX1,TCGA-CV-5439-01Z-00-DX1,,Hypoxia,4308,0.6151346332404828
TCGA-CV-5439-01Z-00-DX1,TCGA-CV-5439-01Z-00-DX1,,JAK-STAT,4308,0.2931754874651811
TCGA-CV-5439-01Z-00-DX1,TCGA-CV-5439-01Z-00-DX1,,MAPK,4308,0.44220055710306405
TCGA-CV-5439-01Z-00-DX1,TCGA-CV-5439-01Z-00-DX1,,NFkB,4308,0.24373259052924792
TCGA-CV-5439-01Z-00-DX1,TCGA-CV-5439-01Z-00-DX1,,PI3K,4308,0.5654596100278552
TCGA-CV-5439-01Z-00-DX1,TCGA-CV-5439-01Z-00-DX1,,TGFb,4308,0.034818941504178275
TCGA-CV-5439-01Z-00-DX1,TCGA-CV-5439-01Z-00-DX1,,TNFa,4308,0.33263695450324976
TCGA-CV-5439-01Z-00-DX1,TCGA-CV-5439-01Z-00-DX1,,Trail,4308,0.1926648096564531
TCGA-CV-5439-01Z-00-DX1,TCGA-CV-5439-01Z-00-DX1,,VEGF,4308,0.4266480965645311
TCGA-CV-5439-01Z-00-DX1,TCGA-CV-5439-01Z-00-DX1,,WNT,4308,0.17061281337047354
TCGA-CV-5439-01Z-00-DX1,TCGA-CV-5439-01Z-00-DX1,,p53,4308,0.18477251624883936
TCGA-CV-5440-01Z-00-DX1,TCGA-CV-5440-01Z-00-DX1,,Androgen,1977,0.43449671219018715
TCGA-CV-5440-01Z-00-DX1,TCGA-CV-5440-01Z-00-DX1,,EGFR,1977,0.46383409205867476
TCGA-CV-5440-01Z-00-DX1,TCGA-CV-5440-01Z-00-DX1,,Estrogen,1977,0.5073343449671219
TCGA-CV-5440-01Z-00-DX1,TCGA-CV-5440-01Z-00-DX1,,Hypoxia,1977,0.642893272635306
TCGA-CV-5440-01Z-00-DX1,TCGA-CV-5440-01Z-00-DX1,,JAK-STAT,1977,0.13808801213960548
TCGA-CV-5440-01Z-00-DX1,TCGA-CV-5440-01Z-00-DX1,,MAPK,1977,0.7116843702579666
TCGA-CV-5440-01Z-00-DX1,TCGA-CV-5440-01Z-00-DX1,,NFkB,1977,0.3611532625189681
TCGA-CV-5440-01Z-00-DX1,TCGA-CV-5440-01Z-00-DX1,,PI3K,1977,0.01163378856853819
TCGA-CV-5440-01Z-00-DX1,TCGA-CV-5440-01Z-00-DX1,,TGFb,1977,0.6358118361153262
TCGA-CV-5440-01Z-00-DX1,TCGA-CV-5440-01Z-00-DX1,,TNFa,1977,0.24178047546788062
TCGA-CV-5440-01Z-00-DX1,TCGA-CV-5440-01Z-00-DX1,,Trail,1977,0.007587253414264037
TCGA-CV-5440-01Z-00-DX1,TCGA-CV-5440-01Z-00-DX1,,VEGF,1977,0.38391502276176026
TCGA-CV-5440-01Z-00-DX1,TCGA-CV-5440-01Z-00-DX1,,WNT,1977,0.12341932220536166
TCGA-CV-5440-01Z-00-DX1,TCGA-CV-5440-01Z-00-DX1,,p53,1977,0.10773899848254932
TCGA-CV-5441-01Z-00-DX1,TCGA-CV-5441-01Z-00-DX1,,Androgen,3883,0.2469739891836209
TCGA-CV-5441-01Z-00-DX1,TCGA-CV-5441-01Z-00-DX1,,EGFR,3883,0.48210146793716196
TCGA-CV-5441-01Z-00-DX1,TCGA-CV-5441-01Z-00-DX1,,Estrogen,3883,0.1957249549317538
TCGA-CV-5441-01Z-00-DX1,TCGA-CV-5441-01Z-00-DX1,,Hypoxia,3883,0.56657223796034
TCGA-CV-5441-01Z-00-DX1,TCGA-CV-5441-01Z-00-DX1,,JAK-STAT,3883,0.2029358743239763
TCGA-CV-5441-01Z-00-DX1,TCGA-CV-5441-01Z-00-DX1,,MAPK,3883,0.7290754571207829
TCGA-CV-5441-01Z-00-DX1,TCGA-CV-5441-01Z-00-DX1,,NFkB,3883,0.3332474890548545
TCGA-CV-5441-01Z-00-DX1,TCGA-CV-5441-01Z-00-DX1,,PI3K,3883,0.05073396858099408
TCGA-CV-5441-01Z-00-DX1,TCGA-CV-5441-01Z-00-DX1,,TGFb,3883,0.47463301570950295
TCGA-CV-5441-01Z-00-DX1,TCGA-CV-5441-01Z-00-DX1,,TNFa,3883,0.5240793201133145
TCGA-CV-5441-01Z-00-DX1,TCGA-CV-5441-01Z-00-DX1,,Trail,3883,0.03373680144218388
TCGA-CV-5441-01Z-00-DX1,TCGA-CV-5441-01Z-00-DX1,,VEGF,3883,0.6770538243626062
TCGA-CV-5441-01Z-00-DX1,TCGA-CV-5441-01Z-00-DX1,,WNT,3883,0.1305691475663147
TCGA-CV-5441-01Z-00-DX1,TCGA-CV-5441-01Z-00-DX1,,p53,3883,0.27349987123358227
TCGA-CV-5444-01Z-00-DX1,TCGA-CV-5444-01Z-00-DX1,,Androgen,1176,0.22704081632653061
TCGA-CV-5444-01Z-00-DX1,TCGA-CV-5444-01Z-00-DX1,,EGFR,1176,0.24404761904761904
TCGA-CV-5444-01Z-00-DX1,TCGA-CV-5444-01Z-00-DX1,,Estrogen,1176,0.10289115646258504
TCGA-CV-5444-01Z-00-DX1,TCGA-CV-5444-01Z-00-DX1,,Hypoxia,1176,0.4991496598639456
TCGA-CV-5444-01Z-00-DX1,TCGA-CV-5444-01Z-00-DX1,,JAK-STAT,1176,0.3494897959183674
TCGA-CV-5444-01Z-00-DX1,TCGA-CV-5444-01Z-00-DX1,,MAPK,1176,0.41496598639455784
TCGA-CV-5444-01Z-00-DX1,TCGA-CV-5444-01Z-00-DX1,,NFkB,1176,0.25170068027210885
TCGA-CV-5444-01Z-00-DX1,TCGA-CV-5444-01Z-00-DX1,,PI3K,1176,0.7482993197278912
TCGA-CV-5444-01Z-00-DX1,TCGA-CV-5444-01Z-00-DX1,,TGFb,1176,0.14710884353741496
TCGA-CV-5444-01Z-00-DX1,TCGA-CV-5444-01Z-00-DX1,,TNFa,1176,0.19727891156462585
TCGA-CV-5444-01Z-00-DX1,TCGA-CV-5444-01Z-00-DX1,,Trail,1176,0.304421768707483
TCGA-CV-5444-01Z-00-DX1,TCGA-CV-5444-01Z-00-DX1,,VEGF,1176,0.8180272108843537
TCGA-CV-5444-01Z-00-DX1,TCGA-CV-5444-01Z-00-DX1,,WNT,1176,0.17687074829931973
TCGA-CV-5444-01Z-00-DX1,TCGA-CV-5444-01Z-00-DX1,,p53,1176,0.03571428571428571
TCGA-CV-5973-01Z-00-DX1,TCGA-CV-5973-01Z-00-DX1,,Androgen,6285,0.21352426412092282
TCGA-CV-5973-01Z-00-DX1,TCGA-CV-5973-01Z-00-DX1,,EGFR,6285,0.4305489260143198
TCGA-CV-5973-01Z-00-DX1,TCGA-CV-5973-01Z-00-DX1,,Estrogen,6285,0.05743834526650756
TCGA-CV-5973-01Z-00-DX1,TCGA-CV-5973-01Z-00-DX1,,Hypoxia,6285,0.466030230708035
TCGA-CV-5973-01Z-00-DX1,TCGA-CV-5973-01Z-00-DX1,,JAK-STAT,6285,0.20286396181384247
TCGA-CV-5973-01Z-00-DX1,TCGA-CV-5973-01Z-00-DX1,,MAPK,6285,0.6211614956245027
TCGA-CV-5973-01Z-00-DX1,TCGA-CV-5973-01Z-00-DX1,,NFkB,6285,0.07223548130469372
TCGA-CV-5973-01Z-00-DX1,TCGA-CV-5973-01Z-00-DX1,,PI3K,6285,0.8087509944311854
TCGA-CV-5973-01Z-00-DX1,TCGA-CV-5973-01Z-00-DX1,,TGFb,6285,0.012410501193317422
TCGA-CV-5973-01Z-00-DX1,TCGA-CV-5973-01Z-00-DX1,,TNFa,6285,0.5522673031026253
TCGA-CV-5973-01Z-00-DX1,TCGA-CV-5973-01Z-00-DX1,,Trail,6285,0.1299920445505171
TCGA-CV-5973-01Z-00-DX1,TCGA-CV-5973-01Z-00-DX1,,VEGF,6285,0.5517899761336515
TCGA-CV-5973-01Z-00-DX1,TCGA-CV-5973-01Z-00-DX1,,WNT,6285,0.21511535401750198
TCGA-CV-5973-01Z-00-DX1,TCGA-CV-5973-01Z-00-DX1,,p53,6285,0.10119331742243437
TCGA-CV-5976-01Z-00-DX1,TCGA-CV-5976-01Z-00-DX1,,Androgen,392,0.42857142857142855
TCGA-CV-5976-01Z-00-DX1,TCGA-CV-5976-01Z-00-DX1,,EGFR,392,0.8852040816326531
TCGA-CV-5976-01Z-00-DX1,TCGA-CV-5976-01Z-00-DX1,,Estrogen,392,0.41581632653061223
TCGA-CV-5976-01Z-00-DX1,TCGA-CV-5976-01Z-00-DX1,,Hypoxia,392,0.75
TCGA-CV-5976-01Z-00-DX1,TCGA-CV-5976-01Z-00-DX1,,JAK-STAT,392,0.08163265306122448
TCGA-CV-5976-01Z-00-DX1,TCGA-CV-5976-01Z-00-DX1,,MAPK,392,0.7193877551020408
TCGA-CV-5976-01Z-00-DX1,TCGA-CV-5976-01Z-00-DX1,,NFkB,392,0.5331632653061225
TCGA-CV-5976-01Z-00-DX1,TCGA-CV-5976-01Z-00-DX1,,PI3K,392,0.6658163265306123
TCGA-CV-5976-01Z-00-DX1,TCGA-CV-5976-01Z-00-DX1,,TGFb,392,0.36989795918367346
TCGA-CV-5976-01Z-00-DX1,TCGA-CV-5976-01Z-00-DX1,,TNFa,392,0.49744897959183676
TCGA-CV-5976-01Z-00-DX1,TCGA-CV-5976-01Z-00-DX1,,Trail,392,0.1683673469387755
TCGA-CV-5976-01Z-00-DX1,TCGA-CV-5976-01Z-00-DX1,,VEGF,392,0.6632653061224489
TCGA-CV-5976-01Z-00-DX1,TCGA-CV-5976-01Z-00-DX1,,WNT,392,0.15051020408163265
TCGA-CV-5976-01Z-00-DX1,TCGA-CV-5976-01Z-00-DX1,,p53,392,0.07142857142857142
TCGA-CV-5977-01Z-00-DX1,TCGA-CV-5977-01Z-00-DX1,,Androgen,2152,0.3187732342007435
TCGA-CV-5977-01Z-00-DX1,TCGA-CV-5977-01Z-00-DX1,,EGFR,2152,0.3903345724907063
TCGA-CV-5977-01Z-00-DX1,TCGA-CV-5977-01Z-00-DX1,,Estrogen,2152,0.30297397769516726
TCGA-CV-5977-01Z-00-DX1,TCGA-CV-5977-01Z-00-DX1,,Hypoxia,2152,0.5362453531598513
TCGA-CV-5977-01Z-00-DX1,TCGA-CV-5977-01Z-00-DX1,,JAK-STAT,2152,0.3066914498141264
TCGA-CV-5977-01Z-00-DX1,TCGA-CV-5977-01Z-00-DX1,,MAPK,2152,0.6110594795539034
TCGA-CV-5977-01Z-00-DX1,TCGA-CV-5977-01Z-00-DX1,,NFkB,2152,0.11013011152416356
TCGA-CV-5977-01Z-00-DX1,TCGA-CV-5977-01Z-00-DX1,,PI3K,2152,0.49767657992565056
TCGA-CV-5977-01Z-00-DX1,TCGA-CV-5977-01Z-00-DX1,,TGFb,2152,0.04972118959107807
TCGA-CV-5977-01Z-00-DX1,TCGA-CV-5977-01Z-00-DX1,,TNFa,2152,0.23605947955390336
TCGA-CV-5977-01Z-00-DX1,TCGA-CV-5977-01Z-00-DX1,,Trail,2152,0.2611524163568773
TCGA-CV-5977-01Z-00-DX1,TCGA-CV-5977-01Z-00-DX1,,VEGF,2152,0.5720260223048327
TCGA-CV-5977-01Z-00-DX1,TCGA-CV-5977-01Z-00-DX1,,WNT,2152,0.2058550185873606
TCGA-CV-5977-01Z-00-DX1,TCGA-CV-5977-01Z-00-DX1,,p53,2152,0.12453531598513011
TCGA-CV-5978-01Z-00-DX1,TCGA-CV-5978-01Z-00-DX1,,Androgen,4449,0.03416498089458305
TCGA-CV-5978-01Z-00-DX1,TCGA-CV-5978-01Z-00-DX1,,EGFR,4449,0.28950325915936165
TCGA-CV-5978-01Z-00-DX1,TCGA-CV-5978-01Z-00-DX1,,Estrogen,4449,0.6293549112160036
TCGA-CV-5978-01Z-00-DX1,TCGA-CV-5978-01Z-00-DX1,,Hypoxia,4449,0.5569790964261632
TCGA-CV-5978-01Z-00-DX1,TCGA-CV-5978-01Z-00-DX1,,JAK-STAT,4449,0.007866936390200046
TCGA-CV-5978-01Z-00-DX1,TCGA-CV-5978-01Z-00-DX1,,MAPK,4449,0.5452910766464374
TCGA-CV-5978-01Z-00-DX1,TCGA-CV-5978-01Z-00-DX1,,NFkB,4449,0.3124297594965161
TCGA-CV-5978-01Z-00-DX1,TCGA-CV-5978-01Z-00-DX1,,PI3K,4449,0.7006068779501011
TCGA-CV-5978-01Z-00-DX1,TCGA-CV-5978-01Z-00-DX1,,TGFb,4449,0.020903573836817263
TCGA-CV-5978-01Z-00-DX1,TCGA-CV-5978-01Z-00-DX1,,TNFa,4449,0.13823331085637222
TCGA-CV-5978-01Z-00-DX1,TCGA-CV-5978-01Z-00-DX1,,Trail,4449,0.037086985839514496
TCGA-CV-5978-01Z-00-DX1,TCGA-CV-5978-01Z-00-DX1,,VEGF,4449,0.061586873454708924
TCGA-CV-5978-01Z-00-DX1,TCGA-CV-5978-01Z-00-DX1,,WNT,4449,0.37131939761744215
TCGA-CV-5978-01Z-00-DX1,TCGA-CV-5978-01Z-00-DX1,,p53,4449,0.12811867835468643
TCGA-CV-5979-01Z-00-DX1,TCGA-CV-5979-01Z-00-DX1,,Androgen,2080,0.16009615384615383
TCGA-CV-5979-01Z-00-DX1,TCGA-CV-5979-01Z-00-DX1,,EGFR,2080,0.5653846153846154
TCGA-CV-5979-01Z-00-DX1,TCGA-CV-5979-01Z-00-DX1,,Estrogen,2080,0.5192307692307693
TCGA-CV-5979-01Z-00-DX1,TCGA-CV-5979-01Z-00-DX1,,Hypoxia,2080,0.6610576923076923
TCGA-CV-5979-01Z-00-DX1,TCGA-CV-5979-01Z-00-DX1,,JAK-STAT,2080,0.45865384615384613
TCGA-CV-5979-01Z-00-DX1,TCGA-CV-5979-01Z-00-DX1,,MAPK,2080,0.7096153846153846
TCGA-CV-5979-01Z-00-DX1,TCGA-CV-5979-01Z-00-DX1,,NFkB,2080,0.4576923076923077
TCGA-CV-5979-01Z-00-DX1,TCGA-CV-5979-01Z-00-DX1,,PI3K,2080,0.7870192307692307
TCGA-CV-5979-01Z-00-DX1,TCGA-CV-5979-01Z-00-DX1,,TGFb,2080,0.07163461538461538
TCGA-CV-5979-01Z-00-DX1,TCGA-CV-5979-01Z-00-DX1,,TNFa,2080,0.20336538461538461
TCGA-CV-5979-01Z-00-DX1,TCGA-CV-5979-01Z-00-DX1,,Trail,2080,0.3418269230769231
TCGA-CV-5979-01Z-00-DX1,TCGA-CV-5979-01Z-00-DX1,,VEGF,2080,0.7240384615384615
TCGA-CV-5979-01Z-00-DX1,TCGA-CV-5979-01Z-00-DX1,,WNT,2080,0.4125
TCGA-CV-5979-01Z-00-DX1,TCGA-CV-5979-01Z-00-DX1,,p53,2080,0.08990384615384615
TCGA-CV-6003-01Z-00-DX1,TCGA-CV-6003-01Z-00-DX1,,Androgen,1591,0.05216844751728473
TCGA-CV-6003-01Z-00-DX1,TCGA-CV-6003-01Z-00-DX1,,EGFR,1591,0.4751728472658705
TCGA-CV-6003-01Z-00-DX1,TCGA-CV-6003-01Z-00-DX1,,Estrogen,1591,0.32558139534883723
TCGA-CV-6003-01Z-00-DX1,TCGA-CV-6003-01Z-00-DX1,,Hypoxia,1591,0.4512884978001257
TCGA-CV-6003-01Z-00-DX1,TCGA-CV-6003-01Z-00-DX1,,JAK-STAT,1591,0.677561282212445
TCGA-CV-6003-01Z-00-DX1,TCGA-CV-6003-01Z-00-DX1,,MAPK,1591,0.6090509113764928
TCGA-CV-6003-01Z-00-DX1,TCGA-CV-6003-01Z-00-DX1,,NFkB,1591,0.31238214959145194
TCGA-CV-6003-01Z-00-DX1,TCGA-CV-6003-01Z-00-DX1,,PI3K,1591,0.8020113136392206
TCGA-CV-6003-01Z-00-DX1,TCGA-CV-6003-01Z-00-DX1,,TGFb,1591,0.009428032683846637
TCGA-CV-6003-01Z-00-DX1,TCGA-CV-6003-01Z-00-DX1,,TNFa,1591,0.37460716530483973
TCGA-CV-6003-01Z-00-DX1,TCGA-CV-6003-01Z-00-DX1,,Trail,1591,0.20364550597108735
TCGA-CV-6003-01Z-00-DX1,TCGA-CV-6003-01Z-00-DX1,,VEGF,1591,0.7686989314896292
TCGA-CV-6003-01Z-00-DX1,TCGA-CV-6003-01Z-00-DX1,,WNT,1591,0.3192960402262728
TCGA-CV-6003-01Z-00-DX1,TCGA-CV-6003-01Z-00-DX1,,p53,1591,0.05279698302954117
TCGA-CV-6436-01Z-00-DX1,TCGA-CV-6436-01Z-00-DX1,,Androgen,5136,0.07242990654205607
TCGA-CV-6436-01Z-00-DX1,TCGA-CV-6436-01Z-00-DX1,,EGFR,5136,0.5109034267912772
TCGA-CV-6436-01Z-00-DX1,TCGA-CV-6436-01Z-00-DX1,,Estrogen,5136,0.14213395638629284
TCGA-CV-6436-01Z-00-DX1,TCGA-CV-6436-01Z-00-DX1,,Hypoxia,5136,0.5344626168224299
TCGA-CV-6436-01Z-00-DX1,TCGA-CV-6436-01Z-00-DX1,,JAK-STAT,5136,0.3397585669781931
TCGA-CV-6436-01Z-00-DX1,TCGA-CV-6436-01Z-00-DX1,,MAPK,5136,0.6906152647975078
TCGA-CV-6436-01Z-00-DX1,TCGA-CV-6436-01Z-00-DX1,,NFkB,5136,0.04419781931464174
TCGA-CV-6436-01Z-00-DX1,TCGA-CV-6436-01Z-00-DX1,,PI3K,5136,0.7651869158878505
TCGA-CV-6436-01Z-00-DX1,TCGA-CV-6436-01Z-00-DX1,,TGFb,5136,0.06658878504672897
TCGA-CV-6436-01Z-00-DX1,TCGA-CV-6436-01Z-00-DX1,,TNFa,5136,0.5239485981308412
TCGA-CV-6436-01Z-00-DX1,TCGA-CV-6436-01Z-00-DX1,,Trail,5136,0.14291277258566978
TCGA-CV-6436-01Z-00-DX1,TCGA-CV-6436-01Z-00-DX1,,VEGF,5136,0.7182632398753894
TCGA-CV-6436-01Z-00-DX1,TCGA-CV-6436-01Z-00-DX1,,WNT,5136,0.202297507788162
TCGA-CV-6436-01Z-00-DX1,TCGA-CV-6436-01Z-00-DX1,,p53,5136,0.1462227414330218
TCGA-CV-6441-01Z-00-DX1,TCGA-CV-6441-01Z-00-DX1,,Androgen,3917,0.35511871330099565
TCGA-CV-6441-01Z-00-DX1,TCGA-CV-6441-01Z-00-DX1,,EGFR,3917,0.12969109011998978
TCGA-CV-6441-01Z-00-DX1,TCGA-CV-6441-01Z-00-DX1,,Estrogen,3917,0.1411794740873117
TCGA-CV-6441-01Z-00-DX1,TCGA-CV-6441-01Z-00-DX1,,Hypoxia,3917,0.32167475108501403
TCGA-CV-6441-01Z-00-DX1,TCGA-CV-6441-01Z-00-DX1,,JAK-STAT,3917,0.4638754148583099
TCGA-CV-6441-01Z-00-DX1,TCGA-CV-6441-01Z-00-DX1,,MAPK,3917,0.21802399795762062
TCGA-CV-6441-01Z-00-DX1,TCGA-CV-6441-01Z-00-DX1,,NFkB,3917,0.08680112330865458
TCGA-CV-6441-01Z-00-DX1,TCGA-CV-6441-01Z-00-DX1,,PI3K,3917,0.37120245085524634
TCGA-CV-6441-01Z-00-DX1,TCGA-CV-6441-01Z-00-DX1,,TGFb,3917,0.22517232575950982
TCGA-CV-6441-01Z-00-DX1,TCGA-CV-6441-01Z-00-DX1,,TNFa,3917,0.09650242532550421
TCGA-CV-6441-01Z-00-DX1,TCGA-CV-6441-01Z-00-DX1,,Trail,3917,0.327546591779423
TCGA-CV-6441-01Z-00-DX1,TCGA-CV-6441-01Z-00-DX1,,VEGF,3917,0.3219300485065101
TCGA-CV-6441-01Z-00-DX1,TCGA-CV-6441-01Z-00-DX1,,WNT,3917,0.35767168751595607
TCGA-CV-6441-01Z-00-DX1,TCGA-CV-6441-01Z-00-DX1,,p53,3917,0.06331376053101864
TCGA-CV-6933-01Z-00-DX1,TCGA-CV-6933-01Z-00-DX1,,Androgen,3152,0.7217639593908629
TCGA-CV-6933-01Z-00-DX1,TCGA-CV-6933-01Z-00-DX1,,EGFR,3152,0.684010152284264
TCGA-CV-6933-01Z-00-DX1,TCGA-CV-6933-01Z-00-DX1,,Estrogen,3152,0.6621192893401016
TCGA-CV-6933-01Z-00-DX1,TCGA-CV-6933-01Z-00-DX1,,Hypoxia,3152,0.863261421319797
TCGA-CV-6933-01Z-00-DX1,TCGA-CV-6933-01Z-00-DX1,,JAK-STAT,3152,0.2836294416243655
TCGA-CV-6933-01Z-00-DX1,TCGA-CV-6933-01Z-00-DX1,,MAPK,3152,0.38451776649746194
TCGA-CV-6933-01Z-00-DX1,TCGA-CV-6933-01Z-00-DX1,,NFkB,3152,0.3270939086294416
TCGA-CV-6933-01Z-00-DX1,TCGA-CV-6933-01Z-00-DX1,,PI3K,3152,0.5713832487309645
TCGA-CV-6933-01Z-00-DX1,TCGA-CV-6933-01Z-00-DX1,,TGFb,3152,0.44765228426395937
TCGA-CV-6933-01Z-00-DX1,TCGA-CV-6933-01Z-00-DX1,,TNFa,3152,0.22937817258883247
TCGA-CV-6933-01Z-00-DX1,TCGA-CV-6933-01Z-00-DX1,,Trail,3152,0.33883248730964466
TCGA-CV-6933-01Z-00-DX1,TCGA-CV-6933-01Z-00-DX1,,VEGF,3152,0.4660532994923858
TCGA-CV-6933-01Z-00-DX1,TCGA-CV-6933-01Z-00-DX1,,WNT,3152,0.22906091370558376
TCGA-CV-6933-01Z-00-DX1,TCGA-CV-6933-01Z-00-DX1,,p53,3152,0.03902284263959391
TCGA-CV-6934-01Z-00-DX1,TCGA-CV-6934-01Z-00-DX1,,Androgen,1537,0.6525699414443722
TCGA-CV-6934-01Z-00-DX1,TCGA-CV-6934-01Z-00-DX1,,EGFR,1537,0.8731294729993494
TCGA-CV-6934-01Z-00-DX1,TCGA-CV-6934-01Z-00-DX1,,Estrogen,1537,0.4398178269355888
TCGA-CV-6934-01Z-00-DX1,TCGA-CV-6934-01Z-00-DX1,,Hypoxia,1537,0.7944046844502277
TCGA-CV-6934-01Z-00-DX1,TCGA-CV-6934-01Z-00-DX1,,JAK-STAT,1537,0.08653220559531555
TCGA-CV-6934-01Z-00-DX1,TCGA-CV-6934-01Z-00-DX1,,MAPK,1537,0.8158750813272609
TCGA-CV-6934-01Z-00-DX1,TCGA-CV-6934-01Z-00-DX1,,NFkB,1537,0.6577748861418348
TCGA-CV-6934-01Z-00-DX1,TCGA-CV-6934-01Z-00-DX1,,PI3K,1537,0.018867924528301886
TCGA-CV-6934-01Z-00-DX1,TCGA-CV-6934-01Z-00-DX1,,TGFb,1537,0.44046844502277166
TCGA-CV-6934-01Z-00-DX1,TCGA-CV-6934-01Z-00-DX1,,TNFa,1537,0.7664281067013663
TCGA-CV-6934-01Z-00-DX1,TCGA-CV-6934-01Z-00-DX1,,Trail,1537,0.18347430058555628
TCGA-CV-6934-01Z-00-DX1,TCGA-CV-6934-01Z-00-DX1,,VEGF,1537,0.8204294079375407
TCGA-CV-6934-01Z-00-DX1,TCGA-CV-6934-01Z-00-DX1,,WNT,1537,0.4951203643461288
TCGA-CV-6934-01Z-00-DX1,TCGA-CV-6934-01Z-00-DX1,,p53,1537,0.2283669486011711
TCGA-CV-6935-01Z-00-DX1,TCGA-CV-6935-01Z-00-DX1,,Androgen,3279,0.6657517535834095
TCGA-CV-6935-01Z-00-DX1,TCGA-CV-6935-01Z-00-DX1,,EGFR,3279,0.8026837450442208
TCGA-CV-6935-01Z-00-DX1,TCGA-CV-6935-01Z-00-DX1,,Estrogen,3279,0.5221103995120464
TCGA-CV-6935-01Z-00-DX1,TCGA-CV-6935-01Z-00-DX1,,Hypoxia,3279,0.9713327233912779
TCGA-CV-6935-01Z-00-DX1,TCGA-CV-6935-01Z-00-DX1,,JAK-STAT,3279,0.2595303446172614
TCGA-CV-6935-01Z-00-DX1,TCGA-CV-6935-01Z-00-DX1,,MAPK,3279,0.245806648368405
TCGA-CV-6935-01Z-00-DX1,TCGA-CV-6935-01Z-00-DX1,,NFkB,3279,0.11680390362915523
TCGA-CV-6935-01Z-00-DX1,TCGA-CV-6935-01Z-00-DX1,,PI3K,3279,0.23330283623055809
TCGA-CV-6935-01Z-00-DX1,TCGA-CV-6935-01Z-00-DX1,,TGFb,3279,0.488258615431534
TCGA-CV-6935-01Z-00-DX1,TCGA-CV-6935-01Z-00-DX1,,TNFa,3279,0.3376029277218664
TCGA-CV-6935-01Z-00-DX1,TCGA-CV-6935-01Z-00-DX1,,Trail,3279,0.44037816407441294
TCGA-CV-6935-01Z-00-DX1,TCGA-CV-6935-01Z-00-DX1,,VEGF,3279,0.5080817322354376
TCGA-CV-6935-01Z-00-DX1,TCGA-CV-6935-01Z-00-DX1,,WNT,3279,0.1405916437938396
TCGA-CV-6935-01Z-00-DX1,TCGA-CV-6935-01Z-00-DX1,,p53,3279,0.03385178408051235
TCGA-CV-6936-01Z-00-DX1,TCGA-CV-6936-01Z-00-DX1,,Androgen,2556,0.7848200312989045
TCGA-CV-6936-01Z-00-DX1,TCGA-CV-6936-01Z-00-DX1,,EGFR,2556,0.19992175273865415
TCGA-CV-6936-01Z-00-DX1,TCGA-CV-6936-01Z-00-DX1,,Estrogen,2556,0.5332550860719875
TCGA-CV-6936-01Z-00-DX1,TCGA-CV-6936-01Z-00-DX1,,Hypoxia,2556,0.18661971830985916
TCGA-CV-6936-01Z-00-DX1,TCGA-CV-6936-01Z-00-DX1,,JAK-STAT,2556,0.41158059467918623
TCGA-CV-6936-01Z-00-DX1,TCGA-CV-6936-01Z-00-DX1,,MAPK,2556,0.14358372456964005
TCGA-CV-6936-01Z-00-DX1,TCGA-CV-6936-01Z-00-DX1,,NFkB,2556,0.18348982785602505
TCGA-CV-6936-01Z-00-DX1,TCGA-CV-6936-01Z-00-DX1,,PI3K,2556,0.3986697965571205
TCGA-CV-6936-01Z-00-DX1,TCGA-CV-6936-01Z-00-DX1,,TGFb,2556,0.13262910798122066
TCGA-CV-6936-01Z-00-DX1,TCGA-CV-6936-01Z-00-DX1,,TNFa,2556,0.14827856025039124
TCGA-CV-6936-01Z-00-DX1,TCGA-CV-6936-01Z-00-DX1,,Trail,2556,0.1443661971830986
TCGA-CV-6936-01Z-00-DX1,TCGA-CV-6936-01Z-00-DX1,,VEGF,2556,0.15179968701095461
TCGA-CV-6936-01Z-00-DX1,TCGA-CV-6936-01Z-00-DX1,,WNT,2556,0.318075117370892
TCGA-CV-6936-01Z-00-DX1,TCGA-CV-6936-01Z-00-DX1,,p53,2556,0.23317683881064163
TCGA-CV-6937-01Z-00-DX1,TCGA-CV-6937-01Z-00-DX1,,Androgen,1576,0.5653553299492385
TCGA-CV-6937-01Z-00-DX1,TCGA-CV-6937-01Z-00-DX1,,EGFR,1576,0.5894670050761421
TCGA-CV-6937-01Z-00-DX1,TCGA-CV-6937-01Z-00-DX1,,Estrogen,1576,0.2201776649746193
TCGA-CV-6937-01Z-00-DX1,TCGA-CV-6937-01Z-00-DX1,,Hypoxia,1576,0.6154822335025381
TCGA-CV-6937-01Z-00-DX1,TCGA-CV-6937-01Z-00-DX1,,JAK-STAT,1576,0.04060913705583756
TCGA-CV-6937-01Z-00-DX1,TCGA-CV-6937-01Z-00-DX1,,MAPK,1576,0.2506345177664975
TCGA-CV-6937-01Z-00-DX1,TCGA-CV-6937-01Z-00-DX1,,NFkB,1576,0.28109137055837563
TCGA-CV-6937-01Z-00-DX1,TCGA-CV-6937-01Z-00-DX1,,PI3K,1576,0.09898477157360407
TCGA-CV-6937-01Z-00-DX1,TCGA-CV-6937-01Z-00-DX1,,TGFb,1576,0.8020304568527918
TCGA-CV-6937-01Z-00-DX1,TCGA-CV-6937-01Z-00-DX1,,TNFa,1576,0.550761421319797
TCGA-CV-6937-01Z-00-DX1,TCGA-CV-6937-01Z-00-DX1,,Trail,1576,0.038705583756345176
TCGA-CV-6937-01Z-00-DX1,TCGA-CV-6937-01Z-00-DX1,,VEGF,1576,0.2703045685279188
TCGA-CV-6937-01Z-00-DX1,TCGA-CV-6937-01Z-00-DX1,,WNT,1576,0.07360406091370558
TCGA-CV-6937-01Z-00-DX1,TCGA-CV-6937-01Z-00-DX1,,p53,1576,0.015862944162436547
TCGA-CV-6938-01Z-00-DX1,TCGA-CV-6938-01Z-00-DX1,,Androgen,2982,0.2022132796780684
TCGA-CV-6938-01Z-00-DX1,TCGA-CV-6938-01Z-00-DX1,,EGFR,2982,0.3158953722334004
TCGA-CV-6938-01Z-00-DX1,TCGA-CV-6938-01Z-00-DX1,,Estrogen,2982,0.9342723004694836
TCGA-CV-6938-01Z-00-DX1,TCGA-CV-6938-01Z-00-DX1,,Hypoxia,2982,0.9473507712944332
TCGA-CV-6938-01Z-00-DX1,TCGA-CV-6938-01Z-00-DX1,,JAK-STAT,2982,0.8001341381623072
TCGA-CV-6938-01Z-00-DX1,TCGA-CV-6938-01Z-00-DX1,,MAPK,2982,0.187458081824279
TCGA-CV-6938-01Z-00-DX1,TCGA-CV-6938-01Z-00-DX1,,NFkB,2982,0.21663313212608987
TCGA-CV-6938-01Z-00-DX1,TCGA-CV-6938-01Z-00-DX1,,PI3K,2982,0.20824949698189135
TCGA-CV-6938-01Z-00-DX1,TCGA-CV-6938-01Z-00-DX1,,TGFb,2982,0.4295774647887324
TCGA-CV-6938-01Z-00-DX1,TCGA-CV-6938-01Z-00-DX1,,TNFa,2982,0.295439302481556
TCGA-CV-6938-01Z-00-DX1,TCGA-CV-6938-01Z-00-DX1,,Trail,2982,0.818242790073776
TCGA-CV-6938-01Z-00-DX1,TCGA-CV-6938-01Z-00-DX1,,VEGF,2982,0.12139503688799463
TCGA-CV-6938-01Z-00-DX1,TCGA-CV-6938-01Z-00-DX1,,WNT,2982,0.22803487592219987
TCGA-CV-6938-01Z-00-DX1,TCGA-CV-6938-01Z-00-DX1,,p53,2982,0.40979208584842386
TCGA-CV-6940-01Z-00-DX1,TCGA-CV-6940-01Z-00-DX1,,Androgen,4712,0.5553904923599321
TCGA-CV-6940-01Z-00-DX1,TCGA-CV-6940-01Z-00-DX1,,EGFR,4712,0.5481748726655348
TCGA-CV-6940-01Z-00-DX1,TCGA-CV-6940-01Z-00-DX1,,Estrogen,4712,0.46413412563667233
TCGA-CV-6940-01Z-00-DX1,TCGA-CV-6940-01Z-00-DX1,,Hypoxia,4712,0.6387945670628183
TCGA-CV-6940-01Z-00-DX1,TCGA-CV-6940-01Z-00-DX1,,JAK-STAT,4712,0.4189303904923599
TCGA-CV-6940-01Z-00-DX1,TCGA-CV-6940-01Z-00-DX1,,MAPK,4712,0.7924448217317487
TCGA-CV-6940-01Z-00-DX1,TCGA-CV-6940-01Z-00-DX1,,NFkB,4712,0.3900679117147708
TCGA-CV-6940-01Z-00-DX1,TCGA-CV-6940-01Z-00-DX1,,PI3K,4712,0.00870118845500849
TCGA-CV-6940-01Z-00-DX1,TCGA-CV-6940-01Z-00-DX1,,TGFb,4712,0.4630730050933786
TCGA-CV-6940-01Z-00-DX1,TCGA-CV-6940-01Z-00-DX1,,TNFa,4712,0.28756366723259763
TCGA-CV-6940-01Z-00-DX1,TCGA-CV-6940-01Z-00-DX1,,Trail,4712,0.19397283531409168
TCGA-CV-6940-01Z-00-DX1,TCGA-CV-6940-01Z-00-DX1,,VEGF,4712,0.5341680814940577
TCGA-CV-6940-01Z-00-DX1,TCGA-CV-6940-01Z-00-DX1,,WNT,4712,0.291383701188455
TCGA-CV-6940-01Z-00-DX1,TCGA-CV-6940-01Z-00-DX1,,p53,4712,0.09401528013582343
TCGA-CV-6941-01Z-00-DX1,TCGA-CV-6941-01Z-00-DX1,,Androgen,1074,0.16201117318435754
TCGA-CV-6941-01Z-00-DX1,TCGA-CV-6941-01Z-00-DX1,,EGFR,1074,0.18528864059590316
TCGA-CV-6941-01Z-00-DX1,TCGA-CV-6941-01Z-00-DX1,,Estrogen,1074,0.5484171322160148
TCGA-CV-6941-01Z-00-DX1,TCGA-CV-6941-01Z-00-DX1,,Hypoxia,1074,0.40037243947858475
TCGA-CV-6941-01Z-00-DX1,TCGA-CV-6941-01Z-00-DX1,,JAK-STAT,1074,0.37057728119180633
TCGA-CV-6941-01Z-00-DX1,TCGA-CV-6941-01Z-00-DX1,,MAPK,1074,0.425512104283054
TCGA-CV-6941-01Z-00-DX1,TCGA-CV-6941-01Z-00-DX1,,NFkB,1074,0.4962756052141527
TCGA-CV-6941-01Z-00-DX1,TCGA-CV-6941-01Z-00-DX1,,PI3K,1074,0.25139664804469275
TCGA-CV-6941-01Z-00-DX1,TCGA-CV-6941-01Z-00-DX1,,TGFb,1074,0.008379888268156424
TCGA-CV-6941-01Z-00-DX1,TCGA-CV-6941-01Z-00-DX1,,TNFa,1074,0.39664804469273746
TCGA-CV-6941-01Z-00-DX1,TCGA-CV-6941-01Z-00-DX1,,Trail,1074,0.3361266294227188
TCGA-CV-6941-01Z-00-DX1,TCGA-CV-6941-01Z-00-DX1,,VEGF,1074,0.3817504655493482
TCGA-CV-6941-01Z-00-DX1,TCGA-CV-6941-01Z-00-DX1,,WNT,1074,0.6508379888268156
TCGA-CV-6941-01Z-00-DX1,TCGA-CV-6941-01Z-00-DX1,,p53,1074,0.17039106145251395
TCGA-CV-6943-01Z-00-DX1,TCGA-CV-6943-01Z-00-DX1,,Androgen,3061,0.2711532179026462
TCGA-CV-6943-01Z-00-DX1,TCGA-CV-6943-01Z-00-DX1,,EGFR,3061,0.5439398889251879
TCGA-CV-6943-01Z-00-DX1,TCGA-CV-6943-01Z-00-DX1,,Estrogen,3061,0.9872590656648155
TCGA-CV-6943-01Z-00-DX1,TCGA-CV-6943-01Z-00-DX1,,Hypoxia,3061,0.9588369813786344
TCGA-CV-6943-01Z-00-DX1,TCGA-CV-6943-01Z-00-DX1,,JAK-STAT,3061,0.7000980071871937
TCGA-CV-6943-01Z-00-DX1,TCGA-CV-6943-01Z-00-DX1,,MAPK,3061,0.3332244364586736
TCGA-CV-6943-01Z-00-DX1,TCGA-CV-6943-01Z-00-DX1,,NFkB,3061,0.041163018621365566
TCGA-CV-6943-01Z-00-DX1,TCGA-CV-6943-01Z-00-DX1,,PI3K,3061,0.4668409016661222
TCGA-CV-6943-01Z-00-DX1,TCGA-CV-6943-01Z-00-DX1,,TGFb,3061,0.5491669389088533
TCGA-CV-6943-01Z-00-DX1,TCGA-CV-6943-01Z-00-DX1,,TNFa,3061,0.17706631819666777
TCGA-CV-6943-01Z-00-DX1,TCGA-CV-6943-01Z-00-DX1,,Trail,3061,0.6435805292388108
TCGA-CV-6943-01Z-00-DX1,TCGA-CV-6943-01Z-00-DX1,,VEGF,3061,0.4292714799085266
TCGA-CV-6943-01Z-00-DX1,TCGA-CV-6943-01Z-00-DX1,,WNT,3061,0.5115975171512578
TCGA-CV-6943-01Z-00-DX1,TCGA-CV-6943-01Z-00-DX1,,p53,3061,0.1153217902646194
TCGA-CV-6948-01Z-00-DX1,TCGA-CV-6948-01Z-00-DX1,,Androgen,1644,0.201338199513382
TCGA-CV-6948-01Z-00-DX1,TCGA-CV-6948-01Z-00-DX1,,EGFR,1644,0.718978102189781
TCGA-CV-6948-01Z-00-DX1,TCGA-CV-6948-01Z-00-DX1,,Estrogen,1644,0.39902676399026765
TCGA-CV-6948-01Z-00-DX1,TCGA-CV-6948-01Z-00-DX1,,Hypoxia,1644,0.21532846715328466
TCGA-CV-6948-01Z-00-DX1,TCGA-CV-6948-01Z-00-DX1,,JAK-STAT,1644,0.4373479318734793
TCGA-CV-6948-01Z-00-DX1,TCGA-CV-6948-01Z-00-DX1,,MAPK,1644,0.566301703163017
TCGA-CV-6948-01Z-00-DX1,TCGA-CV-6948-01Z-00-DX1,,NFkB,1644,0.24817518248175183
TCGA-CV-6948-01Z-00-DX1,TCGA-CV-6948-01Z-00-DX1,,PI3K,1644,0.3728710462287105
TCGA-CV-6948-01Z-00-DX1,TCGA-CV-6948-01Z-00-DX1,,TGFb,1644,0.07481751824817519
TCGA-CV-6948-01Z-00-DX1,TCGA-CV-6948-01Z-00-DX1,,TNFa,1644,0.504257907542579
TCGA-CV-6948-01Z-00-DX1,TCGA-CV-6948-01Z-00-DX1,,Trail,1644,0.22749391727493917
TCGA-CV-6948-01Z-00-DX1,TCGA-CV-6948-01Z-00-DX1,,VEGF,1644,0.072992700729927
TCGA-CV-6948-01Z-00-DX1,TCGA-CV-6948-01Z-00-DX1,,WNT,1644,0.4975669099756691
TCGA-CV-6948-01Z-00-DX1,TCGA-CV-6948-01Z-00-DX1,,p53,1644,0.021897810218978103
TCGA-CV-6950-01Z-00-DX1,TCGA-CV-6950-01Z-00-DX1,,Androgen,3265,0.47473200612557426
TCGA-CV-6950-01Z-00-DX1,TCGA-CV-6950-01Z-00-DX1,,EGFR,3265,0.7111791730474732
TCGA-CV-6950-01Z-00-DX1,TCGA-CV-6950-01Z-00-DX1,,Estrogen,3265,0.32006125574272587
TCGA-CV-6950-01Z-00-DX1,TCGA-CV-6950-01Z-00-DX1,,Hypoxia,3265,0.8554364471669219
TCGA-CV-6950-01Z-00-DX1,TCGA-CV-6950-01Z-00-DX1,,JAK-STAT,3265,0.5938744257274119
TCGA-CV-6950-01Z-00-DX1,TCGA-CV-6950-01Z-00-DX1,,MAPK,3265,0.8777947932618683
TCGA-CV-6950-01Z-00-DX1,TCGA-CV-6950-01Z-00-DX1,,NFkB,3265,0.4315467075038285
TCGA-CV-6950-01Z-00-DX1,TCGA-CV-6950-01Z-00-DX1,,PI3K,3265,0.029402756508422664
TCGA-CV-6950-01Z-00-DX1,TCGA-CV-6950-01Z-00-DX1,,TGFb,3265,0.2875957120980092
TCGA-CV-6950-01Z-00-DX1,TCGA-CV-6950-01Z-00-DX1,,TNFa,3265,0.4863705972434916
TCGA-CV-6950-01Z-00-DX1,TCGA-CV-6950-01Z-00-DX1,,Trail,3265,0.03889739663093415
TCGA-CV-6950-01Z-00-DX1,TCGA-CV-6950-01Z-00-DX1,,VEGF,3265,0.7702909647779479
TCGA-CV-6950-01Z-00-DX1,TCGA-CV-6950-01Z-00-DX1,,WNT,3265,0.2983154670750383
TCGA-CV-6950-01Z-00-DX1,TCGA-CV-6950-01Z-00-DX1,,p53,3265,0.16967840735068912
TCGA-CV-6951-01Z-00-DX1,TCGA-CV-6951-01Z-00-DX1,,Androgen,2429,0.47179909427748046
TCGA-CV-6951-01Z-00-DX1,TCGA-CV-6951-01Z-00-DX1,,EGFR,2429,0.6430629888843146
TCGA-CV-6951-01Z-00-DX1,TCGA-CV-6951-01Z-00-DX1,,Estrogen,2429,0.27171675586661176
TCGA-CV-6951-01Z-00-DX1,TCGA-CV-6951-01Z-00-DX1,,Hypoxia,2429,0.13091807328118568
TCGA-CV-6951-01Z-00-DX1,TCGA-CV-6951-01Z-00-DX1,,JAK-STAT,2429,0.48085631947303414
TCGA-CV-6951-01Z-00-DX1,TCGA-CV-6951-01Z-00-DX1,,MAPK,2429,0.543845203787567
TCGA-CV-6951-01Z-00-DX1,TCGA-CV-6951-01Z-00-DX1,,NFkB,2429,0.15973651708522024
TCGA-CV-6951-01Z-00-DX1,TCGA-CV-6951-01Z-00-DX1,,PI3K,2429,0.37546315356113624
TCGA-CV-6951-01Z-00-DX1,TCGA-CV-6951-01Z-00-DX1,,TGFb,2429,0.35034993824619187
TCGA-CV-6951-01Z-00-DX1,TCGA-CV-6951-01Z-00-DX1,,TNFa,2429,0.4713874022231371
TCGA-CV-6951-01Z-00-DX1,TCGA-CV-6951-01Z-00-DX1,,Trail,2429,0.338822560724578
TCGA-CV-6951-01Z-00-DX1,TCGA-CV-6951-01Z-00-DX1,,VEGF,2429,0.0716344174557431
TCGA-CV-6951-01Z-00-DX1,TCGA-CV-6951-01Z-00-DX1,,WNT,2429,0.4191025113215315
TCGA-CV-6951-01Z-00-DX1,TCGA-CV-6951-01Z-00-DX1,,p53,2429,0.0168793742280774
TCGA-CV-6952-01Z-00-DX1,TCGA-CV-6952-01Z-00-DX1,,Androgen,3441,0.16652136006974716
TCGA-CV-6952-01Z-00-DX1,TCGA-CV-6952-01Z-00-DX1,,EGFR,3441,0.0938680616099971
TCGA-CV-6952-01Z-00-DX1,TCGA-CV-6952-01Z-00-DX1,,Estrogen,3441,0.11362975879104911
TCGA-CV-6952-01Z-00-DX1,TCGA-CV-6952-01Z-00-DX1,,Hypoxia,3441,0.5855855855855856
TCGA-CV-6952-01Z-00-DX1,TCGA-CV-6952-01Z-00-DX1,,JAK-STAT,3441,0.47893054344667246
TCGA-CV-6952-01Z-00-DX1,TCGA-CV-6952-01Z-00-DX1,,MAPK,3441,0.16971810520197617
TCGA-CV-6952-01Z-00-DX1,TCGA-CV-6952-01Z-00-DX1,,NFkB,3441,0.22231909328683522
TCGA-CV-6952-01Z-00-DX1,TCGA-CV-6952-01Z-00-DX1,,PI3K,3441,0.8206916594013368
TCGA-CV-6952-01Z-00-DX1,TCGA-CV-6952-01Z-00-DX1,,TGFb,3441,0.0005812263876780006
TCGA-CV-6952-01Z-00-DX1,TCGA-CV-6952-01Z-00-DX1,,TNFa,3441,0.6175530369078757
TCGA-CV-6952-01Z-00-DX1,TCGA-CV-6952-01Z-00-DX1,,Trail,3441,0.7038651554780587
TCGA-CV-6952-01Z-00-DX1,TCGA-CV-6952-01Z-00-DX1,,VEGF,3441,0.7477477477477478
TCGA-CV-6952-01Z-00-DX1,TCGA-CV-6952-01Z-00-DX1,,WNT,3441,0.34495786108689336
TCGA-CV-6952-01Z-00-DX1,TCGA-CV-6952-01Z-00-DX1,,p53,3441,0.41557686718977044
TCGA-CV-6954-01Z-00-DX1,TCGA-CV-6954-01Z-00-DX1,,Androgen,1972,0.3894523326572008
TCGA-CV-6954-01Z-00-DX1,TCGA-CV-6954-01Z-00-DX1,,EGFR,1972,0.5709939148073022
TCGA-CV-6954-01Z-00-DX1,TCGA-CV-6954-01Z-00-DX1,,Estrogen,1972,0.25202839756592293
TCGA-CV-6954-01Z-00-DX1,TCGA-CV-6954-01Z-00-DX1,,Hypoxia,1972,0.390973630831643
TCGA-CV-6954-01Z-00-DX1,TCGA-CV-6954-01Z-00-DX1,,JAK-STAT,1972,0.2297160243407708
TCGA-CV-6954-01Z-00-DX1,TCGA-CV-6954-01Z-00-DX1,,MAPK,1972,0.4051724137931034
TCGA-CV-6954-01Z-00-DX1,TCGA-CV-6954-01Z-00-DX1,,NFkB,1972,0.2114604462474645
TCGA-CV-6954-01Z-00-DX1,TCGA-CV-6954-01Z-00-DX1,,PI3K,1972,0.5603448275862069
TCGA-CV-6954-01Z-00-DX1,TCGA-CV-6954-01Z-00-DX1,,TGFb,1972,0.2865111561866126
TCGA-CV-6954-01Z-00-DX1,TCGA-CV-6954-01Z-00-DX1,,TNFa,1972,0.3580121703853955
TCGA-CV-6954-01Z-00-DX1,TCGA-CV-6954-01Z-00-DX1,,Trail,1972,0.13032454361054766
TCGA-CV-6954-01Z-00-DX1,TCGA-CV-6954-01Z-00-DX1,,VEGF,1972,0.6445233265720081
TCGA-CV-6954-01Z-00-DX1,TCGA-CV-6954-01Z-00-DX1,,WNT,1972,0.3174442190669371
TCGA-CV-6954-01Z-00-DX1,TCGA-CV-6954-01Z-00-DX1,,p53,1972,0.053245436105476676
TCGA-CV-6955-01Z-00-DX1,TCGA-CV-6955-01Z-00-DX1,,Androgen,849,0.127208480565371
TCGA-CV-6955-01Z-00-DX1,TCGA-CV-6955-01Z-00-DX1,,EGFR,849,0.3321554770318021
TCGA-CV-6955-01Z-00-DX1,TCGA-CV-6955-01Z-00-DX1,,Estrogen,849,0.24381625441696114
TCGA-CV-6955-01Z-00-DX1,TCGA-CV-6955-01Z-00-DX1,,Hypoxia,849,0.18138987043580684
TCGA-CV-6955-01Z-00-DX1,TCGA-CV-6955-01Z-00-DX1,,JAK-STAT,849,0.5053003533568905
TCGA-CV-6955-01Z-00-DX1,TCGA-CV-6955-01Z-00-DX1,,MAPK,849,0.6065959952885748
TCGA-CV-6955-01Z-00-DX1,TCGA-CV-6955-01Z-00-DX1,,NFkB,849,0.12367491166077739
TCGA-CV-6955-01Z-00-DX1,TCGA-CV-6955-01Z-00-DX1,,PI3K,849,0.6454652532391049
TCGA-CV-6955-01Z-00-DX1,TCGA-CV-6955-01Z-00-DX1,,TGFb,849,0.1519434628975265
TCGA-CV-6955-01Z-00-DX1,TCGA-CV-6955-01Z-00-DX1,,TNFa,849,0.7173144876325088
TCGA-CV-6955-01Z-00-DX1,TCGA-CV-6955-01Z-00-DX1,,Trail,849,0.4134275618374558
TCGA-CV-6955-01Z-00-DX1,TCGA-CV-6955-01Z-00-DX1,,VEGF,849,0.47703180212014135
TCGA-CV-6955-01Z-00-DX1,TCGA-CV-6955-01Z-00-DX1,,WNT,849,0.4098939929328622
TCGA-CV-6955-01Z-00-DX1,TCGA-CV-6955-01Z-00-DX1,,p53,849,0.22379269729093051
TCGA-CV-6956-01Z-00-DX1,TCGA-CV-6956-01Z-00-DX1,,Androgen,1339,0.06945481702763256
TCGA-CV-6956-01Z-00-DX1,TCGA-CV-6956-01Z-00-DX1,,EGFR,1339,0.572068707991038
TCGA-CV-6956-01Z-00-DX1,TCGA-CV-6956-01Z-00-DX1,,Estrogen,1339,0.5892457057505601
TCGA-CV-6956-01Z-00-DX1,TCGA-CV-6956-01Z-00-DX1,,Hypoxia,1339,0.8663181478715459
TCGA-CV-6956-01Z-00-DX1,TCGA-CV-6956-01Z-00-DX1,,JAK-STAT,1339,0.13741598207617625
TCGA-CV-6956-01Z-00-DX1,TCGA-CV-6956-01Z-00-DX1,,MAPK,1339,0.690067214339059
TCGA-CV-6956-01Z-00-DX1,TCGA-CV-6956-01Z-00-DX1,,NFkB,1339,0.1717699775952203
TCGA-CV-6956-01Z-00-DX1,TCGA-CV-6956-01Z-00-DX1,,PI3K,1339,0.7789395070948469
TCGA-CV-6956-01Z-00-DX1,TCGA-CV-6956-01Z-00-DX1,,TGFb,1339,0.11874533233756535
TCGA-CV-6956-01Z-00-DX1,TCGA-CV-6956-01Z-00-DX1,,TNFa,1339,0.556385362210605
TCGA-CV-6956-01Z-00-DX1,TCGA-CV-6956-01Z-00-DX1,,Trail,1339,0.22628827483196415
TCGA-CV-6956-01Z-00-DX1,TCGA-CV-6956-01Z-00-DX1,,VEGF,1339,0.8737864077669902
TCGA-CV-6956-01Z-00-DX1,TCGA-CV-6956-01Z-00-DX1,,WNT,1339,0.20388349514563106
TCGA-CV-6956-01Z-00-DX1,TCGA-CV-6956-01Z-00-DX1,,p53,1339,0.17625093353248694
TCGA-CV-6959-01Z-00-DX1,TCGA-CV-6959-01Z-00-DX1,,Androgen,3553,0.1291866028708134
TCGA-CV-6959-01Z-00-DX1,TCGA-CV-6959-01Z-00-DX1,,EGFR,3553,0.3115676892766676
TCGA-CV-6959-01Z-00-DX1,TCGA-CV-6959-01Z-00-DX1,,Estrogen,3553,0.6501547987616099
TCGA-CV-6959-01Z-00-DX1,TCGA-CV-6959-01Z-00-DX1,,Hypoxia,3553,0.8111455108359134
TCGA-CV-6959-01Z-00-DX1,TCGA-CV-6959-01Z-00-DX1,,JAK-STAT,3553,0.3557556994089502
TCGA-CV-6959-01Z-00-DX1,TCGA-CV-6959-01Z-00-DX1,,MAPK,3553,0.5446101885730369
TCGA-CV-6959-01Z-00-DX1,TCGA-CV-6959-01Z-00-DX1,,NFkB,3553,0.34083872783563185
TCGA-CV-6959-01Z-00-DX1,TCGA-CV-6959-01Z-00-DX1,,PI3K,3553,0.6636645088657472
TCGA-CV-6959-01Z-00-DX1,TCGA-CV-6959-01Z-00-DX1,,TGFb,3553,0.07936954686180693
TCGA-CV-6959-01Z-00-DX1,TCGA-CV-6959-01Z-00-DX1,,TNFa,3553,0.3929074021953279
TCGA-CV-6959-01Z-00-DX1,TCGA-CV-6959-01Z-00-DX1,,Trail,3553,0.2617506332676611
TCGA-CV-6959-01Z-00-DX1,TCGA-CV-6959-01Z-00-DX1,,VEGF,3553,0.47058823529411764
TCGA-CV-6959-01Z-00-DX1,TCGA-CV-6959-01Z-00-DX1,,WNT,3553,0.14860681114551083
TCGA-CV-6959-01Z-00-DX1,TCGA-CV-6959-01Z-00-DX1,,p53,3553,0.0484097945398255
TCGA-CV-6960-01Z-00-DX1,TCGA-CV-6960-01Z-00-DX1,,Androgen,1313,0.7486671744097486
TCGA-CV-6960-01Z-00-DX1,TCGA-CV-6960-01Z-00-DX1,,EGFR,1313,0.904036557501904
TCGA-CV-6960-01Z-00-DX1,TCGA-CV-6960-01Z-00-DX1,,Estrogen,1313,0.7113480578827114
TCGA-CV-6960-01Z-00-DX1,TCGA-CV-6960-01Z-00-DX1,,Hypoxia,1313,0.559025133282559
TCGA-CV-6960-01Z-00-DX1,TCGA-CV-6960-01Z-00-DX1,,JAK-STAT,1313,0.19116527037319117
TCGA-CV-6960-01Z-00-DX1,TCGA-CV-6960-01Z-00-DX1,,MAPK,1313,0.8948971820258949
TCGA-CV-6960-01Z-00-DX1,TCGA-CV-6960-01Z-00-DX1,,NFkB,1313,0.28255902513328257
TCGA-CV-6960-01Z-00-DX1,TCGA-CV-6960-01Z-00-DX1,,PI3K,1313,0.5247524752475248
TCGA-CV-6960-01Z-00-DX1,TCGA-CV-6960-01Z-00-DX1,,TGFb,1313,0.49885757806549885
TCGA-CV-6960-01Z-00-DX1,TCGA-CV-6960-01Z-00-DX1,,TNFa,1313,0.5742574257425742
TCGA-CV-6960-01Z-00-DX1,TCGA-CV-6960-01Z-00-DX1,,Trail,1313,0.33434881949733436
TCGA-CV-6960-01Z-00-DX1,TCGA-CV-6960-01Z-00-DX1,,VEGF,1313,0.7958872810357959
TCGA-CV-6960-01Z-00-DX1,TCGA-CV-6960-01Z-00-DX1,,WNT,1313,0.42574257425742573
TCGA-CV-6960-01Z-00-DX1,TCGA-CV-6960-01Z-00-DX1,,p53,1313,0.026656511805026657
TCGA-CV-6962-01Z-00-DX1,TCGA-CV-6962-01Z-00-DX1,,Androgen,827,0.32889963724304716
TCGA-CV-6962-01Z-00-DX1,TCGA-CV-6962-01Z-00-DX1,,EGFR,827,0.8210399032648126
TCGA-CV-6962-01Z-00-DX1,TCGA-CV-6962-01Z-00-DX1,,Estrogen,827,0.7327690447400241
TCGA-CV-6962-01Z-00-DX1,TCGA-CV-6962-01Z-00-DX1,,Hypoxia,827,0.7750906892382105
TCGA-CV-6962-01Z-00-DX1,TCGA-CV-6962-01Z-00-DX1,,JAK-STAT,827,0.47642079806529625
TCGA-CV-6962-01Z-00-DX1,TCGA-CV-6962-01Z-00-DX1,,MAPK,827,0.32043530834340994
TCGA-CV-6962-01Z-00-DX1,TCGA-CV-6962-01Z-00-DX1,,NFkB,827,0.23941958887545345
TCGA-CV-6962-01Z-00-DX1,TCGA-CV-6962-01Z-00-DX1,,PI3K,827,0.5876662636033857
TCGA-CV-6962-01Z-00-DX1,TCGA-CV-6962-01Z-00-DX1,,TGFb,827,0.32769044740024184
TCGA-CV-6962-01Z-00-DX1,TCGA-CV-6962-01Z-00-DX1,,TNFa,827,0.5259975816203144
TCGA-CV-6962-01Z-00-DX1,TCGA-CV-6962-01Z-00-DX1,,Trail,827,0.4147521160822249
TCGA-CV-6962-01Z-00-DX1,TCGA-CV-6962-01Z-00-DX1,,VEGF,827,0.06771463119709795
TCGA-CV-6962-01Z-00-DX1,TCGA-CV-6962-01Z-00-DX1,,WNT,827,0.40507859733978235
TCGA-CV-6962-01Z-00-DX1,TCGA-CV-6962-01Z-00-DX1,,p53,827,0.5211608222490931
TCGA-CV-7089-01Z-00-DX1,TCGA-CV-7089-01Z-00-DX1,,Androgen,4145,0.7102533172496984
TCGA-CV-7089-01Z-00-DX1,TCGA-CV-7089-01Z-00-DX1,,EGFR,4145,0.517490952955368
TCGA-CV-7089-01Z-00-DX1,TCGA-CV-7089-01Z-00-DX1,,Estrogen,4145,0.1141133896260555
TCGA-CV-7089-01Z-00-DX1,TCGA-CV-7089-01Z-00-DX1,,Hypoxia,4145,0.3261761158021713
TCGA-CV-7089-01Z-00-DX1,TCGA-CV-7089-01Z-00-DX1,,JAK-STAT,4145,0.46079613992762364
TCGA-CV-7089-01Z-00-DX1,TCGA-CV-7089-01Z-00-DX1,,MAPK,4145,0.6463208685162847
TCGA-CV-7089-01Z-00-DX1,TCGA-CV-7089-01Z-00-DX1,,NFkB,4145,0.3749095295536791
TCGA-CV-7089-01Z-00-DX1,TCGA-CV-7089-01Z-00-DX1,,PI3K,4145,0.7018094089264174
TCGA-CV-7089-01Z-00-DX1,TCGA-CV-7089-01Z-00-DX1,,TGFb,4145,0.10012062726176116
TCGA-CV-7089-01Z-00-DX1,TCGA-CV-7089-01Z-00-DX1,,TNFa,4145,0.6243667068757539
TCGA-CV-7089-01Z-00-DX1,TCGA-CV-7089-01Z-00-DX1,,Trail,4145,0.34378769601930037
TCGA-CV-7089-01Z-00-DX1,TCGA-CV-7089-01Z-00-DX1,,VEGF,4145,0.5751507840772014
TCGA-CV-7089-01Z-00-DX1,TCGA-CV-7089-01Z-00-DX1,,WNT,4145,0.21133896260554885
TCGA-CV-7089-01Z-00-DX1,TCGA-CV-7089-01Z-00-DX1,,p53,4145,0.25934861278648974
TCGA-CV-7090-01Z-00-DX1,TCGA-CV-7090-01Z-00-DX1,,Androgen,4402,0.47387551113130394
TCGA-CV-7090-01Z-00-DX1,TCGA-CV-7090-01Z-00-DX1,,EGFR,4402,0.7426169922762381
TCGA-CV-7090-01Z-00-DX1,TCGA-CV-7090-01Z-00-DX1,,Estrogen,4402,0.9550204452521581
TCGA-CV-7090-01Z-00-DX1,TCGA-CV-7090-01Z-00-DX1,,Hypoxia,4402,0.7592003634711495
TCGA-CV-7090-01Z-00-DX1,TCGA-CV-7090-01Z-00-DX1,,JAK-STAT,4402,0.5586097228532485
TCGA-CV-7090-01Z-00-DX1,TCGA-CV-7090-01Z-00-DX1,,MAPK,4402,0.5715583825533849
TCGA-CV-7090-01Z-00-DX1,TCGA-CV-7090-01Z-00-DX1,,NFkB,4402,0.08359836437982734
TCGA-CV-7090-01Z-00-DX1,TCGA-CV-7090-01Z-00-DX1,,PI3K,4402,0.6283507496592458
TCGA-CV-7090-01Z-00-DX1,TCGA-CV-7090-01Z-00-DX1,,TGFb,4402,0.24307133121308497
TCGA-CV-7090-01Z-00-DX1,TCGA-CV-7090-01Z-00-DX1,,TNFa,4402,0.7730577010449795
TCGA-CV-7090-01Z-00-DX1,TCGA-CV-7090-01Z-00-DX1,,Trail,4402,0.41435711040436163
TCGA-CV-7090-01Z-00-DX1,TCGA-CV-7090-01Z-00-DX1,,VEGF,4402,0.7460245343025897
TCGA-CV-7090-01Z-00-DX1,TCGA-CV-7090-01Z-00-DX1,,WNT,4402,0.20195365742844162
TCGA-CV-7090-01Z-00-DX1,TCGA-CV-7090-01Z-00-DX1,,p53,4402,0.4259427532939573
TCGA-CV-7091-01Z-00-DX1,TCGA-CV-7091-01Z-00-DX1,,Androgen,4071,0.14075165806927045
TCGA-CV-7091-01Z-00-DX1,TCGA-CV-7091-01Z-00-DX1,,EGFR,4071,0.5190370916236797
TCGA-CV-7091-01Z-00-DX1,TCGA-CV-7091-01Z-00-DX1,,Estrogen,4071,0.4298698108572832
TCGA-CV-7091-01Z-00-DX1,TCGA-CV-7091-01Z-00-DX1,,Hypoxia,4071,0.8619503807418325
TCGA-CV-7091-01Z-00-DX1,TCGA-CV-7091-01Z-00-DX1,,JAK-STAT,4071,0.023335789732252518
TCGA-CV-7091-01Z-00-DX1,TCGA-CV-7091-01Z-00-DX1,,MAPK,4071,0.6730533038565463
TCGA-CV-7091-01Z-00-DX1,TCGA-CV-7091-01Z-00-DX1,,NFkB,4071,0.391304347826087
TCGA-CV-7091-01Z-00-DX1,TCGA-CV-7091-01Z-00-DX1,,PI3K,4071,0.6000982559567674
TCGA-CV-7091-01Z-00-DX1,TCGA-CV-7091-01Z-00-DX1,,TGFb,4071,0.022598870056497175
TCGA-CV-7091-01Z-00-DX1,TCGA-CV-7091-01Z-00-DX1,,TNFa,4071,0.4534512404814542
TCGA-CV-7091-01Z-00-DX1,TCGA-CV-7091-01Z-00-DX1,,Trail,4071,0.16703512650454433
TCGA-CV-7091-01Z-00-DX1,TCGA-CV-7091-01Z-00-DX1,,VEGF,4071,0.4210267747482191
TCGA-CV-7091-01Z-00-DX1,TCGA-CV-7091-01Z-00-DX1,,WNT,4071,0.2630803242446573
TCGA-CV-7091-01Z-00-DX1,TCGA-CV-7091-01Z-00-DX1,,p53,4071,0.2102677474821911
TCGA-CV-7095-01Z-00-DX1,TCGA-CV-7095-01Z-00-DX1,,Androgen,3127,0.4883274704189319
TCGA-CV-7095-01Z-00-DX1,TCGA-CV-7095-01Z-00-DX1,,EGFR,3127,0.6293572113847138
TCGA-CV-7095-01Z-00-DX1,TCGA-CV-7095-01Z-00-DX1,,Estrogen,3127,0.12983690438119602
TCGA-CV-7095-01Z-00-DX1,TCGA-CV-7095-01Z-00-DX1,,Hypoxia,3127,0.7492804605052766
TCGA-CV-7095-01Z-00-DX1,TCGA-CV-7095-01Z-00-DX1,,JAK-STAT,3127,0.2654301247201791
TCGA-CV-7095-01Z-00-DX1,TCGA-CV-7095-01Z-00-DX1,,MAPK,3127,0.44163735209465943
TCGA-CV-7095-01Z-00-DX1,TCGA-CV-7095-01Z-00-DX1,,NFkB,3127,0.307323313079629
TCGA-CV-7095-01Z-00-DX1,TCGA-CV-7095-01Z-00-DX1,,PI3K,3127,0.15030380556443876
TCGA-CV-7095-01Z-00-DX1,TCGA-CV-7095-01Z-00-DX1,,TGFb,3127,0.47969299648225133
TCGA-CV-7095-01Z-00-DX1,TCGA-CV-7095-01Z-00-DX1,,TNFa,3127,0.6293572113847138
TCGA-CV-7095-01Z-00-DX1,TCGA-CV-7095-01Z-00-DX1,,Trail,3127,0.33002878157978893
TCGA-CV-7095-01Z-00-DX1,TCGA-CV-7095-01Z-00-DX1,,VEGF,3127,0.4291653341861209
TCGA-CV-7095-01Z-00-DX1,TCGA-CV-7095-01Z-00-DX1,,WNT,3127,0.11384713783178765
TCGA-CV-7095-01Z-00-DX1,TCGA-CV-7095-01Z-00-DX1,,p53,3127,0.017908538535337384
TCGA-CV-7097-01Z-00-DX1,TCGA-CV-7097-01Z-00-DX1,,Androgen,2626,0.408987052551409
TCGA-CV-7097-01Z-00-DX1,TCGA-CV-7097-01Z-00-DX1,,EGFR,2626,0.7174409748667174
TCGA-CV-7097-01Z-00-DX1,TCGA-CV-7097-01Z-00-DX1,,Estrogen,2626,0.41774562071591775
TCGA-CV-7097-01Z-00-DX1,TCGA-CV-7097-01Z-00-DX1,,Hypoxia,2626,0.5148514851485149
TCGA-CV-7097-01Z-00-DX1,TCGA-CV-7097-01Z-00-DX1,,JAK-STAT,2626,0.41393754760091395
TCGA-CV-7097-01Z-00-DX1,TCGA-CV-7097-01Z-00-DX1,,MAPK,2626,0.6968773800456969
TCGA-CV-7097-01Z-00-DX1,TCGA-CV-7097-01Z-00-DX1,,NFkB,2626,0.2631378522467631
TCGA-CV-7097-01Z-00-DX1,TCGA-CV-7097-01Z-00-DX1,,PI3K,2626,0.24866717440974867
TCGA-CV-7097-01Z-00-DX1,TCGA-CV-7097-01Z-00-DX1,,TGFb,2626,0.5765422696115765
TCGA-CV-7097-01Z-00-DX1,TCGA-CV-7097-01Z-00-DX1,,TNFa,2626,0.6210967250571211
TCGA-CV-7097-01Z-00-DX1,TCGA-CV-7097-01Z-00-DX1,,Trail,2626,0.3431073876618431
TCGA-CV-7097-01Z-00-DX1,TCGA-CV-7097-01Z-00-DX1,,VEGF,2626,0.8728103579588729
TCGA-CV-7097-01Z-00-DX1,TCGA-CV-7097-01Z-00-DX1,,WNT,2626,0.19230769230769232
TCGA-CV-7097-01Z-00-DX1,TCGA-CV-7097-01Z-00-DX1,,p53,2626,0.053313023610053314
TCGA-CV-7099-01Z-00-DX1,TCGA-CV-7099-01Z-00-DX1,,Androgen,2307,0.09146077156480277
TCGA-CV-7099-01Z-00-DX1,TCGA-CV-7099-01Z-00-DX1,,EGFR,2307,0.5283918508886
TCGA-CV-7099-01Z-00-DX1,TCGA-CV-7099-01Z-00-DX1,,Estrogen,2307,0.23146944083224968
TCGA-CV-7099-01Z-00-DX1,TCGA-CV-7099-01Z-00-DX1,,Hypoxia,2307,0.6103164282618119
TCGA-CV-7099-01Z-00-DX1,TCGA-CV-7099-01Z-00-DX1,,JAK-STAT,2307,0.7563935847420893
TCGA-CV-7099-01Z-00-DX1,TCGA-CV-7099-01Z-00-DX1,,MAPK,2307,0.9085392284351972
TCGA-CV-7099-01Z-00-DX1,TCGA-CV-7099-01Z-00-DX1,,NFkB,2307,0.3337667967056784
TCGA-CV-7099-01Z-00-DX1,TCGA-CV-7099-01Z-00-DX1,,PI3K,2307,0.0329432162982228
TCGA-CV-7099-01Z-00-DX1,TCGA-CV-7099-01Z-00-DX1,,TGFb,2307,0.1482444733420026
TCGA-CV-7099-01Z-00-DX1,TCGA-CV-7099-01Z-00-DX1,,TNFa,2307,0.7230169050715215
TCGA-CV-7099-01Z-00-DX1,TCGA-CV-7099-01Z-00-DX1,,Trail,2307,0.022540095361941917
TCGA-CV-7099-01Z-00-DX1,TCGA-CV-7099-01Z-00-DX1,,VEGF,2307,0.88296488946684
TCGA-CV-7099-01Z-00-DX1,TCGA-CV-7099-01Z-00-DX1,,WNT,2307,0.18032076289553534
TCGA-CV-7099-01Z-00-DX1,TCGA-CV-7099-01Z-00-DX1,,p53,2307,0.27785002167316863
TCGA-CV-7102-01Z-00-DX1,TCGA-CV-7102-01Z-00-DX1,,Androgen,1096,0.09671532846715329
TCGA-CV-7102-01Z-00-DX1,TCGA-CV-7102-01Z-00-DX1,,EGFR,1096,0.35675182481751827
TCGA-CV-7102-01Z-00-DX1,TCGA-CV-7102-01Z-00-DX1,,Estrogen,1096,0.33941605839416056
TCGA-CV-7102-01Z-00-DX1,TCGA-CV-7102-01Z-00-DX1,,Hypoxia,1096,0.4708029197080292
TCGA-CV-7102-01Z-00-DX1,TCGA-CV-7102-01Z-00-DX1,,JAK-STAT,1096,0.4863138686131387
TCGA-CV-7102-01Z-00-DX1,TCGA-CV-7102-01Z-00-DX1,,MAPK,1096,0.4279197080291971
TCGA-CV-7102-01Z-00-DX1,TCGA-CV-7102-01Z-00-DX1,,NFkB,1096,0.18886861313868614
TCGA-CV-7102-01Z-00-DX1,TCGA-CV-7102-01Z-00-DX1,,PI3K,1096,0.48266423357664234
TCGA-CV-7102-01Z-00-DX1,TCGA-CV-7102-01Z-00-DX1,,TGFb,1096,0.354014598540146
TCGA-CV-7102-01Z-00-DX1,TCGA-CV-7102-01Z-00-DX1,,TNFa,1096,0.23357664233576642
TCGA-CV-7102-01Z-00-DX1,TCGA-CV-7102-01Z-00-DX1,,Trail,1096,0.3512773722627737
TCGA-CV-7102-01Z-00-DX1,TCGA-CV-7102-01Z-00-DX1,,VEGF,1096,0.2591240875912409
TCGA-CV-7102-01Z-00-DX1,TCGA-CV-7102-01Z-00-DX1,,WNT,1096,0.28102189781021897
TCGA-CV-7102-01Z-00-DX1,TCGA-CV-7102-01Z-00-DX1,,p53,1096,0.014598540145985401
TCGA-CV-7103-01Z-00-DX1,TCGA-CV-7103-01Z-00-DX1,,Androgen,1369,0.408327246165084
TCGA-CV-7103-01Z-00-DX1,TCGA-CV-7103-01Z-00-DX1,,EGFR,1369,0.5712198685171658
TCGA-CV-7103-01Z-00-DX1,TCGA-CV-7103-01Z-00-DX1,,Estrogen,1369,0.9824689554419284
TCGA-CV-7103-01Z-00-DX1,TCGA-CV-7103-01Z-00-DX1,,Hypoxia,1369,0.20598977355734113
TCGA-CV-7103-01Z-00-DX1,TCGA-CV-7103-01Z-00-DX1,,JAK-STAT,1369,0.6508400292184076
TCGA-CV-7103-01Z-00-DX1,TCGA-CV-7103-01Z-00-DX1,,MAPK,1369,0.08546384222059898
TCGA-CV-7103-01Z-00-DX1,TCGA-CV-7103-01Z-00-DX1,,NFkB,1369,0.021183345507669833
TCGA-CV-7103-01Z-00-DX1,TCGA-CV-7103-01Z-00-DX1,,PI3K,1369,0.295836376917458
TCGA-CV-7103-01Z-00-DX1,TCGA-CV-7103-01Z-00-DX1,,TGFb,1369,0.3170197224251278
TCGA-CV-7103-01Z-00-DX1,TCGA-CV-7103-01Z-00-DX1,,TNFa,1369,0.19211102994886778
TCGA-CV-7103-01Z-00-DX1,TCGA-CV-7103-01Z-00-DX1,,Trail,1369,0.5529583637691746
TCGA-CV-7103-01Z-00-DX1,TCGA-CV-7103-01Z-00-DX1,,VEGF,1369,0.20014609203798392
TCGA-CV-7103-01Z-00-DX1,TCGA-CV-7103-01Z-00-DX1,,WNT,1369,0.5887509130752374
TCGA-CV-7103-01Z-00-DX1,TCGA-CV-7103-01Z-00-DX1,,p53,1369,0.18699780861943024
TCGA-CV-7177-01Z-00-DX1,TCGA-CV-7177-01Z-00-DX1,,Androgen,905,0.36906077348066296
TCGA-CV-7177-01Z-00-DX1,TCGA-CV-7177-01Z-00-DX1,,EGFR,905,0.8950276243093923
TCGA-CV-7177-01Z-00-DX1,TCGA-CV-7177-01Z-00-DX1,,Estrogen,905,0.8906077348066298
TCGA-CV-7177-01Z-00-DX1,TCGA-CV-7177-01Z-00-DX1,,Hypoxia,905,0.5082872928176796
TCGA-CV-7177-01Z-00-DX1,TCGA-CV-7177-01Z-00-DX1,,JAK-STAT,905,0.5248618784530387
TCGA-CV-7177-01Z-00-DX1,TCGA-CV-7177-01Z-00-DX1,,MAPK,905,0.1414364640883978
TCGA-CV-7177-01Z-00-DX1,TCGA-CV-7177-01Z-00-DX1,,NFkB,905,0.11160220994475138
TCGA-CV-7177-01Z-00-DX1,TCGA-CV-7177-01Z-00-DX1,,PI3K,905,0.4088397790055249
TCGA-CV-7177-01Z-00-DX1,TCGA-CV-7177-01Z-00-DX1,,TGFb,905,0.4685082872928177
TCGA-CV-7177-01Z-00-DX1,TCGA-CV-7177-01Z-00-DX1,,TNFa,905,0.23646408839779007
TCGA-CV-7177-01Z-00-DX1,TCGA-CV-7177-01Z-00-DX1,,Trail,905,0.38453038674033146
TCGA-CV-7177-01Z-00-DX1,TCGA-CV-7177-01Z-00-DX1,,VEGF,905,0.19889502762430938
TCGA-CV-7177-01Z-00-DX1,TCGA-CV-7177-01Z-00-DX1,,WNT,905,0.3756906077348066
TCGA-CV-7177-01Z-00-DX1,TCGA-CV-7177-01Z-00-DX1,,p53,905,0.27845303867403315
TCGA-CV-7178-01Z-00-DX1,TCGA-CV-7178-01Z-00-DX1,,Androgen,4876,0.1509433962264151
TCGA-CV-7178-01Z-00-DX1,TCGA-CV-7178-01Z-00-DX1,,EGFR,4876,0.32649712879409354
TCGA-CV-7178-01Z-00-DX1,TCGA-CV-7178-01Z-00-DX1,,Estrogen,4876,0.19196062346185397
TCGA-CV-7178-01Z-00-DX1,TCGA-CV-7178-01Z-00-DX1,,Hypoxia,4876,0.1792452830188679
TCGA-CV-7178-01Z-00-DX1,TCGA-CV-7178-01Z-00-DX1,,JAK-STAT,4876,0.3351107465135357
TCGA-CV-7178-01Z-00-DX1,TCGA-CV-7178-01Z-00-DX1,,MAPK,4876,0.4780557834290402
TCGA-CV-7178-01Z-00-DX1,TCGA-CV-7178-01Z-00-DX1,,NFkB,4876,0.16365873666940114
TCGA-CV-7178-01Z-00-DX1,TCGA-CV-7178-01Z-00-DX1,,PI3K,4876,0.31480721903199343
TCGA-CV-7178-01Z-00-DX1,TCGA-CV-7178-01Z-00-DX1,,TGFb,4876,0.2899917965545529
TCGA-CV-7178-01Z-00-DX1,TCGA-CV-7178-01Z-00-DX1,,TNFa,4876,0.32834290401968824
TCGA-CV-7178-01Z-00-DX1,TCGA-CV-7178-01Z-00-DX1,,Trail,4876,0.22190319934372438
TCGA-CV-7178-01Z-00-DX1,TCGA-CV-7178-01Z-00-DX1,,VEGF,4876,0.20816242821985234
TCGA-CV-7178-01Z-00-DX1,TCGA-CV-7178-01Z-00-DX1,,WNT,4876,0.5877768662838392
TCGA-CV-7178-01Z-00-DX1,TCGA-CV-7178-01Z-00-DX1,,p53,4876,0.07301066447908121
TCGA-CV-7180-01Z-00-DX1,TCGA-CV-7180-01Z-00-DX1,,Androgen,1386,0.5735930735930735
TCGA-CV-7180-01Z-00-DX1,TCGA-CV-7180-01Z-00-DX1,,EGFR,1386,0.4523809523809524
TCGA-CV-7180-01Z-00-DX1,TCGA-CV-7180-01Z-00-DX1,,Estrogen,1386,0.36507936507936506
TCGA-CV-7180-01Z-00-DX1,TCGA-CV-7180-01Z-00-DX1,,Hypoxia,1386,0.42207792207792205
TCGA-CV-7180-01Z-00-DX1,TCGA-CV-7180-01Z-00-DX1,,JAK-STAT,1386,0.30303030303030304
TCGA-CV-7180-01Z-00-DX1,TCGA-CV-7180-01Z-00-DX1,,MAPK,1386,0.443001443001443
TCGA-CV-7180-01Z-00-DX1,TCGA-CV-7180-01Z-00-DX1,,NFkB,1386,0.17676767676767677
TCGA-CV-7180-01Z-00-DX1,TCGA-CV-7180-01Z-00-DX1,,PI3K,1386,0.525974025974026
TCGA-CV-7180-01Z-00-DX1,TCGA-CV-7180-01Z-00-DX1,,TGFb,1386,0.2857142857142857
TCGA-CV-7180-01Z-00-DX1,TCGA-CV-7180-01Z-00-DX1,,TNFa,1386,0.19552669552669552
TCGA-CV-7180-01Z-00-DX1,TCGA-CV-7180-01Z-00-DX1,,Trail,1386,0.45815295815295815
TCGA-CV-7180-01Z-00-DX1,TCGA-CV-7180-01Z-00-DX1,,VEGF,1386,0.42568542568542567
TCGA-CV-7180-01Z-00-DX1,TCGA-CV-7180-01Z-00-DX1,,WNT,1386,0.3997113997113997
TCGA-CV-7180-01Z-00-DX1,TCGA-CV-7180-01Z-00-DX1,,p53,1386,0.4126984126984127
TCGA-CV-7235-01Z-00-DX1,TCGA-CV-7235-01Z-00-DX1,,Androgen,2642,0.1468584405753217
TCGA-CV-7235-01Z-00-DX1,TCGA-CV-7235-01Z-00-DX1,,EGFR,2642,0.25359576078728235
TCGA-CV-7235-01Z-00-DX1,TCGA-CV-7235-01Z-00-DX1,,Estrogen,2642,0.08819076457229372
TCGA-CV-7235-01Z-00-DX1,TCGA-CV-7235-01Z-00-DX1,,Hypoxia,2642,0.22899318697956095
TCGA-CV-7235-01Z-00-DX1,TCGA-CV-7235-01Z-00-DX1,,JAK-STAT,2642,0.3213474640423921
TCGA-CV-7235-01Z-00-DX1,TCGA-CV-7235-01Z-00-DX1,,MAPK,2642,0.46707040121120363
TCGA-CV-7235-01Z-00-DX1,TCGA-CV-7235-01Z-00-DX1,,NFkB,2642,0.267221801665405
TCGA-CV-7235-01Z-00-DX1,TCGA-CV-7235-01Z-00-DX1,,PI3K,2642,0.01854655563966692
TCGA-CV-7235-01Z-00-DX1,TCGA-CV-7235-01Z-00-DX1,,TGFb,2642,0.11582134746404239
TCGA-CV-7235-01Z-00-DX1,TCGA-CV-7235-01Z-00-DX1,,TNFa,2642,0.12490537471612415
TCGA-CV-7235-01Z-00-DX1,TCGA-CV-7235-01Z-00-DX1,,Trail,2642,0.09651778955336866
TCGA-CV-7235-01Z-00-DX1,TCGA-CV-7235-01Z-00-DX1,,VEGF,2642,0.28803936411809233
TCGA-CV-7235-01Z-00-DX1,TCGA-CV-7235-01Z-00-DX1,,WNT,2642,0.21915215745647237
TCGA-CV-7235-01Z-00-DX1,TCGA-CV-7235-01Z-00-DX1,,p53,2642,0.4606358819076457
TCGA-CV-7236-01Z-00-DX1,TCGA-CV-7236-01Z-00-DX1,,Androgen,3602,0.0830094392004442
TCGA-CV-7236-01Z-00-DX1,TCGA-CV-7236-01Z-00-DX1,,EGFR,3602,0.2068295391449195
TCGA-CV-7236-01Z-00-DX1,TCGA-CV-7236-01Z-00-DX1,,Estrogen,3602,0.25569128262076624
TCGA-CV-7236-01Z-00-DX1,TCGA-CV-7236-01Z-00-DX1,,Hypoxia,3602,0.43475846751804553
TCGA-CV-7236-01Z-00-DX1,TCGA-CV-7236-01Z-00-DX1,,JAK-STAT,3602,0.5541365907828983
TCGA-CV-7236-01Z-00-DX1,TCGA-CV-7236-01Z-00-DX1,,MAPK,3602,0.5541365907828983
TCGA-CV-7236-01Z-00-DX1,TCGA-CV-7236-01Z-00-DX1,,NFkB,3602,0.38145474736257634
TCGA-CV-7236-01Z-00-DX1,TCGA-CV-7236-01Z-00-DX1,,PI3K,3602,0.6210438645197113
TCGA-CV-7236-01Z-00-DX1,TCGA-CV-7236-01Z-00-DX1,,TGFb,3602,0.013603553581343698
TCGA-CV-7236-01Z-00-DX1,TCGA-CV-7236-01Z-00-DX1,,TNFa,3602,0.4883398112159911
TCGA-CV-7236-01Z-00-DX1,TCGA-CV-7236-01Z-00-DX1,,Trail,3602,0.21987784564131038
TCGA-CV-7236-01Z-00-DX1,TCGA-CV-7236-01Z-00-DX1,,VEGF,3602,0.7132148806218768
TCGA-CV-7236-01Z-00-DX1,TCGA-CV-7236-01Z-00-DX1,,WNT,3602,0.5571904497501388
TCGA-CV-7236-01Z-00-DX1,TCGA-CV-7236-01Z-00-DX1,,p53,3602,0.37034980566352027
TCGA-CV-7238-01Z-00-DX1,TCGA-CV-7238-01Z-00-DX1,,Androgen,4003,0.33100174868848364
TCGA-CV-7238-01Z-00-DX1,TCGA-CV-7238-01Z-00-DX1,,EGFR,4003,0.2573070197351986
TCGA-CV-7238-01Z-00-DX1,TCGA-CV-7238-01Z-00-DX1,,Estrogen,4003,0.2498126405196103
TCGA-CV-7238-01Z-00-DX1,TCGA-CV-7238-01Z-00-DX1,,Hypoxia,4003,0.14713964526605047
TCGA-CV-7238-01Z-00-DX1,TCGA-CV-7238-01Z-00-DX1,,JAK-STAT,4003,0.5021234074444166
TCGA-CV-7238-01Z-00-DX1,TCGA-CV-7238-01Z-00-DX1,,MAPK,4003,0.3829627779165626
TCGA-CV-7238-01Z-00-DX1,TCGA-CV-7238-01Z-00-DX1,,NFkB,4003,0.3227579315513365
TCGA-CV-7238-01Z-00-DX1,TCGA-CV-7238-01Z-00-DX1,,PI3K,4003,0.01723707219585311
TCGA-CV-7238-01Z-00-DX1,TCGA-CV-7238-01Z-00-DX1,,TGFb,4003,0.1963527354484137
TCGA-CV-7238-01Z-00-DX1,TCGA-CV-7238-01Z-00-DX1,,TNFa,4003,0.3060204846365226
TCGA-CV-7238-01Z-00-DX1,TCGA-CV-7238-01Z-00-DX1,,Trail,4003,0.6310267299525356
TCGA-CV-7238-01Z-00-DX1,TCGA-CV-7238-01Z-00-DX1,,VEGF,4003,0.5600799400449663
TCGA-CV-7238-01Z-00-DX1,TCGA-CV-7238-01Z-00-DX1,,WNT,4003,0.4596552585560829
TCGA-CV-7238-01Z-00-DX1,TCGA-CV-7238-01Z-00-DX1,,p53,4003,0.1701224081938546
TCGA-CV-7242-01Z-00-DX1,TCGA-CV-7242-01Z-00-DX1,,Androgen,4509,0.14326901752051452
TCGA-CV-7242-01Z-00-DX1,TCGA-CV-7242-01Z-00-DX1,,EGFR,4509,0.22022621423819028
TCGA-CV-7242-01Z-00-DX1,TCGA-CV-7242-01Z-00-DX1,,Estrogen,4509,0.38899977822133514
TCGA-CV-7242-01Z-00-DX1,TCGA-CV-7242-01Z-00-DX1,,Hypoxia,4509,0.37369705034375694
TCGA-CV-7242-01Z-00-DX1,TCGA-CV-7242-01Z-00-DX1,,JAK-STAT,4509,0.1430472388556221
TCGA-CV-7242-01Z-00-DX1,TCGA-CV-7242-01Z-00-DX1,,MAPK,4509,0.19516522510534487
TCGA-CV-7242-01Z-00-DX1,TCGA-CV-7242-01Z-00-DX1,,NFkB,4509,0.13351075626524728
TCGA-CV-7242-01Z-00-DX1,TCGA-CV-7242-01Z-00-DX1,,PI3K,4509,0.8216899534264803
TCGA-CV-7242-01Z-00-DX1,TCGA-CV-7242-01Z-00-DX1,,TGFb,4509,0.010645375914836993
TCGA-CV-7242-01Z-00-DX1,TCGA-CV-7242-01Z-00-DX1,,TNFa,4509,0.22843202483921046
TCGA-CV-7242-01Z-00-DX1,TCGA-CV-7242-01Z-00-DX1,,Trail,4509,0.05433577289864715
TCGA-CV-7242-01Z-00-DX1,TCGA-CV-7242-01Z-00-DX1,,VEGF,4509,0.17431803060545575
TCGA-CV-7242-01Z-00-DX1,TCGA-CV-7242-01Z-00-DX1,,WNT,4509,0.29762696828565094
TCGA-CV-7242-01Z-00-DX1,TCGA-CV-7242-01Z-00-DX1,,p53,4509,0.07252162341982701
TCGA-CV-7243-01Z-00-DX1,TCGA-CV-7243-01Z-00-DX1,,Androgen,1489,0.2961719274680994
TCGA-CV-7243-01Z-00-DX1,TCGA-CV-7243-01Z-00-DX1,,EGFR,1489,0.46608462055070515
TCGA-CV-7243-01Z-00-DX1,TCGA-CV-7243-01Z-00-DX1,,Estrogen,1489,0.5312290127602418
TCGA-CV-7243-01Z-00-DX1,TCGA-CV-7243-01Z-00-DX1,,Hypoxia,1489,0.4620550705171256
TCGA-CV-7243-01Z-00-DX1,TCGA-CV-7243-01Z-00-DX1,,JAK-STAT,1489,0.6655473472128945
TCGA-CV-7243-01Z-00-DX1,TCGA-CV-7243-01Z-00-DX1,,MAPK,1489,0.7132303559435863
TCGA-CV-7243-01Z-00-DX1,TCGA-CV-7243-01Z-00-DX1,,NFkB,1489,0.26527871054398927
TCGA-CV-7243-01Z-00-DX1,TCGA-CV-7243-01Z-00-DX1,,PI3K,1489,0.04701141705842848
TCGA-CV-7243-01Z-00-DX1,TCGA-CV-7243-01Z-00-DX1,,TGFb,1489,0.38079247817327067
TCGA-CV-7243-01Z-00-DX1,TCGA-CV-7243-01Z-00-DX1,,TNFa,1489,0.7548690396239086
TCGA-CV-7243-01Z-00-DX1,TCGA-CV-7243-01Z-00-DX1,,Trail,1489,0.24311618535930155
TCGA-CV-7243-01Z-00-DX1,TCGA-CV-7243-01Z-00-DX1,,VEGF,1489,0.8945601074546675
TCGA-CV-7243-01Z-00-DX1,TCGA-CV-7243-01Z-00-DX1,,WNT,1489,0.38146406984553394
TCGA-CV-7243-01Z-00-DX1,TCGA-CV-7243-01Z-00-DX1,,p53,1489,0.20147750167897918
TCGA-CV-7245-01Z-00-DX1,TCGA-CV-7245-01Z-00-DX1,,Androgen,3588,0.5047380156075808
TCGA-CV-7245-01Z-00-DX1,TCGA-CV-7245-01Z-00-DX1,,EGFR,3588,0.7221293199554069
TCGA-CV-7245-01Z-00-DX1,TCGA-CV-7245-01Z-00-DX1,,Estrogen,3588,0.9590301003344481
TCGA-CV-7245-01Z-00-DX1,TCGA-CV-7245-01Z-00-DX1,,Hypoxia,3588,0.9994425863991081
TCGA-CV-7245-01Z-00-DX1,TCGA-CV-7245-01Z-00-DX1,,JAK-STAT,3588,0.22603121516164995
TCGA-CV-7245-01Z-00-DX1,TCGA-CV-7245-01Z-00-DX1,,MAPK,3588,0.7460981047937569
TCGA-CV-7245-01Z-00-DX1,TCGA-CV-7245-01Z-00-DX1,,NFkB,3588,0.11510590858416946
TCGA-CV-7245-01Z-00-DX1,TCGA-CV-7245-01Z-00-DX1,,PI3K,3588,0.6201226309921962
TCGA-CV-7245-01Z-00-DX1,TCGA-CV-7245-01Z-00-DX1,,TGFb,3588,0.21181716833890746
TCGA-CV-7245-01Z-00-DX1,TCGA-CV-7245-01Z-00-DX1,,TNFa,3588,0.2940356744704571
TCGA-CV-7245-01Z-00-DX1,TCGA-CV-7245-01Z-00-DX1,,Trail,3588,0.120958751393534
TCGA-CV-7245-01Z-00-DX1,TCGA-CV-7245-01Z-00-DX1,,VEGF,3588,0.625139353400223
TCGA-CV-7245-01Z-00-DX1,TCGA-CV-7245-01Z-00-DX1,,WNT,3588,0.08416945373467112
TCGA-CV-7245-01Z-00-DX1,TCGA-CV-7245-01Z-00-DX1,,p53,3588,0.1527313266443701
TCGA-CV-7247-01Z-00-DX1,TCGA-CV-7247-01Z-00-DX1,,Androgen,383,0.2950391644908616
TCGA-CV-7247-01Z-00-DX1,TCGA-CV-7247-01Z-00-DX1,,EGFR,383,0.597911227154047
TCGA-CV-7247-01Z-00-DX1,TCGA-CV-7247-01Z-00-DX1,,Estrogen,383,0.2898172323759791
TCGA-CV-7247-01Z-00-DX1,TCGA-CV-7247-01Z-00-DX1,,Hypoxia,383,0.6318537859007833
TCGA-CV-7247-01Z-00-DX1,TCGA-CV-7247-01Z-00-DX1,,JAK-STAT,383,0.3028720626631854
TCGA-CV-7247-01Z-00-DX1,TCGA-CV-7247-01Z-00-DX1,,MAPK,383,0.8851174934725848
TCGA-CV-7247-01Z-00-DX1,TCGA-CV-7247-01Z-00-DX1,,NFkB,383,0.5248041775456919
TCGA-CV-7247-01Z-00-DX1,TCGA-CV-7247-01Z-00-DX1,,PI3K,383,0.015665796344647518
TCGA-CV-7247-01Z-00-DX1,TCGA-CV-7247-01Z-00-DX1,,TGFb,383,0.26109660574412535
TCGA-CV-7247-01Z-00-DX1,TCGA-CV-7247-01Z-00-DX1,,TNFa,383,0.4073107049608355
TCGA-CV-7247-01Z-00-DX1,TCGA-CV-7247-01Z-00-DX1,,Trail,383,0.34464751958224543
TCGA-CV-7247-01Z-00-DX1,TCGA-CV-7247-01Z-00-DX1,,VEGF,383,0.7441253263707572
TCGA-CV-7247-01Z-00-DX1,TCGA-CV-7247-01Z-00-DX1,,WNT,383,0.391644908616188
TCGA-CV-7247-01Z-00-DX1,TCGA-CV-7247-01Z-00-DX1,,p53,383,0.1227154046997389
TCGA-CV-7248-01Z-00-DX1,TCGA-CV-7248-01Z-00-DX1,,Androgen,1953,0.4429083461341526
TCGA-CV-7248-01Z-00-DX1,TCGA-CV-7248-01Z-00-DX1,,EGFR,1953,0.41935483870967744
TCGA-CV-7248-01Z-00-DX1,TCGA-CV-7248-01Z-00-DX1,,Estrogen,1953,0.9585253456221198
TCGA-CV-7248-01Z-00-DX1,TCGA-CV-7248-01Z-00-DX1,,Hypoxia,1953,0.8376856118791602
TCGA-CV-7248-01Z-00-DX1,TCGA-CV-7248-01Z-00-DX1,,JAK-STAT,1953,0.23758320532514082
TCGA-CV-7248-01Z-00-DX1,TCGA-CV-7248-01Z-00-DX1,,MAPK,1953,0.12800819252432155
TCGA-CV-7248-01Z-00-DX1,TCGA-CV-7248-01Z-00-DX1,,NFkB,1953,0.0855094726062468
TCGA-CV-7248-01Z-00-DX1,TCGA-CV-7248-01Z-00-DX1,,PI3K,1953,0.2672811059907834
TCGA-CV-7248-01Z-00-DX1,TCGA-CV-7248-01Z-00-DX1,,TGFb,1953,0.1679467485919099
TCGA-CV-7248-01Z-00-DX1,TCGA-CV-7248-01Z-00-DX1,,TNFa,1953,0.19047619047619047
TCGA-CV-7248-01Z-00-DX1,TCGA-CV-7248-01Z-00-DX1,,Trail,1953,0.134152585765489
TCGA-CV-7248-01Z-00-DX1,TCGA-CV-7248-01Z-00-DX1,,VEGF,1953,0.4106502816180235
TCGA-CV-7248-01Z-00-DX1,TCGA-CV-7248-01Z-00-DX1,,WNT,1953,0.0445468509984639
TCGA-CV-7248-01Z-00-DX1,TCGA-CV-7248-01Z-00-DX1,,p53,1953,0.24833589349718382
TCGA-CV-7250-01Z-00-DX1,TCGA-CV-7250-01Z-00-DX1,,Androgen,1199,0.33611342785654713
TCGA-CV-7250-01Z-00-DX1,TCGA-CV-7250-01Z-00-DX1,,EGFR,1199,0.2635529608006672
TCGA-CV-7250-01Z-00-DX1,TCGA-CV-7250-01Z-00-DX1,,Estrogen,1199,0.23603002502085071
TCGA-CV-7250-01Z-00-DX1,TCGA-CV-7250-01Z-00-DX1,,Hypoxia,1199,0.09924937447873228
TCGA-CV-7250-01Z-00-DX1,TCGA-CV-7250-01Z-00-DX1,,JAK-STAT,1199,0.2518765638031693
TCGA-CV-7250-01Z-00-DX1,TCGA-CV-7250-01Z-00-DX1,,MAPK,1199,0.36363636363636365
TCGA-CV-7250-01Z-00-DX1,TCGA-CV-7250-01Z-00-DX1,,NFkB,1199,0.1517931609674729
TCGA-CV-7250-01Z-00-DX1,TCGA-CV-7250-01Z-00-DX1,,PI3K,1199,0.40950792326939117
TCGA-CV-7250-01Z-00-DX1,TCGA-CV-7250-01Z-00-DX1,,TGFb,1199,0.03336113427856547
TCGA-CV-7250-01Z-00-DX1,TCGA-CV-7250-01Z-00-DX1,,TNFa,1199,0.28940783986655544
TCGA-CV-7250-01Z-00-DX1,TCGA-CV-7250-01Z-00-DX1,,Trail,1199,0.3060884070058382
TCGA-CV-7250-01Z-00-DX1,TCGA-CV-7250-01Z-00-DX1,,VEGF,1199,0.11759799833194329
TCGA-CV-7250-01Z-00-DX1,TCGA-CV-7250-01Z-00-DX1,,WNT,1199,0.5087572977481234
TCGA-CV-7250-01Z-00-DX1,TCGA-CV-7250-01Z-00-DX1,,p53,1199,0.05337781484570475
TCGA-CV-7252-01Z-00-DX1,TCGA-CV-7252-01Z-00-DX1,,Androgen,1218,0.27504105090311987
TCGA-CV-7252-01Z-00-DX1,TCGA-CV-7252-01Z-00-DX1,,EGFR,1218,0.8390804597701149
TCGA-CV-7252-01Z-00-DX1,TCGA-CV-7252-01Z-00-DX1,,Estrogen,1218,0.12397372742200329
TCGA-CV-7252-01Z-00-DX1,TCGA-CV-7252-01Z-00-DX1,,Hypoxia,1218,0.867816091954023
TCGA-CV-7252-01Z-00-DX1,TCGA-CV-7252-01Z-00-DX1,,JAK-STAT,1218,0.451559934318555
TCGA-CV-7252-01Z-00-DX1,TCGA-CV-7252-01Z-00-DX1,,MAPK,1218,0.9573070607553367
TCGA-CV-7252-01Z-00-DX1,TCGA-CV-7252-01Z-00-DX1,,NFkB,1218,0.3308702791461412
TCGA-CV-7252-01Z-00-DX1,TCGA-CV-7252-01Z-00-DX1,,PI3K,1218,0.003284072249589491
TCGA-CV-7252-01Z-00-DX1,TCGA-CV-7252-01Z-00-DX1,,TGFb,1218,0.10591133004926108
TCGA-CV-7252-01Z-00-DX1,TCGA-CV-7252-01Z-00-DX1,,TNFa,1218,0.6157635467980296
TCGA-CV-7252-01Z-00-DX1,TCGA-CV-7252-01Z-00-DX1,,Trail,1218,0.007389162561576354
TCGA-CV-7252-01Z-00-DX1,TCGA-CV-7252-01Z-00-DX1,,VEGF,1218,0.8719211822660099
TCGA-CV-7252-01Z-00-DX1,TCGA-CV-7252-01Z-00-DX1,,WNT,1218,0.5106732348111659
TCGA-CV-7252-01Z-00-DX1,TCGA-CV-7252-01Z-00-DX1,,p53,1218,0.45073891625615764
TCGA-CV-7253-01Z-00-DX1,TCGA-CV-7253-01Z-00-DX1,,Androgen,2642,0.1866010598031794
TCGA-CV-7253-01Z-00-DX1,TCGA-CV-7253-01Z-00-DX1,,EGFR,2642,0.5507191521574565
TCGA-CV-7253-01Z-00-DX1,TCGA-CV-7253-01Z-00-DX1,,Estrogen,2642,0.4769114307342922
TCGA-CV-7253-01Z-00-DX1,TCGA-CV-7253-01Z-00-DX1,,Hypoxia,2642,0.7130961392884179
TCGA-CV-7253-01Z-00-DX1,TCGA-CV-7253-01Z-00-DX1,,JAK-STAT,2642,0.32059046177138534
TCGA-CV-7253-01Z-00-DX1,TCGA-CV-7253-01Z-00-DX1,,MAPK,2642,0.6680545041635125
TCGA-CV-7253-01Z-00-DX1,TCGA-CV-7253-01Z-00-DX1,,NFkB,2642,0.3470855412566238
TCGA-CV-7253-01Z-00-DX1,TCGA-CV-7253-01Z-00-DX1,,PI3K,2642,0.018168054504163512
TCGA-CV-7253-01Z-00-DX1,TCGA-CV-7253-01Z-00-DX1,,TGFb,2642,0.289553368660106
TCGA-CV-7253-01Z-00-DX1,TCGA-CV-7253-01Z-00-DX1,,TNFa,2642,0.1975775927327782
TCGA-CV-7253-01Z-00-DX1,TCGA-CV-7253-01Z-00-DX1,,Trail,2642,0.11733535200605602
TCGA-CV-7253-01Z-00-DX1,TCGA-CV-7253-01Z-00-DX1,,VEGF,2642,0.5840272520817562
TCGA-CV-7253-01Z-00-DX1,TCGA-CV-7253-01Z-00-DX1,,WNT,2642,0.720666161998486
TCGA-CV-7253-01Z-00-DX1,TCGA-CV-7253-01Z-00-DX1,,p53,2642,0.33648750946252837
TCGA-CV-7254-01Z-00-DX1,TCGA-CV-7254-01Z-00-DX1,,Androgen,9,0.0
TCGA-CV-7254-01Z-00-DX1,TCGA-CV-7254-01Z-00-DX1,,EGFR,9,0.0
TCGA-CV-7254-01Z-00-DX1,TCGA-CV-7254-01Z-00-DX1,,Estrogen,9,0.0
TCGA-CV-7254-01Z-00-DX1,TCGA-CV-7254-01Z-00-DX1,,Hypoxia,9,0.8888888888888888
TCGA-CV-7254-01Z-00-DX1,TCGA-CV-7254-01Z-00-DX1,,JAK-STAT,9,0.0
TCGA-CV-7254-01Z-00-DX1,TCGA-CV-7254-01Z-00-DX1,,MAPK,9,0.8888888888888888
TCGA-CV-7254-01Z-00-DX1,TCGA-CV-7254-01Z-00-DX1,,NFkB,9,0.0
TCGA-CV-7254-01Z-00-DX1,TCGA-CV-7254-01Z-00-DX1,,PI3K,9,0.0
TCGA-CV-7254-01Z-00-DX1,TCGA-CV-7254-01Z-00-DX1,,TGFb,9,0.0
TCGA-CV-7254-01Z-00-DX1,TCGA-CV-7254-01Z-00-DX1,,TNFa,9,0.0
TCGA-CV-7254-01Z-00-DX1,TCGA-CV-7254-01Z-00-DX1,,Trail,9,0.0
TCGA-CV-7254-01Z-00-DX1,TCGA-CV-7254-01Z-00-DX1,,VEGF,9,0.0
TCGA-CV-7254-01Z-00-DX1,TCGA-CV-7254-01Z-00-DX1,,WNT,9,0.0
TCGA-CV-7254-01Z-00-DX1,TCGA-CV-7254-01Z-00-DX1,,p53,9,0.0
TCGA-CV-7255-01Z-00-DX1,TCGA-CV-7255-01Z-00-DX1,,Androgen,1214,0.23476112026359144
TCGA-CV-7255-01Z-00-DX1,TCGA-CV-7255-01Z-00-DX1,,EGFR,1214,0.6359143327841845
TCGA-CV-7255-01Z-00-DX1,TCGA-CV-7255-01Z-00-DX1,,Estrogen,1214,0.41186161449752884
TCGA-CV-7255-01Z-00-DX1,TCGA-CV-7255-01Z-00-DX1,,Hypoxia,1214,0.5840197693574959
TCGA-CV-7255-01Z-00-DX1,TCGA-CV-7255-01Z-00-DX1,,JAK-STAT,1214,0.4200988467874794
TCGA-CV-7255-01Z-00-DX1,TCGA-CV-7255-01Z-00-DX1,,MAPK,1214,0.7051070840197694
TCGA-CV-7255-01Z-00-DX1,TCGA-CV-7255-01Z-00-DX1,,NFkB,1214,0.04365733113673806
TCGA-CV-7255-01Z-00-DX1,TCGA-CV-7255-01Z-00-DX1,,PI3K,1214,0.700164744645799
TCGA-CV-7255-01Z-00-DX1,TCGA-CV-7255-01Z-00-DX1,,TGFb,1214,0.17792421746293247
TCGA-CV-7255-01Z-00-DX1,TCGA-CV-7255-01Z-00-DX1,,TNFa,1214,0.6268533772652389
TCGA-CV-7255-01Z-00-DX1,TCGA-CV-7255-01Z-00-DX1,,Trail,1214,0.20922570016474465
TCGA-CV-7255-01Z-00-DX1,TCGA-CV-7255-01Z-00-DX1,,VEGF,1214,0.7454695222405272
TCGA-CV-7255-01Z-00-DX1,TCGA-CV-7255-01Z-00-DX1,,WNT,1214,0.6367380560131796
TCGA-CV-7255-01Z-00-DX1,TCGA-CV-7255-01Z-00-DX1,,p53,1214,0.048599670510708404
TCGA-CV-7261-01Z-00-DX1,TCGA-CV-7261-01Z-00-DX1,,Androgen,1316,0.4992401215805471
TCGA-CV-7261-01Z-00-DX1,TCGA-CV-7261-01Z-00-DX1,,EGFR,1316,0.6618541033434651
TCGA-CV-7261-01Z-00-DX1,TCGA-CV-7261-01Z-00-DX1,,Estrogen,1316,0.25455927051671734
TCGA-CV-7261-01Z-00-DX1,TCGA-CV-7261-01Z-00-DX1,,Hypoxia,1316,0.4574468085106383
TCGA-CV-7261-01Z-00-DX1,TCGA-CV-7261-01Z-00-DX1,,JAK-STAT,1316,0.21048632218844984
TCGA-CV-7261-01Z-00-DX1,TCGA-CV-7261-01Z-00-DX1,,MAPK,1316,0.30623100303951367
TCGA-CV-7261-01Z-00-DX1,TCGA-CV-7261-01Z-00-DX1,,NFkB,1316,0.08206686930091185
TCGA-CV-7261-01Z-00-DX1,TCGA-CV-7261-01Z-00-DX1,,PI3K,1316,0.6177811550151976
TCGA-CV-7261-01Z-00-DX1,TCGA-CV-7261-01Z-00-DX1,,TGFb,1316,0.189209726443769
TCGA-CV-7261-01Z-00-DX1,TCGA-CV-7261-01Z-00-DX1,,TNFa,1316,0.14437689969604864
TCGA-CV-7261-01Z-00-DX1,TCGA-CV-7261-01Z-00-DX1,,Trail,1316,0.07218844984802432
TCGA-CV-7261-01Z-00-DX1,TCGA-CV-7261-01Z-00-DX1,,VEGF,1316,0.12082066869300911
TCGA-CV-7261-01Z-00-DX1,TCGA-CV-7261-01Z-00-DX1,,WNT,1316,0.38069908814589665
TCGA-CV-7261-01Z-00-DX1,TCGA-CV-7261-01Z-00-DX1,,p53,1316,0.10486322188449848
TCGA-CV-7263-01Z-00-DX1,TCGA-CV-7263-01Z-00-DX1,,Androgen,1454,0.4828060522696011
TCGA-CV-7263-01Z-00-DX1,TCGA-CV-7263-01Z-00-DX1,,EGFR,1454,0.468363136176066
TCGA-CV-7263-01Z-00-DX1,TCGA-CV-7263-01Z-00-DX1,,Estrogen,1454,0.9470426409903714
TCGA-CV-7263-01Z-00-DX1,TCGA-CV-7263-01Z-00-DX1,,Hypoxia,1454,0.8768913342503438
TCGA-CV-7263-01Z-00-DX1,TCGA-CV-7263-01Z-00-DX1,,JAK-STAT,1454,0.4477303988995873
TCGA-CV-7263-01Z-00-DX1,TCGA-CV-7263-01Z-00-DX1,,MAPK,1454,0.19807427785419532
TCGA-CV-7263-01Z-00-DX1,TCGA-CV-7263-01Z-00-DX1,,NFkB,1454,0.0639614855570839
TCGA-CV-7263-01Z-00-DX1,TCGA-CV-7263-01Z-00-DX1,,PI3K,1454,0.3149931224209078
TCGA-CV-7263-01Z-00-DX1,TCGA-CV-7263-01Z-00-DX1,,TGFb,1454,0.40715268225584594
TCGA-CV-7263-01Z-00-DX1,TCGA-CV-7263-01Z-00-DX1,,TNFa,1454,0.08459422283356259
TCGA-CV-7263-01Z-00-DX1,TCGA-CV-7263-01Z-00-DX1,,Trail,1454,0.40646492434663
TCGA-CV-7263-01Z-00-DX1,TCGA-CV-7263-01Z-00-DX1,,VEGF,1454,0.22420907840440166
TCGA-CV-7263-01Z-00-DX1,TCGA-CV-7263-01Z-00-DX1,,WNT,1454,0.4484181568088033
TCGA-CV-7263-01Z-00-DX1,TCGA-CV-7263-01Z-00-DX1,,p53,1454,0.46286107290233836
TCGA-CV-7407-01Z-00-DX1,TCGA-CV-7407-01Z-00-DX1,,Androgen,1319,0.6512509476876421
TCGA-CV-7407-01Z-00-DX1,TCGA-CV-7407-01Z-00-DX1,,EGFR,1319,0.37452615617892343
TCGA-CV-7407-01Z-00-DX1,TCGA-CV-7407-01Z-00-DX1,,Estrogen,1319,0.9969673995451099
TCGA-CV-7407-01Z-00-DX1,TCGA-CV-7407-01Z-00-DX1,,Hypoxia,1319,0.8544351781652767
TCGA-CV-7407-01Z-00-DX1,TCGA-CV-7407-01Z-00-DX1,,JAK-STAT,1319,0.46398786959818045
TCGA-CV-7407-01Z-00-DX1,TCGA-CV-7407-01Z-00-DX1,,MAPK,1319,0.16603487490523122
TCGA-CV-7407-01Z-00-DX1,TCGA-CV-7407-01Z-00-DX1,,NFkB,1319,0.10159211523881728
TCGA-CV-7407-01Z-00-DX1,TCGA-CV-7407-01Z-00-DX1,,PI3K,1319,0.29567854435178165
TCGA-CV-7407-01Z-00-DX1,TCGA-CV-7407-01Z-00-DX1,,TGFb,1319,0.49583017437452614
TCGA-CV-7407-01Z-00-DX1,TCGA-CV-7407-01Z-00-DX1,,TNFa,1319,0.09401061410159212
TCGA-CV-7407-01Z-00-DX1,TCGA-CV-7407-01Z-00-DX1,,Trail,1319,0.41243366186504926
TCGA-CV-7407-01Z-00-DX1,TCGA-CV-7407-01Z-00-DX1,,VEGF,1319,0.4245640636846095
TCGA-CV-7407-01Z-00-DX1,TCGA-CV-7407-01Z-00-DX1,,WNT,1319,0.4071266110689917
TCGA-CV-7407-01Z-00-DX1,TCGA-CV-7407-01Z-00-DX1,,p53,1319,0.08339651250947688
TCGA-CV-7413-01Z-00-DX1,TCGA-CV-7413-01Z-00-DX1,,Androgen,3290,0.22188449848024316
TCGA-CV-7413-01Z-00-DX1,TCGA-CV-7413-01Z-00-DX1,,EGFR,3290,0.1413373860182371
TCGA-CV-7413-01Z-00-DX1,TCGA-CV-7413-01Z-00-DX1,,Estrogen,3290,0.046200607902735565
TCGA-CV-7413-01Z-00-DX1,TCGA-CV-7413-01Z-00-DX1,,Hypoxia,3290,0.24893617021276596
TCGA-CV-7413-01Z-00-DX1,TCGA-CV-7413-01Z-00-DX1,,JAK-STAT,3290,0.46778115501519757
TCGA-CV-7413-01Z-00-DX1,TCGA-CV-7413-01Z-00-DX1,,MAPK,3290,0.30942249240121583
TCGA-CV-7413-01Z-00-DX1,TCGA-CV-7413-01Z-00-DX1,,NFkB,3290,0.4480243161094225
TCGA-CV-7413-01Z-00-DX1,TCGA-CV-7413-01Z-00-DX1,,PI3K,3290,0.713677811550152
TCGA-CV-7413-01Z-00-DX1,TCGA-CV-7413-01Z-00-DX1,,TGFb,3290,0.09483282674772037
TCGA-CV-7413-01Z-00-DX1,TCGA-CV-7413-01Z-00-DX1,,TNFa,3290,0.7501519756838906
TCGA-CV-7413-01Z-00-DX1,TCGA-CV-7413-01Z-00-DX1,,Trail,3290,0.4474164133738602
TCGA-CV-7413-01Z-00-DX1,TCGA-CV-7413-01Z-00-DX1,,VEGF,3290,0.4197568389057751
TCGA-CV-7413-01Z-00-DX1,TCGA-CV-7413-01Z-00-DX1,,WNT,3290,0.296048632218845
TCGA-CV-7413-01Z-00-DX1,TCGA-CV-7413-01Z-00-DX1,,p53,3290,0.1
TCGA-CV-7414-01Z-00-DX1,TCGA-CV-7414-01Z-00-DX1,,Androgen,2941,0.5776946616797007
TCGA-CV-7414-01Z-00-DX1,TCGA-CV-7414-01Z-00-DX1,,EGFR,2941,0.4522271336280177
TCGA-CV-7414-01Z-00-DX1,TCGA-CV-7414-01Z-00-DX1,,Estrogen,2941,0.9700782046922816
TCGA-CV-7414-01Z-00-DX1,TCGA-CV-7414-01Z-00-DX1,,Hypoxia,2941,0.9734784087045223
TCGA-CV-7414-01Z-00-DX1,TCGA-CV-7414-01Z-00-DX1,,JAK-STAT,2941,0.3111186671200272
TCGA-CV-7414-01Z-00-DX1,TCGA-CV-7414-01Z-00-DX1,,MAPK,2941,0.2699761985719143
TCGA-CV-7414-01Z-00-DX1,TCGA-CV-7414-01Z-00-DX1,,NFkB,2941,0.13090785447126826
TCGA-CV-7414-01Z-00-DX1,TCGA-CV-7414-01Z-00-DX1,,PI3K,2941,0.35022101326079563
TCGA-CV-7414-01Z-00-DX1,TCGA-CV-7414-01Z-00-DX1,,TGFb,2941,0.16695001700102005
TCGA-CV-7414-01Z-00-DX1,TCGA-CV-7414-01Z-00-DX1,,TNFa,2941,0.06834410064603877
TCGA-CV-7414-01Z-00-DX1,TCGA-CV-7414-01Z-00-DX1,,Trail,2941,0.33560013600816047
TCGA-CV-7414-01Z-00-DX1,TCGA-CV-7414-01Z-00-DX1,,VEGF,2941,0.5470928255695342
TCGA-CV-7414-01Z-00-DX1,TCGA-CV-7414-01Z-00-DX1,,WNT,2941,0.13872832369942195
TCGA-CV-7414-01Z-00-DX1,TCGA-CV-7414-01Z-00-DX1,,p53,2941,0.11866712002720163
TCGA-CV-7415-01Z-00-DX1,TCGA-CV-7415-01Z-00-DX1,,Androgen,4443,0.6612649110961062
TCGA-CV-7415-01Z-00-DX1,TCGA-CV-7415-01Z-00-DX1,,EGFR,4443,0.5322979968489759
TCGA-CV-7415-01Z-00-DX1,TCGA-CV-7415-01Z-00-DX1,,Estrogen,4443,0.25523295070898044
TCGA-CV-7415-01Z-00-DX1,TCGA-CV-7415-01Z-00-DX1,,Hypoxia,4443,0.8534773801485482
TCGA-CV-7415-01Z-00-DX1,TCGA-CV-7415-01Z-00-DX1,,JAK-STAT,4443,0.15530047265361244
TCGA-CV-7415-01Z-00-DX1,TCGA-CV-7415-01Z-00-DX1,,MAPK,4443,0.5550303848750844
TCGA-CV-7415-01Z-00-DX1,TCGA-CV-7415-01Z-00-DX1,,NFkB,4443,0.42448795858654065
TCGA-CV-7415-01Z-00-DX1,TCGA-CV-7415-01Z-00-DX1,,PI3K,4443,0.529146972766149
TCGA-CV-7415-01Z-00-DX1,TCGA-CV-7415-01Z-00-DX1,,TGFb,4443,0.24240378122889938
TCGA-CV-7415-01Z-00-DX1,TCGA-CV-7415-01Z-00-DX1,,TNFa,4443,0.30677470177807786
TCGA-CV-7415-01Z-00-DX1,TCGA-CV-7415-01Z-00-DX1,,Trail,4443,0.1604771550753995
TCGA-CV-7415-01Z-00-DX1,TCGA-CV-7415-01Z-00-DX1,,VEGF,4443,0.5467026783704704
TCGA-CV-7415-01Z-00-DX1,TCGA-CV-7415-01Z-00-DX1,,WNT,4443,0.20346612649110962
TCGA-CV-7415-01Z-00-DX1,TCGA-CV-7415-01Z-00-DX1,,p53,4443,0.04726536124240378
TCGA-CV-7416-01Z-00-DX1,TCGA-CV-7416-01Z-00-DX1,,Androgen,1871,0.18813468733297703
TCGA-CV-7416-01Z-00-DX1,TCGA-CV-7416-01Z-00-DX1,,EGFR,1871,0.2773917691074292
TCGA-CV-7416-01Z-00-DX1,TCGA-CV-7416-01Z-00-DX1,,Estrogen,1871,0.3741314804917157
TCGA-CV-7416-01Z-00-DX1,TCGA-CV-7416-01Z-00-DX1,,Hypoxia,1871,0.863174772848744
TCGA-CV-7416-01Z-00-DX1,TCGA-CV-7416-01Z-00-DX1,,JAK-STAT,1871,0.15766969535008016
TCGA-CV-7416-01Z-00-DX1,TCGA-CV-7416-01Z-00-DX1,,MAPK,1871,0.6654195617316943
TCGA-CV-7416-01Z-00-DX1,TCGA-CV-7416-01Z-00-DX1,,NFkB,1871,0.3655799037947622
TCGA-CV-7416-01Z-00-DX1,TCGA-CV-7416-01Z-00-DX1,,PI3K,1871,0.6060929983965794
TCGA-CV-7416-01Z-00-DX1,TCGA-CV-7416-01Z-00-DX1,,TGFb,1871,0.02351683591662213
TCGA-CV-7416-01Z-00-DX1,TCGA-CV-7416-01Z-00-DX1,,TNFa,1871,0.2640299305184393
TCGA-CV-7416-01Z-00-DX1,TCGA-CV-7416-01Z-00-DX1,,Trail,1871,0.16996258685195084
TCGA-CV-7416-01Z-00-DX1,TCGA-CV-7416-01Z-00-DX1,,VEGF,1871,0.5024051309460181
TCGA-CV-7416-01Z-00-DX1,TCGA-CV-7416-01Z-00-DX1,,WNT,1871,0.3089257081774452
TCGA-CV-7416-01Z-00-DX1,TCGA-CV-7416-01Z-00-DX1,,p53,1871,0.05879208979155532
TCGA-CV-7418-01Z-00-DX1,TCGA-CV-7418-01Z-00-DX1,,Androgen,3097,0.07168227316758154
TCGA-CV-7418-01Z-00-DX1,TCGA-CV-7418-01Z-00-DX1,,EGFR,3097,0.13819825637713917
TCGA-CV-7418-01Z-00-DX1,TCGA-CV-7418-01Z-00-DX1,,Estrogen,3097,0.28898934452696157
TCGA-CV-7418-01Z-00-DX1,TCGA-CV-7418-01Z-00-DX1,,Hypoxia,3097,0.8233774620600581
TCGA-CV-7418-01Z-00-DX1,TCGA-CV-7418-01Z-00-DX1,,JAK-STAT,3097,0.039070067807555696
TCGA-CV-7418-01Z-00-DX1,TCGA-CV-7418-01Z-00-DX1,,MAPK,3097,0.2818856958346787
TCGA-CV-7418-01Z-00-DX1,TCGA-CV-7418-01Z-00-DX1,,NFkB,3097,0.2525024216984178
TCGA-CV-7418-01Z-00-DX1,TCGA-CV-7418-01Z-00-DX1,,PI3K,3097,0.29124959638359704
TCGA-CV-7418-01Z-00-DX1,TCGA-CV-7418-01Z-00-DX1,,TGFb,3097,0.011947045527930255
TCGA-CV-7418-01Z-00-DX1,TCGA-CV-7418-01Z-00-DX1,,TNFa,3097,0.10461737164998386
TCGA-CV-7418-01Z-00-DX1,TCGA-CV-7418-01Z-00-DX1,,Trail,3097,0.13044882144010334
TCGA-CV-7418-01Z-00-DX1,TCGA-CV-7418-01Z-00-DX1,,VEGF,3097,0.08524378430739425
TCGA-CV-7418-01Z-00-DX1,TCGA-CV-7418-01Z-00-DX1,,WNT,3097,0.2815628027123022
TCGA-CV-7418-01Z-00-DX1,TCGA-CV-7418-01Z-00-DX1,,p53,3097,0.022279625443978043
TCGA-CV-7421-01Z-00-DX1,TCGA-CV-7421-01Z-00-DX1,,Androgen,2303,0.14937038645245332
TCGA-CV-7421-01Z-00-DX1,TCGA-CV-7421-01Z-00-DX1,,EGFR,2303,0.7008250108554059
TCGA-CV-7421-01Z-00-DX1,TCGA-CV-7421-01Z-00-DX1,,Estrogen,2303,0.16587060356057318
TCGA-CV-7421-01Z-00-DX1,TCGA-CV-7421-01Z-00-DX1,,Hypoxia,2303,0.3056882327399045
TCGA-CV-7421-01Z-00-DX1,TCGA-CV-7421-01Z-00-DX1,,JAK-STAT,2303,0.2188449848024316
TCGA-CV-7421-01Z-00-DX1,TCGA-CV-7421-01Z-00-DX1,,MAPK,2303,0.6474164133738601
TCGA-CV-7421-01Z-00-DX1,TCGA-CV-7421-01Z-00-DX1,,NFkB,2303,0.15371254884932697
TCGA-CV-7421-01Z-00-DX1,TCGA-CV-7421-01Z-00-DX1,,PI3K,2303,0.0
TCGA-CV-7421-01Z-00-DX1,TCGA-CV-7421-01Z-00-DX1,,TGFb,2303,0.14893617021276595
TCGA-CV-7421-01Z-00-DX1,TCGA-CV-7421-01Z-00-DX1,,TNFa,2303,0.25271385149804604
TCGA-CV-7421-01Z-00-DX1,TCGA-CV-7421-01Z-00-DX1,,Trail,2303,0.10811984368215372
TCGA-CV-7421-01Z-00-DX1,TCGA-CV-7421-01Z-00-DX1,,VEGF,2303,0.3417281806339557
TCGA-CV-7421-01Z-00-DX1,TCGA-CV-7421-01Z-00-DX1,,WNT,2303,0.6487190620929223
TCGA-CV-7421-01Z-00-DX1,TCGA-CV-7421-01Z-00-DX1,,p53,2303,0.2748588797221016
TCGA-CV-7422-01Z-00-DX1,TCGA-CV-7422-01Z-00-DX1,,Androgen,1943,0.14822439526505404
TCGA-CV-7422-01Z-00-DX1,TCGA-CV-7422-01Z-00-DX1,,EGFR,1943,0.6901698404529079
TCGA-CV-7422-01Z-00-DX1,TCGA-CV-7422-01Z-00-DX1,,Estrogen,1943,0.9155944415851776
TCGA-CV-7422-01Z-00-DX1,TCGA-CV-7422-01Z-00-DX1,,Hypoxia,1943,0.5187853834276891
TCGA-CV-7422-01Z-00-DX1,TCGA-CV-7422-01Z-00-DX1,,JAK-STAT,1943,0.4909933093154915
TCGA-CV-7422-01Z-00-DX1,TCGA-CV-7422-01Z-00-DX1,,MAPK,1943,0.1065362840967576
TCGA-CV-7422-01Z-00-DX1,TCGA-CV-7422-01Z-00-DX1,,NFkB,1943,0.09624292331446217
TCGA-CV-7422-01Z-00-DX1,TCGA-CV-7422-01Z-00-DX1,,PI3K,1943,0.37159032424086463
TCGA-CV-7422-01Z-00-DX1,TCGA-CV-7422-01Z-00-DX1,,TGFb,1943,0.2444673185795162
TCGA-CV-7422-01Z-00-DX1,TCGA-CV-7422-01Z-00-DX1,,TNFa,1943,0.32681420483787954
TCGA-CV-7422-01Z-00-DX1,TCGA-CV-7422-01Z-00-DX1,,Trail,1943,0.4215131240349974
TCGA-CV-7422-01Z-00-DX1,TCGA-CV-7422-01Z-00-DX1,,VEGF,1943,0.3494595985589295
TCGA-CV-7422-01Z-00-DX1,TCGA-CV-7422-01Z-00-DX1,,WNT,1943,0.34173957797220794
TCGA-CV-7422-01Z-00-DX1,TCGA-CV-7422-01Z-00-DX1,,p53,1943,0.281008749356665
TCGA-CV-7423-01Z-00-DX1,TCGA-CV-7423-01Z-00-DX1,,Androgen,2579,0.1934858472276076
TCGA-CV-7423-01Z-00-DX1,TCGA-CV-7423-01Z-00-DX1,,EGFR,2579,0.6041101202016286
TCGA-CV-7423-01Z-00-DX1,TCGA-CV-7423-01Z-00-DX1,,Estrogen,2579,0.9150833656455991
TCGA-CV-7423-01Z-00-DX1,TCGA-CV-7423-01Z-00-DX1,,Hypoxia,2579,0.5447848003101977
TCGA-CV-7423-01Z-00-DX1,TCGA-CV-7423-01Z-00-DX1,,JAK-STAT,2579,0.55990694067468
TCGA-CV-7423-01Z-00-DX1,TCGA-CV-7423-01Z-00-DX1,,MAPK,2579,0.36138037999224504
TCGA-CV-7423-01Z-00-DX1,TCGA-CV-7423-01Z-00-DX1,,NFkB,2579,0.017836370686312525
TCGA-CV-7423-01Z-00-DX1,TCGA-CV-7423-01Z-00-DX1,,PI3K,2579,0.6502520356727414
TCGA-CV-7423-01Z-00-DX1,TCGA-CV-7423-01Z-00-DX1,,TGFb,2579,0.537417603722373
TCGA-CV-7423-01Z-00-DX1,TCGA-CV-7423-01Z-00-DX1,,TNFa,2579,0.8065141527723924
TCGA-CV-7423-01Z-00-DX1,TCGA-CV-7423-01Z-00-DX1,,Trail,2579,0.504846839860411
TCGA-CV-7423-01Z-00-DX1,TCGA-CV-7423-01Z-00-DX1,,VEGF,2579,0.6452113222179139
TCGA-CV-7423-01Z-00-DX1,TCGA-CV-7423-01Z-00-DX1,,WNT,2579,0.4664598681659558
TCGA-CV-7423-01Z-00-DX1,TCGA-CV-7423-01Z-00-DX1,,p53,2579,0.037999224505622334
TCGA-CV-7424-01Z-00-DX1,TCGA-CV-7424-01Z-00-DX1,,Androgen,1092,0.17032967032967034
TCGA-CV-7424-01Z-00-DX1,TCGA-CV-7424-01Z-00-DX1,,EGFR,1092,0.3717948717948718
TCGA-CV-7424-01Z-00-DX1,TCGA-CV-7424-01Z-00-DX1,,Estrogen,1092,0.09798534798534798
TCGA-CV-7424-01Z-00-DX1,TCGA-CV-7424-01Z-00-DX1,,Hypoxia,1092,0.5256410256410257
TCGA-CV-7424-01Z-00-DX1,TCGA-CV-7424-01Z-00-DX1,,JAK-STAT,1092,0.0989010989010989
TCGA-CV-7424-01Z-00-DX1,TCGA-CV-7424-01Z-00-DX1,,MAPK,1092,0.14102564102564102
TCGA-CV-7424-01Z-00-DX1,TCGA-CV-7424-01Z-00-DX1,,NFkB,1092,0.03205128205128205
TCGA-CV-7424-01Z-00-DX1,TCGA-CV-7424-01Z-00-DX1,,PI3K,1092,0.3534798534798535
TCGA-CV-7424-01Z-00-DX1,TCGA-CV-7424-01Z-00-DX1,,TGFb,1092,0.5641025641025641
TCGA-CV-7424-01Z-00-DX1,TCGA-CV-7424-01Z-00-DX1,,TNFa,1092,0.005494505494505495
TCGA-CV-7424-01Z-00-DX1,TCGA-CV-7424-01Z-00-DX1,,Trail,1092,0.11538461538461539
TCGA-CV-7424-01Z-00-DX1,TCGA-CV-7424-01Z-00-DX1,,VEGF,1092,0.05128205128205128
TCGA-CV-7424-01Z-00-DX1,TCGA-CV-7424-01Z-00-DX1,,WNT,1092,0.6263736263736264
TCGA-CV-7424-01Z-00-DX1,TCGA-CV-7424-01Z-00-DX1,,p53,1092,0.02564102564102564
TCGA-CV-7430-01Z-00-DX1,TCGA-CV-7430-01Z-00-DX1,,Androgen,2424,0.2372112211221122
TCGA-CV-7430-01Z-00-DX1,TCGA-CV-7430-01Z-00-DX1,,EGFR,2424,0.34447194719471946
TCGA-CV-7430-01Z-00-DX1,TCGA-CV-7430-01Z-00-DX1,,Estrogen,2424,0.46947194719471946
TCGA-CV-7430-01Z-00-DX1,TCGA-CV-7430-01Z-00-DX1,,Hypoxia,2424,0.8535478547854786
TCGA-CV-7430-01Z-00-DX1,TCGA-CV-7430-01Z-00-DX1,,JAK-STAT,2424,0.10973597359735973
TCGA-CV-7430-01Z-00-DX1,TCGA-CV-7430-01Z-00-DX1,,MAPK,2424,0.45585808580858084
TCGA-CV-7430-01Z-00-DX1,TCGA-CV-7430-01Z-00-DX1,,NFkB,2424,0.40717821782178215
TCGA-CV-7430-01Z-00-DX1,TCGA-CV-7430-01Z-00-DX1,,PI3K,2424,0.5507425742574258
TCGA-CV-7430-01Z-00-DX1,TCGA-CV-7430-01Z-00-DX1,,TGFb,2424,0.04207920792079208
TCGA-CV-7430-01Z-00-DX1,TCGA-CV-7430-01Z-00-DX1,,TNFa,2424,0.27516501650165015
TCGA-CV-7430-01Z-00-DX1,TCGA-CV-7430-01Z-00-DX1,,Trail,2424,0.3259075907590759
TCGA-CV-7430-01Z-00-DX1,TCGA-CV-7430-01Z-00-DX1,,VEGF,2424,0.2235973597359736
TCGA-CV-7430-01Z-00-DX1,TCGA-CV-7430-01Z-00-DX1,,WNT,2424,0.3617986798679868
TCGA-CV-7430-01Z-00-DX1,TCGA-CV-7430-01Z-00-DX1,,p53,2424,0.15305280528052806
TCGA-CV-7432-01Z-00-DX1,TCGA-CV-7432-01Z-00-DX1,,Androgen,3850,0.4033766233766234
TCGA-CV-7432-01Z-00-DX1,TCGA-CV-7432-01Z-00-DX1,,EGFR,3850,0.7587012987012987
TCGA-CV-7432-01Z-00-DX1,TCGA-CV-7432-01Z-00-DX1,,Estrogen,3850,0.3002597402597403
TCGA-CV-7432-01Z-00-DX1,TCGA-CV-7432-01Z-00-DX1,,Hypoxia,3850,0.26857142857142857
TCGA-CV-7432-01Z-00-DX1,TCGA-CV-7432-01Z-00-DX1,,JAK-STAT,3850,0.29818181818181816
TCGA-CV-7432-01Z-00-DX1,TCGA-CV-7432-01Z-00-DX1,,MAPK,3850,0.788051948051948
TCGA-CV-7432-01Z-00-DX1,TCGA-CV-7432-01Z-00-DX1,,NFkB,3850,0.46935064935064935
TCGA-CV-7432-01Z-00-DX1,TCGA-CV-7432-01Z-00-DX1,,PI3K,3850,0.011948051948051949
TCGA-CV-7432-01Z-00-DX1,TCGA-CV-7432-01Z-00-DX1,,TGFb,3850,0.2766233766233766
TCGA-CV-7432-01Z-00-DX1,TCGA-CV-7432-01Z-00-DX1,,TNFa,3850,0.4176623376623377
TCGA-CV-7432-01Z-00-DX1,TCGA-CV-7432-01Z-00-DX1,,Trail,3850,0.024155844155844156
TCGA-CV-7432-01Z-00-DX1,TCGA-CV-7432-01Z-00-DX1,,VEGF,3850,0.6981818181818182
TCGA-CV-7432-01Z-00-DX1,TCGA-CV-7432-01Z-00-DX1,,WNT,3850,0.43844155844155847
TCGA-CV-7432-01Z-00-DX1,TCGA-CV-7432-01Z-00-DX1,,p53,3850,0.10415584415584415
TCGA-CV-7433-01Z-00-DX1,TCGA-CV-7433-01Z-00-DX1,,Androgen,2514,0.6801909307875895
TCGA-CV-7433-01Z-00-DX1,TCGA-CV-7433-01Z-00-DX1,,EGFR,2514,0.6344470962609388
TCGA-CV-7433-01Z-00-DX1,TCGA-CV-7433-01Z-00-DX1,,Estrogen,2514,0.35043754972155927
TCGA-CV-7433-01Z-00-DX1,TCGA-CV-7433-01Z-00-DX1,,Hypoxia,2514,0.7991249005568815
TCGA-CV-7433-01Z-00-DX1,TCGA-CV-7433-01Z-00-DX1,,JAK-STAT,2514,0.3496420047732697
TCGA-CV-7433-01Z-00-DX1,TCGA-CV-7433-01Z-00-DX1,,MAPK,2514,0.4960222752585521
TCGA-CV-7433-01Z-00-DX1,TCGA-CV-7433-01Z-00-DX1,,NFkB,2514,0.4212410501193317
TCGA-CV-7433-01Z-00-DX1,TCGA-CV-7433-01Z-00-DX1,,PI3K,2514,0.5298329355608592
TCGA-CV-7433-01Z-00-DX1,TCGA-CV-7433-01Z-00-DX1,,TGFb,2514,0.3894192521877486
TCGA-CV-7433-01Z-00-DX1,TCGA-CV-7433-01Z-00-DX1,,TNFa,2514,0.515115354017502
TCGA-CV-7433-01Z-00-DX1,TCGA-CV-7433-01Z-00-DX1,,Trail,2514,0.26213206046141607
TCGA-CV-7433-01Z-00-DX1,TCGA-CV-7433-01Z-00-DX1,,VEGF,2514,0.6499602227525855
TCGA-CV-7433-01Z-00-DX1,TCGA-CV-7433-01Z-00-DX1,,WNT,2514,0.3556085918854415
TCGA-CV-7433-01Z-00-DX1,TCGA-CV-7433-01Z-00-DX1,,p53,2514,0.00954653937947494
TCGA-CV-7434-01Z-00-DX1,TCGA-CV-7434-01Z-00-DX1,,Androgen,1401,0.5117773019271948
TCGA-CV-7434-01Z-00-DX1,TCGA-CV-7434-01Z-00-DX1,,EGFR,1401,0.5260528194147038
TCGA-CV-7434-01Z-00-DX1,TCGA-CV-7434-01Z-00-DX1,,Estrogen,1401,0.9371877230549608
TCGA-CV-7434-01Z-00-DX1,TCGA-CV-7434-01Z-00-DX1,,Hypoxia,1401,1.0
TCGA-CV-7434-01Z-00-DX1,TCGA-CV-7434-01Z-00-DX1,,JAK-STAT,1401,0.42469664525339046
TCGA-CV-7434-01Z-00-DX1,TCGA-CV-7434-01Z-00-DX1,,MAPK,1401,0.7266238401142041
TCGA-CV-7434-01Z-00-DX1,TCGA-CV-7434-01Z-00-DX1,,NFkB,1401,0.15060670949321914
TCGA-CV-7434-01Z-00-DX1,TCGA-CV-7434-01Z-00-DX1,,PI3K,1401,0.6345467523197716
TCGA-CV-7434-01Z-00-DX1,TCGA-CV-7434-01Z-00-DX1,,TGFb,1401,0.5717344753747323
TCGA-CV-7434-01Z-00-DX1,TCGA-CV-7434-01Z-00-DX1,,TNFa,1401,0.1684511063526053
TCGA-CV-7434-01Z-00-DX1,TCGA-CV-7434-01Z-00-DX1,,Trail,1401,0.3112062812276945
TCGA-CV-7434-01Z-00-DX1,TCGA-CV-7434-01Z-00-DX1,,VEGF,1401,0.3369022127052106
TCGA-CV-7434-01Z-00-DX1,TCGA-CV-7434-01Z-00-DX1,,WNT,1401,0.06923625981441828
TCGA-CV-7434-01Z-00-DX1,TCGA-CV-7434-01Z-00-DX1,,p53,1401,0.02926481084939329
TCGA-CV-7435-01Z-00-DX1,TCGA-CV-7435-01Z-00-DX1,,Androgen,1670,0.45808383233532934
TCGA-CV-7435-01Z-00-DX1,TCGA-CV-7435-01Z-00-DX1,,EGFR,1670,0.6544910179640718
TCGA-CV-7435-01Z-00-DX1,TCGA-CV-7435-01Z-00-DX1,,Estrogen,1670,0.5449101796407185
TCGA-CV-7435-01Z-00-DX1,TCGA-CV-7435-01Z-00-DX1,,Hypoxia,1670,0.2934131736526946
TCGA-CV-7435-01Z-00-DX1,TCGA-CV-7435-01Z-00-DX1,,JAK-STAT,1670,0.18742514970059881
TCGA-CV-7435-01Z-00-DX1,TCGA-CV-7435-01Z-00-DX1,,MAPK,1670,0.25269461077844313
TCGA-CV-7435-01Z-00-DX1,TCGA-CV-7435-01Z-00-DX1,,NFkB,1670,0.2868263473053892
TCGA-CV-7435-01Z-00-DX1,TCGA-CV-7435-01Z-00-DX1,,PI3K,1670,0.14610778443113773
TCGA-CV-7435-01Z-00-DX1,TCGA-CV-7435-01Z-00-DX1,,TGFb,1670,0.49041916167664673
TCGA-CV-7435-01Z-00-DX1,TCGA-CV-7435-01Z-00-DX1,,TNFa,1670,0.3395209580838323
TCGA-CV-7435-01Z-00-DX1,TCGA-CV-7435-01Z-00-DX1,,Trail,1670,0.20479041916167665
TCGA-CV-7435-01Z-00-DX1,TCGA-CV-7435-01Z-00-DX1,,VEGF,1670,0.2179640718562874
TCGA-CV-7435-01Z-00-DX1,TCGA-CV-7435-01Z-00-DX1,,WNT,1670,0.13233532934131736
TCGA-CV-7435-01Z-00-DX1,TCGA-CV-7435-01Z-00-DX1,,p53,1670,0.016167664670658683
TCGA-CV-7437-01Z-00-DX1,TCGA-CV-7437-01Z-00-DX1,,Androgen,1189,0.8830950378469302
TCGA-CV-7437-01Z-00-DX1,TCGA-CV-7437-01Z-00-DX1,,EGFR,1189,0.7855340622371741
TCGA-CV-7437-01Z-00-DX1,TCGA-CV-7437-01Z-00-DX1,,Estrogen,1189,0.5592935239697224
TCGA-CV-7437-01Z-00-DX1,TCGA-CV-7437-01Z-00-DX1,,Hypoxia,1189,0.9747687132043734
TCGA-CV-7437-01Z-00-DX1,TCGA-CV-7437-01Z-00-DX1,,JAK-STAT,1189,0.1488645920941968
TCGA-CV-7437-01Z-00-DX1,TCGA-CV-7437-01Z-00-DX1,,MAPK,1189,0.6021867115222876
TCGA-CV-7437-01Z-00-DX1,TCGA-CV-7437-01Z-00-DX1,,NFkB,1189,0.26661059714045415
TCGA-CV-7437-01Z-00-DX1,TCGA-CV-7437-01Z-00-DX1,,PI3K,1189,0.36248948696383515
TCGA-CV-7437-01Z-00-DX1,TCGA-CV-7437-01Z-00-DX1,,TGFb,1189,0.5668629100084104
TCGA-CV-7437-01Z-00-DX1,TCGA-CV-7437-01Z-00-DX1,,TNFa,1189,0.5365853658536586
TCGA-CV-7437-01Z-00-DX1,TCGA-CV-7437-01Z-00-DX1,,Trail,1189,0.2867956265769554
TCGA-CV-7437-01Z-00-DX1,TCGA-CV-7437-01Z-00-DX1,,VEGF,1189,0.6896551724137931
TCGA-CV-7437-01Z-00-DX1,TCGA-CV-7437-01Z-00-DX1,,WNT,1189,0.04205214465937763
TCGA-CV-7437-01Z-00-DX1,TCGA-CV-7437-01Z-00-DX1,,p53,1189,0.004205214465937763
TCGA-CV-7438-01Z-00-DX1,TCGA-CV-7438-01Z-00-DX1,,Androgen,126,0.12698412698412698
TCGA-CV-7438-01Z-00-DX1,TCGA-CV-7438-01Z-00-DX1,,EGFR,126,0.6904761904761905
TCGA-CV-7438-01Z-00-DX1,TCGA-CV-7438-01Z-00-DX1,,Estrogen,126,0.24603174603174602
TCGA-CV-7438-01Z-00-DX1,TCGA-CV-7438-01Z-00-DX1,,Hypoxia,126,0.5793650793650794
TCGA-CV-7438-01Z-00-DX1,TCGA-CV-7438-01Z-00-DX1,,JAK-STAT,126,0.29365079365079366
TCGA-CV-7438-01Z-00-DX1,TCGA-CV-7438-01Z-00-DX1,,MAPK,126,0.8888888888888888
TCGA-CV-7438-01Z-00-DX1,TCGA-CV-7438-01Z-00-DX1,,NFkB,126,0.07936507936507936
TCGA-CV-7438-01Z-00-DX1,TCGA-CV-7438-01Z-00-DX1,,PI3K,126,0.8015873015873016
TCGA-CV-7438-01Z-00-DX1,TCGA-CV-7438-01Z-00-DX1,,TGFb,126,0.49206349206349204
TCGA-CV-7438-01Z-00-DX1,TCGA-CV-7438-01Z-00-DX1,,TNFa,126,0.5158730158730159
TCGA-CV-7438-01Z-00-DX1,TCGA-CV-7438-01Z-00-DX1,,Trail,126,0.42063492063492064
TCGA-CV-7438-01Z-00-DX1,TCGA-CV-7438-01Z-00-DX1,,VEGF,126,0.873015873015873
TCGA-CV-7438-01Z-00-DX1,TCGA-CV-7438-01Z-00-DX1,,WNT,126,0.38095238095238093
TCGA-CV-7438-01Z-00-DX1,TCGA-CV-7438-01Z-00-DX1,,p53,126,0.0
TCGA-CV-A45O-01Z-00-DX1,TCGA-CV-A45O-01Z-00-DX1,,Androgen,2697,0.6292176492398962
TCGA-CV-A45O-01Z-00-DX1,TCGA-CV-A45O-01Z-00-DX1,,EGFR,2697,0.64293659621802
TCGA-CV-A45O-01Z-00-DX1,TCGA-CV-A45O-01Z-00-DX1,,Estrogen,2697,0.3451983685576567
TCGA-CV-A45O-01Z-00-DX1,TCGA-CV-A45O-01Z-00-DX1,,Hypoxia,2697,0.5190952910641453
TCGA-CV-A45O-01Z-00-DX1,TCGA-CV-A45O-01Z-00-DX1,,JAK-STAT,2697,0.41601779755283647
TCGA-CV-A45O-01Z-00-DX1,TCGA-CV-A45O-01Z-00-DX1,,MAPK,2697,0.42380422691879865
TCGA-CV-A45O-01Z-00-DX1,TCGA-CV-A45O-01Z-00-DX1,,NFkB,2697,0.0682239525398591
TCGA-CV-A45O-01Z-00-DX1,TCGA-CV-A45O-01Z-00-DX1,,PI3K,2697,0.4649610678531702
TCGA-CV-A45O-01Z-00-DX1,TCGA-CV-A45O-01Z-00-DX1,,TGFb,2697,0.36447905079718207
TCGA-CV-A45O-01Z-00-DX1,TCGA-CV-A45O-01Z-00-DX1,,TNFa,2697,0.24545791620318874
TCGA-CV-A45O-01Z-00-DX1,TCGA-CV-A45O-01Z-00-DX1,,Trail,2697,0.23544679273266592
TCGA-CV-A45O-01Z-00-DX1,TCGA-CV-A45O-01Z-00-DX1,,VEGF,2697,0.38413051538746756
TCGA-CV-A45O-01Z-00-DX1,TCGA-CV-A45O-01Z-00-DX1,,WNT,2697,0.32146829810901
TCGA-CV-A45O-01Z-00-DX1,TCGA-CV-A45O-01Z-00-DX1,,p53,2697,0.13718946978123842
TCGA-CV-A45Q-01Z-00-DX1,TCGA-CV-A45Q-01Z-00-DX1,,Androgen,1976,0.4686234817813765
TCGA-CV-A45Q-01Z-00-DX1,TCGA-CV-A45Q-01Z-00-DX1,,EGFR,1976,0.416497975708502
TCGA-CV-A45Q-01Z-00-DX1,TCGA-CV-A45Q-01Z-00-DX1,,Estrogen,1976,0.20242914979757085
TCGA-CV-A45Q-01Z-00-DX1,TCGA-CV-A45Q-01Z-00-DX1,,Hypoxia,1976,0.5910931174089069
TCGA-CV-A45Q-01Z-00-DX1,TCGA-CV-A45Q-01Z-00-DX1,,JAK-STAT,1976,0.49898785425101216
TCGA-CV-A45Q-01Z-00-DX1,TCGA-CV-A45Q-01Z-00-DX1,,MAPK,1976,0.5587044534412956
TCGA-CV-A45Q-01Z-00-DX1,TCGA-CV-A45Q-01Z-00-DX1,,NFkB,1976,0.1675101214574899
TCGA-CV-A45Q-01Z-00-DX1,TCGA-CV-A45Q-01Z-00-DX1,,PI3K,1976,0.5668016194331984
TCGA-CV-A45Q-01Z-00-DX1,TCGA-CV-A45Q-01Z-00-DX1,,TGFb,1976,0.22520242914979757
TCGA-CV-A45Q-01Z-00-DX1,TCGA-CV-A45Q-01Z-00-DX1,,TNFa,1976,0.46305668016194335
TCGA-CV-A45Q-01Z-00-DX1,TCGA-CV-A45Q-01Z-00-DX1,,Trail,1976,0.4149797570850202
TCGA-CV-A45Q-01Z-00-DX1,TCGA-CV-A45Q-01Z-00-DX1,,VEGF,1976,0.6128542510121457
TCGA-CV-A45Q-01Z-00-DX1,TCGA-CV-A45Q-01Z-00-DX1,,WNT,1976,0.14068825910931174
TCGA-CV-A45Q-01Z-00-DX1,TCGA-CV-A45Q-01Z-00-DX1,,p53,1976,0.22115384615384615
TCGA-CV-A45R-01Z-00-DX1,TCGA-CV-A45R-01Z-00-DX1,,Androgen,2947,0.24567356633864948
TCGA-CV-A45R-01Z-00-DX1,TCGA-CV-A45R-01Z-00-DX1,,EGFR,2947,0.3484899898201561
TCGA-CV-A45R-01Z-00-DX1,TCGA-CV-A45R-01Z-00-DX1,,Estrogen,2947,0.31048523922633187
TCGA-CV-A45R-01Z-00-DX1,TCGA-CV-A45R-01Z-00-DX1,,Hypoxia,2947,0.331523583305056
TCGA-CV-A45R-01Z-00-DX1,TCGA-CV-A45R-01Z-00-DX1,,JAK-STAT,2947,0.5524261961316593
TCGA-CV-A45R-01Z-00-DX1,TCGA-CV-A45R-01Z-00-DX1,,MAPK,2947,0.5103495079742111
TCGA-CV-A45R-01Z-00-DX1,TCGA-CV-A45R-01Z-00-DX1,,NFkB,2947,0.05632846963013234
TCGA-CV-A45R-01Z-00-DX1,TCGA-CV-A45R-01Z-00-DX1,,PI3K,2947,0.493722429589413
TCGA-CV-A45R-01Z-00-DX1,TCGA-CV-A45R-01Z-00-DX1,,TGFb,2947,0.3566338649474041
TCGA-CV-A45R-01Z-00-DX1,TCGA-CV-A45R-01Z-00-DX1,,TNFa,2947,0.337631489650492
TCGA-CV-A45R-01Z-00-DX1,TCGA-CV-A45R-01Z-00-DX1,,Trail,2947,0.5286732270105192
TCGA-CV-A45R-01Z-00-DX1,TCGA-CV-A45R-01Z-00-DX1,,VEGF,2947,0.6559212758737699
TCGA-CV-A45R-01Z-00-DX1,TCGA-CV-A45R-01Z-00-DX1,,WNT,2947,0.5110281642348151
TCGA-CV-A45R-01Z-00-DX1,TCGA-CV-A45R-01Z-00-DX1,,p53,2947,0.059043094672548355
TCGA-CV-A45T-01Z-00-DX1,TCGA-CV-A45T-01Z-00-DX1,,Androgen,1923,0.18512740509620385
TCGA-CV-A45T-01Z-00-DX1,TCGA-CV-A45T-01Z-00-DX1,,EGFR,1923,0.22256890275611024
TCGA-CV-A45T-01Z-00-DX1,TCGA-CV-A45T-01Z-00-DX1,,Estrogen,1923,0.22464898595943839
TCGA-CV-A45T-01Z-00-DX1,TCGA-CV-A45T-01Z-00-DX1,,Hypoxia,1923,0.5642225689027561
TCGA-CV-A45T-01Z-00-DX1,TCGA-CV-A45T-01Z-00-DX1,,JAK-STAT,1923,0.5813832553302132
TCGA-CV-A45T-01Z-00-DX1,TCGA-CV-A45T-01Z-00-DX1,,MAPK,1923,0.34373374934997397
TCGA-CV-A45T-01Z-00-DX1,TCGA-CV-A45T-01Z-00-DX1,,NFkB,1923,0.14508580343213728
TCGA-CV-A45T-01Z-00-DX1,TCGA-CV-A45T-01Z-00-DX1,,PI3K,1923,0.5413416536661466
TCGA-CV-A45T-01Z-00-DX1,TCGA-CV-A45T-01Z-00-DX1,,TGFb,1923,0.0249609984399376
TCGA-CV-A45T-01Z-00-DX1,TCGA-CV-A45T-01Z-00-DX1,,TNFa,1923,0.41029641185647425
TCGA-CV-A45T-01Z-00-DX1,TCGA-CV-A45T-01Z-00-DX1,,Trail,1923,0.32397295891835676
TCGA-CV-A45T-01Z-00-DX1,TCGA-CV-A45T-01Z-00-DX1,,VEGF,1923,0.46177847113884557
TCGA-CV-A45T-01Z-00-DX1,TCGA-CV-A45T-01Z-00-DX1,,WNT,1923,0.36453458138325534
TCGA-CV-A45T-01Z-00-DX1,TCGA-CV-A45T-01Z-00-DX1,,p53,1923,0.07072282891315652
TCGA-CV-A45U-01Z-00-DX1,TCGA-CV-A45U-01Z-00-DX1,,Androgen,1551,0.559638942617666
TCGA-CV-A45U-01Z-00-DX1,TCGA-CV-A45U-01Z-00-DX1,,EGFR,1551,0.597678916827853
TCGA-CV-A45U-01Z-00-DX1,TCGA-CV-A45U-01Z-00-DX1,,Estrogen,1551,0.5164410058027079
TCGA-CV-A45U-01Z-00-DX1,TCGA-CV-A45U-01Z-00-DX1,,Hypoxia,1551,0.3533204384268214
TCGA-CV-A45U-01Z-00-DX1,TCGA-CV-A45U-01Z-00-DX1,,JAK-STAT,1551,0.2514506769825919
TCGA-CV-A45U-01Z-00-DX1,TCGA-CV-A45U-01Z-00-DX1,,MAPK,1551,0.562862669245648
TCGA-CV-A45U-01Z-00-DX1,TCGA-CV-A45U-01Z-00-DX1,,NFkB,1551,0.19793681495809157
TCGA-CV-A45U-01Z-00-DX1,TCGA-CV-A45U-01Z-00-DX1,,PI3K,1551,0.49000644745325594
TCGA-CV-A45U-01Z-00-DX1,TCGA-CV-A45U-01Z-00-DX1,,TGFb,1551,0.5680206318504191
TCGA-CV-A45U-01Z-00-DX1,TCGA-CV-A45U-01Z-00-DX1,,TNFa,1551,0.4377820760799484
TCGA-CV-A45U-01Z-00-DX1,TCGA-CV-A45U-01Z-00-DX1,,Trail,1551,0.08768536428110896
TCGA-CV-A45U-01Z-00-DX1,TCGA-CV-A45U-01Z-00-DX1,,VEGF,1551,0.4996776273372018
TCGA-CV-A45U-01Z-00-DX1,TCGA-CV-A45U-01Z-00-DX1,,WNT,1551,0.45325596389426176
TCGA-CV-A45U-01Z-00-DX1,TCGA-CV-A45U-01Z-00-DX1,,p53,1551,0.14377820760799484
TCGA-CV-A45V-01Z-00-DX1,TCGA-CV-A45V-01Z-00-DX1,,Androgen,984,0.2459349593495935
TCGA-CV-A45V-01Z-00-DX1,TCGA-CV-A45V-01Z-00-DX1,,EGFR,984,0.4491869918699187
TCGA-CV-A45V-01Z-00-DX1,TCGA-CV-A45V-01Z-00-DX1,,Estrogen,984,0.3018292682926829
TCGA-CV-A45V-01Z-00-DX1,TCGA-CV-A45V-01Z-00-DX1,,Hypoxia,984,0.16158536585365854
TCGA-CV-A45V-01Z-00-DX1,TCGA-CV-A45V-01Z-00-DX1,,JAK-STAT,984,0.45934959349593496
TCGA-CV-A45V-01Z-00-DX1,TCGA-CV-A45V-01Z-00-DX1,,MAPK,984,0.7784552845528455
TCGA-CV-A45V-01Z-00-DX1,TCGA-CV-A45V-01Z-00-DX1,,NFkB,984,0.5376016260162602
TCGA-CV-A45V-01Z-00-DX1,TCGA-CV-A45V-01Z-00-DX1,,PI3K,984,0.006097560975609756
TCGA-CV-A45V-01Z-00-DX1,TCGA-CV-A45V-01Z-00-DX1,,TGFb,984,0.04369918699186992
TCGA-CV-A45V-01Z-00-DX1,TCGA-CV-A45V-01Z-00-DX1,,TNFa,984,0.6148373983739838
TCGA-CV-A45V-01Z-00-DX1,TCGA-CV-A45V-01Z-00-DX1,,Trail,984,0.241869918699187
TCGA-CV-A45V-01Z-00-DX1,TCGA-CV-A45V-01Z-00-DX1,,VEGF,984,0.7215447154471545
TCGA-CV-A45V-01Z-00-DX1,TCGA-CV-A45V-01Z-00-DX1,,WNT,984,0.5650406504065041
TCGA-CV-A45V-01Z-00-DX1,TCGA-CV-A45V-01Z-00-DX1,,p53,984,0.6534552845528455
TCGA-CV-A45W-01Z-00-DX1,TCGA-CV-A45W-01Z-00-DX1,,Androgen,1164,0.1323024054982818
TCGA-CV-A45W-01Z-00-DX1,TCGA-CV-A45W-01Z-00-DX1,,EGFR,1164,0.2860824742268041
TCGA-CV-A45W-01Z-00-DX1,TCGA-CV-A45W-01Z-00-DX1,,Estrogen,1164,0.13831615120274915
TCGA-CV-A45W-01Z-00-DX1,TCGA-CV-A45W-01Z-00-DX1,,Hypoxia,1164,0.42439862542955326
TCGA-CV-A45W-01Z-00-DX1,TCGA-CV-A45W-01Z-00-DX1,,JAK-STAT,1164,0.18986254295532645
TCGA-CV-A45W-01Z-00-DX1,TCGA-CV-A45W-01Z-00-DX1,,MAPK,1164,0.16752577319587628
TCGA-CV-A45W-01Z-00-DX1,TCGA-CV-A45W-01Z-00-DX1,,NFkB,1164,0.054982817869415807
TCGA-CV-A45W-01Z-00-DX1,TCGA-CV-A45W-01Z-00-DX1,,PI3K,1164,0.44072164948453607
TCGA-CV-A45W-01Z-00-DX1,TCGA-CV-A45W-01Z-00-DX1,,TGFb,1164,0.179553264604811
TCGA-CV-A45W-01Z-00-DX1,TCGA-CV-A45W-01Z-00-DX1,,TNFa,1164,0.036941580756013746
TCGA-CV-A45W-01Z-00-DX1,TCGA-CV-A45W-01Z-00-DX1,,Trail,1164,0.1323024054982818
TCGA-CV-A45W-01Z-00-DX1,TCGA-CV-A45W-01Z-00-DX1,,VEGF,1164,0.16924398625429554
TCGA-CV-A45W-01Z-00-DX1,TCGA-CV-A45W-01Z-00-DX1,,WNT,1164,0.39776632302405496
TCGA-CV-A45W-01Z-00-DX1,TCGA-CV-A45W-01Z-00-DX1,,p53,1164,0.03436426116838488
TCGA-CV-A45X-01Z-00-DX1,TCGA-CV-A45X-01Z-00-DX1,,Androgen,1976,0.4777327935222672
TCGA-CV-A45X-01Z-00-DX1,TCGA-CV-A45X-01Z-00-DX1,,EGFR,1976,0.2616396761133603
TCGA-CV-A45X-01Z-00-DX1,TCGA-CV-A45X-01Z-00-DX1,,Estrogen,1976,0.2353238866396761
TCGA-CV-A45X-01Z-00-DX1,TCGA-CV-A45X-01Z-00-DX1,,Hypoxia,1976,0.4266194331983806
TCGA-CV-A45X-01Z-00-DX1,TCGA-CV-A45X-01Z-00-DX1,,JAK-STAT,1976,0.4939271255060729
TCGA-CV-A45X-01Z-00-DX1,TCGA-CV-A45X-01Z-00-DX1,,MAPK,1976,0.3734817813765182
TCGA-CV-A45X-01Z-00-DX1,TCGA-CV-A45X-01Z-00-DX1,,NFkB,1976,0.19331983805668015
TCGA-CV-A45X-01Z-00-DX1,TCGA-CV-A45X-01Z-00-DX1,,PI3K,1976,0.4574898785425101
TCGA-CV-A45X-01Z-00-DX1,TCGA-CV-A45X-01Z-00-DX1,,TGFb,1976,0.40384615384615385
TCGA-CV-A45X-01Z-00-DX1,TCGA-CV-A45X-01Z-00-DX1,,TNFa,1976,0.3582995951417004
TCGA-CV-A45X-01Z-00-DX1,TCGA-CV-A45X-01Z-00-DX1,,Trail,1976,0.31224696356275305
TCGA-CV-A45X-01Z-00-DX1,TCGA-CV-A45X-01Z-00-DX1,,VEGF,1976,0.5794534412955465
TCGA-CV-A45X-01Z-00-DX1,TCGA-CV-A45X-01Z-00-DX1,,WNT,1976,0.2980769230769231
TCGA-CV-A45X-01Z-00-DX1,TCGA-CV-A45X-01Z-00-DX1,,p53,1976,0.22520242914979757
TCGA-CV-A45Y-01Z-00-DX1,TCGA-CV-A45Y-01Z-00-DX1,,Androgen,1428,0.023809523809523808
TCGA-CV-A45Y-01Z-00-DX1,TCGA-CV-A45Y-01Z-00-DX1,,EGFR,1428,0.3907563025210084
TCGA-CV-A45Y-01Z-00-DX1,TCGA-CV-A45Y-01Z-00-DX1,,Estrogen,1428,0.056022408963585436
TCGA-CV-A45Y-01Z-00-DX1,TCGA-CV-A45Y-01Z-00-DX1,,Hypoxia,1428,0.2107843137254902
TCGA-CV-A45Y-01Z-00-DX1,TCGA-CV-A45Y-01Z-00-DX1,,JAK-STAT,1428,0.1092436974789916
TCGA-CV-A45Y-01Z-00-DX1,TCGA-CV-A45Y-01Z-00-DX1,,MAPK,1428,0.3704481792717087
TCGA-CV-A45Y-01Z-00-DX1,TCGA-CV-A45Y-01Z-00-DX1,,NFkB,1428,0.046218487394957986
TCGA-CV-A45Y-01Z-00-DX1,TCGA-CV-A45Y-01Z-00-DX1,,PI3K,1428,0.24509803921568626
TCGA-CV-A45Y-01Z-00-DX1,TCGA-CV-A45Y-01Z-00-DX1,,TGFb,1428,0.49019607843137253
TCGA-CV-A45Y-01Z-00-DX1,TCGA-CV-A45Y-01Z-00-DX1,,TNFa,1428,0.11274509803921569
TCGA-CV-A45Y-01Z-00-DX1,TCGA-CV-A45Y-01Z-00-DX1,,Trail,1428,0.07142857142857142
TCGA-CV-A45Y-01Z-00-DX1,TCGA-CV-A45Y-01Z-00-DX1,,VEGF,1428,0.0546218487394958
TCGA-CV-A45Y-01Z-00-DX1,TCGA-CV-A45Y-01Z-00-DX1,,WNT,1428,0.11834733893557423
TCGA-CV-A45Y-01Z-00-DX1,TCGA-CV-A45Y-01Z-00-DX1,,p53,1428,0.02661064425770308
TCGA-CV-A45Z-01Z-00-DX1,TCGA-CV-A45Z-01Z-00-DX1,,Androgen,2051,0.49634324719648953
TCGA-CV-A45Z-01Z-00-DX1,TCGA-CV-A45Z-01Z-00-DX1,,EGFR,2051,0.38664066309117506
TCGA-CV-A45Z-01Z-00-DX1,TCGA-CV-A45Z-01Z-00-DX1,,Estrogen,2051,0.3515358361774744
TCGA-CV-A45Z-01Z-00-DX1,TCGA-CV-A45Z-01Z-00-DX1,,Hypoxia,2051,0.28717698683568993
TCGA-CV-A45Z-01Z-00-DX1,TCGA-CV-A45Z-01Z-00-DX1,,JAK-STAT,2051,0.39346660165772795
TCGA-CV-A45Z-01Z-00-DX1,TCGA-CV-A45Z-01Z-00-DX1,,MAPK,2051,0.7820575329107752
TCGA-CV-A45Z-01Z-00-DX1,TCGA-CV-A45Z-01Z-00-DX1,,NFkB,2051,0.39736713798147244
TCGA-CV-A45Z-01Z-00-DX1,TCGA-CV-A45Z-01Z-00-DX1,,PI3K,2051,0.02779132130667967
TCGA-CV-A45Z-01Z-00-DX1,TCGA-CV-A45Z-01Z-00-DX1,,TGFb,2051,0.5431496830814238
TCGA-CV-A45Z-01Z-00-DX1,TCGA-CV-A45Z-01Z-00-DX1,,TNFa,2051,0.14968308142369577
TCGA-CV-A45Z-01Z-00-DX1,TCGA-CV-A45Z-01Z-00-DX1,,Trail,2051,0.03315455875182838
TCGA-CV-A45Z-01Z-00-DX1,TCGA-CV-A45Z-01Z-00-DX1,,VEGF,2051,0.48902974158946855
TCGA-CV-A45Z-01Z-00-DX1,TCGA-CV-A45Z-01Z-00-DX1,,WNT,2051,0.10775231594344223
TCGA-CV-A45Z-01Z-00-DX1,TCGA-CV-A45Z-01Z-00-DX1,,p53,2051,0.23013164310092638
TCGA-CV-A460-01Z-00-DX1,TCGA-CV-A460-01Z-00-DX1,,Androgen,2536,0.3257097791798107
TCGA-CV-A460-01Z-00-DX1,TCGA-CV-A460-01Z-00-DX1,,EGFR,2536,0.44282334384858046
TCGA-CV-A460-01Z-00-DX1,TCGA-CV-A460-01Z-00-DX1,,Estrogen,2536,0.4755520504731861
TCGA-CV-A460-01Z-00-DX1,TCGA-CV-A460-01Z-00-DX1,,Hypoxia,2536,0.1995268138801262
TCGA-CV-A460-01Z-00-DX1,TCGA-CV-A460-01Z-00-DX1,,JAK-STAT,2536,0.42113564668769715
TCGA-CV-A460-01Z-00-DX1,TCGA-CV-A460-01Z-00-DX1,,MAPK,2536,0.680205047318612
TCGA-CV-A460-01Z-00-DX1,TCGA-CV-A460-01Z-00-DX1,,NFkB,2536,0.5891167192429022
TCGA-CV-A460-01Z-00-DX1,TCGA-CV-A460-01Z-00-DX1,,PI3K,2536,0.0007886435331230284
TCGA-CV-A460-01Z-00-DX1,TCGA-CV-A460-01Z-00-DX1,,TGFb,2536,0.14589905362776026
TCGA-CV-A460-01Z-00-DX1,TCGA-CV-A460-01Z-00-DX1,,TNFa,2536,0.45347003154574134
TCGA-CV-A460-01Z-00-DX1,TCGA-CV-A460-01Z-00-DX1,,Trail,2536,0.347397476340694
TCGA-CV-A460-01Z-00-DX1,TCGA-CV-A460-01Z-00-DX1,,VEGF,2536,0.23462145110410096
TCGA-CV-A460-01Z-00-DX1,TCGA-CV-A460-01Z-00-DX1,,WNT,2536,0.30481072555205047
TCGA-CV-A460-01Z-00-DX1,TCGA-CV-A460-01Z-00-DX1,,p53,2536,0.13012618296529968
TCGA-CV-A461-01Z-00-DX1,TCGA-CV-A461-01Z-00-DX1,,Androgen,4994,0.061874249098918706
TCGA-CV-A461-01Z-00-DX1,TCGA-CV-A461-01Z-00-DX1,,EGFR,4994,0.4062875450540649
TCGA-CV-A461-01Z-00-DX1,TCGA-CV-A461-01Z-00-DX1,,Estrogen,4994,0.5416499799759712
TCGA-CV-A461-01Z-00-DX1,TCGA-CV-A461-01Z-00-DX1,,Hypoxia,4994,0.42070484581497797
TCGA-CV-A461-01Z-00-DX1,TCGA-CV-A461-01Z-00-DX1,,JAK-STAT,4994,0.19883860632759312
TCGA-CV-A461-01Z-00-DX1,TCGA-CV-A461-01Z-00-DX1,,MAPK,4994,0.5304365238285943
TCGA-CV-A461-01Z-00-DX1,TCGA-CV-A461-01Z-00-DX1,,NFkB,4994,0.3311974369243092
TCGA-CV-A461-01Z-00-DX1,TCGA-CV-A461-01Z-00-DX1,,PI3K,4994,0.3265919102923508
TCGA-CV-A461-01Z-00-DX1,TCGA-CV-A461-01Z-00-DX1,,TGFb,4994,0.006007208650380457
TCGA-CV-A461-01Z-00-DX1,TCGA-CV-A461-01Z-00-DX1,,TNFa,4994,0.5112134561473769
TCGA-CV-A461-01Z-00-DX1,TCGA-CV-A461-01Z-00-DX1,,Trail,4994,0.23448137765318383
TCGA-CV-A461-01Z-00-DX1,TCGA-CV-A461-01Z-00-DX1,,VEGF,4994,0.407889467360833
TCGA-CV-A461-01Z-00-DX1,TCGA-CV-A461-01Z-00-DX1,,WNT,4994,0.2446936323588306
TCGA-CV-A461-01Z-00-DX1,TCGA-CV-A461-01Z-00-DX1,,p53,4994,0.21766119343211854
TCGA-CV-A463-01Z-00-DX1,TCGA-CV-A463-01Z-00-DX1,,Androgen,5216,0.1347776073619632
TCGA-CV-A463-01Z-00-DX1,TCGA-CV-A463-01Z-00-DX1,,EGFR,5216,0.15011503067484663
TCGA-CV-A463-01Z-00-DX1,TCGA-CV-A463-01Z-00-DX1,,Estrogen,5216,0.15970092024539878
TCGA-CV-A463-01Z-00-DX1,TCGA-CV-A463-01Z-00-DX1,,Hypoxia,5216,0.13803680981595093
TCGA-CV-A463-01Z-00-DX1,TCGA-CV-A463-01Z-00-DX1,,JAK-STAT,5216,0.3709739263803681
TCGA-CV-A463-01Z-00-DX1,TCGA-CV-A463-01Z-00-DX1,,MAPK,5216,0.2511503067484663
TCGA-CV-A463-01Z-00-DX1,TCGA-CV-A463-01Z-00-DX1,,NFkB,5216,0.20034509202453987
TCGA-CV-A463-01Z-00-DX1,TCGA-CV-A463-01Z-00-DX1,,PI3K,5216,0.651840490797546
TCGA-CV-A463-01Z-00-DX1,TCGA-CV-A463-01Z-00-DX1,,TGFb,5216,0.05655674846625767
TCGA-CV-A463-01Z-00-DX1,TCGA-CV-A463-01Z-00-DX1,,TNFa,5216,0.7737730061349694
TCGA-CV-A463-01Z-00-DX1,TCGA-CV-A463-01Z-00-DX1,,Trail,5216,0.31767638036809814
TCGA-CV-A463-01Z-00-DX1,TCGA-CV-A463-01Z-00-DX1,,VEGF,5216,0.48849693251533743
TCGA-CV-A463-01Z-00-DX1,TCGA-CV-A463-01Z-00-DX1,,WNT,5216,0.3495015337423313
TCGA-CV-A463-01Z-00-DX1,TCGA-CV-A463-01Z-00-DX1,,p53,5216,0.20571319018404907
TCGA-CV-A464-01Z-00-DX1,TCGA-CV-A464-01Z-00-DX1,,Androgen,953,0.14375655823714587
TCGA-CV-A464-01Z-00-DX1,TCGA-CV-A464-01Z-00-DX1,,EGFR,953,0.14900314795383002
TCGA-CV-A464-01Z-00-DX1,TCGA-CV-A464-01Z-00-DX1,,Estrogen,953,0.36621196222455404
TCGA-CV-A464-01Z-00-DX1,TCGA-CV-A464-01Z-00-DX1,,Hypoxia,953,0.6810073452256034
TCGA-CV-A464-01Z-00-DX1,TCGA-CV-A464-01Z-00-DX1,,JAK-STAT,953,0.5645330535152151
TCGA-CV-A464-01Z-00-DX1,TCGA-CV-A464-01Z-00-DX1,,MAPK,953,0.29485834207764955
TCGA-CV-A464-01Z-00-DX1,TCGA-CV-A464-01Z-00-DX1,,NFkB,953,0.4837355718782791
TCGA-CV-A464-01Z-00-DX1,TCGA-CV-A464-01Z-00-DX1,,PI3K,953,0.5886673662119623
TCGA-CV-A464-01Z-00-DX1,TCGA-CV-A464-01Z-00-DX1,,TGFb,953,0.09968520461699895
TCGA-CV-A464-01Z-00-DX1,TCGA-CV-A464-01Z-00-DX1,,TNFa,953,0.46589716684155297
TCGA-CV-A464-01Z-00-DX1,TCGA-CV-A464-01Z-00-DX1,,Trail,953,0.6390346274921301
TCGA-CV-A464-01Z-00-DX1,TCGA-CV-A464-01Z-00-DX1,,VEGF,953,0.7303252885624344
TCGA-CV-A464-01Z-00-DX1,TCGA-CV-A464-01Z-00-DX1,,WNT,953,0.15424973767051417
TCGA-CV-A464-01Z-00-DX1,TCGA-CV-A464-01Z-00-DX1,,p53,953,0.4963273871983211
TCGA-CV-A465-01Z-00-DX1,TCGA-CV-A465-01Z-00-DX1,,Androgen,1703,0.10569583088667057
TCGA-CV-A465-01Z-00-DX1,TCGA-CV-A465-01Z-00-DX1,,EGFR,1703,0.3311802701115678
TCGA-CV-A465-01Z-00-DX1,TCGA-CV-A465-01Z-00-DX1,,Estrogen,1703,0.18555490311215503
TCGA-CV-A465-01Z-00-DX1,TCGA-CV-A465-01Z-00-DX1,,Hypoxia,1703,0.15091015854374634
TCGA-CV-A465-01Z-00-DX1,TCGA-CV-A465-01Z-00-DX1,,JAK-STAT,1703,0.24662360540223136
TCGA-CV-A465-01Z-00-DX1,TCGA-CV-A465-01Z-00-DX1,,MAPK,1703,0.5766294773928362
TCGA-CV-A465-01Z-00-DX1,TCGA-CV-A465-01Z-00-DX1,,NFkB,1703,0.17733411626541398
TCGA-CV-A465-01Z-00-DX1,TCGA-CV-A465-01Z-00-DX1,,PI3K,1703,0.4914856136230182
TCGA-CV-A465-01Z-00-DX1,TCGA-CV-A465-01Z-00-DX1,,TGFb,1703,0.09512624779800352
TCGA-CV-A465-01Z-00-DX1,TCGA-CV-A465-01Z-00-DX1,,TNFa,1703,0.6946564885496184
TCGA-CV-A465-01Z-00-DX1,TCGA-CV-A465-01Z-00-DX1,,Trail,1703,0.22900763358778625
TCGA-CV-A465-01Z-00-DX1,TCGA-CV-A465-01Z-00-DX1,,VEGF,1703,0.6764533176746917
TCGA-CV-A465-01Z-00-DX1,TCGA-CV-A465-01Z-00-DX1,,WNT,1703,0.5601879036993541
TCGA-CV-A465-01Z-00-DX1,TCGA-CV-A465-01Z-00-DX1,,p53,1703,0.024662360540223135
TCGA-CV-A468-01Z-00-DX1,TCGA-CV-A468-01Z-00-DX1,,Androgen,5758,0.11444946161861758
TCGA-CV-A468-01Z-00-DX1,TCGA-CV-A468-01Z-00-DX1,,EGFR,5758,0.15717262938520318
TCGA-CV-A468-01Z-00-DX1,TCGA-CV-A468-01Z-00-DX1,,Estrogen,5758,0.20823202500868357
TCGA-CV-A468-01Z-00-DX1,TCGA-CV-A468-01Z-00-DX1,,Hypoxia,5758,0.10142410559221952
TCGA-CV-A468-01Z-00-DX1,TCGA-CV-A468-01Z-00-DX1,,JAK-STAT,5758,0.897186523098298
TCGA-CV-A468-01Z-00-DX1,TCGA-CV-A468-01Z-00-DX1,,MAPK,5758,0.7242097950677319
TCGA-CV-A468-01Z-00-DX1,TCGA-CV-A468-01Z-00-DX1,,NFkB,5758,0.0611323376172282
TCGA-CV-A468-01Z-00-DX1,TCGA-CV-A468-01Z-00-DX1,,PI3K,5758,0.014588398749565822
TCGA-CV-A468-01Z-00-DX1,TCGA-CV-A468-01Z-00-DX1,,TGFb,5758,0.1149704758596735
TCGA-CV-A468-01Z-00-DX1,TCGA-CV-A468-01Z-00-DX1,,TNFa,5758,0.09204584925321292
TCGA-CV-A468-01Z-00-DX1,TCGA-CV-A468-01Z-00-DX1,,Trail,5758,0.08562000694685655
TCGA-CV-A468-01Z-00-DX1,TCGA-CV-A468-01Z-00-DX1,,VEGF,5758,0.3848558527266412
TCGA-CV-A468-01Z-00-DX1,TCGA-CV-A468-01Z-00-DX1,,WNT,5758,0.3195554011809656
TCGA-CV-A468-01Z-00-DX1,TCGA-CV-A468-01Z-00-DX1,,p53,5758,0.12486974643973602
TCGA-CV-A6JD-01Z-00-DX1,TCGA-CV-A6JD-01Z-00-DX1,,Androgen,1454,0.59353507565337
TCGA-CV-A6JD-01Z-00-DX1,TCGA-CV-A6JD-01Z-00-DX1,,EGFR,1454,0.6506189821182944
TCGA-CV-A6JD-01Z-00-DX1,TCGA-CV-A6JD-01Z-00-DX1,,Estrogen,1454,0.37207702888583216
TCGA-CV-A6JD-01Z-00-DX1,TCGA-CV-A6JD-01Z-00-DX1,,Hypoxia,1454,0.8762035763411279
TCGA-CV-A6JD-01Z-00-DX1,TCGA-CV-A6JD-01Z-00-DX1,,JAK-STAT,1454,0.6891334250343879
TCGA-CV-A6JD-01Z-00-DX1,TCGA-CV-A6JD-01Z-00-DX1,,MAPK,1454,0.7063273727647867
TCGA-CV-A6JD-01Z-00-DX1,TCGA-CV-A6JD-01Z-00-DX1,,NFkB,1454,0.5832187070151307
TCGA-CV-A6JD-01Z-00-DX1,TCGA-CV-A6JD-01Z-00-DX1,,PI3K,1454,0.3486932599724897
TCGA-CV-A6JD-01Z-00-DX1,TCGA-CV-A6JD-01Z-00-DX1,,TGFb,1454,0.3686382393397524
TCGA-CV-A6JD-01Z-00-DX1,TCGA-CV-A6JD-01Z-00-DX1,,TNFa,1454,0.6265474552957359
TCGA-CV-A6JD-01Z-00-DX1,TCGA-CV-A6JD-01Z-00-DX1,,Trail,1454,0.31911966987620355
TCGA-CV-A6JD-01Z-00-DX1,TCGA-CV-A6JD-01Z-00-DX1,,VEGF,1454,0.7455295735900963
TCGA-CV-A6JD-01Z-00-DX1,TCGA-CV-A6JD-01Z-00-DX1,,WNT,1454,0.07290233837689133
TCGA-CV-A6JD-01Z-00-DX1,TCGA-CV-A6JD-01Z-00-DX1,,p53,1454,0.04332874828060523
TCGA-CV-A6JE-01Z-00-DX1,TCGA-CV-A6JE-01Z-00-DX1,,Androgen,505,0.4099009900990099
TCGA-CV-A6JE-01Z-00-DX1,TCGA-CV-A6JE-01Z-00-DX1,,EGFR,505,0.14455445544554454
TCGA-CV-A6JE-01Z-00-DX1,TCGA-CV-A6JE-01Z-00-DX1,,Estrogen,505,0.100990099009901
TCGA-CV-A6JE-01Z-00-DX1,TCGA-CV-A6JE-01Z-00-DX1,,Hypoxia,505,0.3821782178217822
TCGA-CV-A6JE-01Z-00-DX1,TCGA-CV-A6JE-01Z-00-DX1,,JAK-STAT,505,0.3722772277227723
TCGA-CV-A6JE-01Z-00-DX1,TCGA-CV-A6JE-01Z-00-DX1,,MAPK,505,0.3326732673267327
TCGA-CV-A6JE-01Z-00-DX1,TCGA-CV-A6JE-01Z-00-DX1,,NFkB,505,0.7029702970297029
TCGA-CV-A6JE-01Z-00-DX1,TCGA-CV-A6JE-01Z-00-DX1,,PI3K,505,0.47326732673267324
TCGA-CV-A6JE-01Z-00-DX1,TCGA-CV-A6JE-01Z-00-DX1,,TGFb,505,0.02574257425742574
TCGA-CV-A6JE-01Z-00-DX1,TCGA-CV-A6JE-01Z-00-DX1,,TNFa,505,0.5386138613861386
TCGA-CV-A6JE-01Z-00-DX1,TCGA-CV-A6JE-01Z-00-DX1,,Trail,505,0.3108910891089109
TCGA-CV-A6JE-01Z-00-DX1,TCGA-CV-A6JE-01Z-00-DX1,,VEGF,505,0.299009900990099
TCGA-CV-A6JE-01Z-00-DX1,TCGA-CV-A6JE-01Z-00-DX1,,WNT,505,0.7267326732673267
TCGA-CV-A6JE-01Z-00-DX1,TCGA-CV-A6JE-01Z-00-DX1,,p53,505,0.100990099009901
TCGA-CV-A6JM-01Z-00-DX1,TCGA-CV-A6JM-01Z-00-DX1,,Androgen,4511,0.10463311904234095
TCGA-CV-A6JM-01Z-00-DX1,TCGA-CV-A6JM-01Z-00-DX1,,EGFR,4511,0.42850809133229883
TCGA-CV-A6JM-01Z-00-DX1,TCGA-CV-A6JM-01Z-00-DX1,,Estrogen,4511,0.6896475282642429
TCGA-CV-A6JM-01Z-00-DX1,TCGA-CV-A6JM-01Z-00-DX1,,Hypoxia,4511,0.9093327421857681
TCGA-CV-A6JM-01Z-00-DX1,TCGA-CV-A6JM-01Z-00-DX1,,JAK-STAT,4511,0.19796054090002216
TCGA-CV-A6JM-01Z-00-DX1,TCGA-CV-A6JM-01Z-00-DX1,,MAPK,4511,0.47794280647306586
TCGA-CV-A6JM-01Z-00-DX1,TCGA-CV-A6JM-01Z-00-DX1,,NFkB,4511,0.6360008867213478
TCGA-CV-A6JM-01Z-00-DX1,TCGA-CV-A6JM-01Z-00-DX1,,PI3K,4511,0.6337840833518067
TCGA-CV-A6JM-01Z-00-DX1,TCGA-CV-A6JM-01Z-00-DX1,,TGFb,4511,0.042119264021281314
TCGA-CV-A6JM-01Z-00-DX1,TCGA-CV-A6JM-01Z-00-DX1,,TNFa,4511,0.4318332963866105
TCGA-CV-A6JM-01Z-00-DX1,TCGA-CV-A6JM-01Z-00-DX1,,Trail,4511,0.11194857016182665
TCGA-CV-A6JM-01Z-00-DX1,TCGA-CV-A6JM-01Z-00-DX1,,VEGF,4511,0.8383950343604523
TCGA-CV-A6JM-01Z-00-DX1,TCGA-CV-A6JM-01Z-00-DX1,,WNT,4511,0.12613611172688982
TCGA-CV-A6JM-01Z-00-DX1,TCGA-CV-A6JM-01Z-00-DX1,,p53,4511,0.0545333628907116
TCGA-CV-A6JN-01Z-00-DX1,TCGA-CV-A6JN-01Z-00-DX1,,Androgen,1948,0.15862422997946612
TCGA-CV-A6JN-01Z-00-DX1,TCGA-CV-A6JN-01Z-00-DX1,,EGFR,1948,0.40811088295687886
TCGA-CV-A6JN-01Z-00-DX1,TCGA-CV-A6JN-01Z-00-DX1,,Estrogen,1948,0.36960985626283366
TCGA-CV-A6JN-01Z-00-DX1,TCGA-CV-A6JN-01Z-00-DX1,,Hypoxia,1948,0.5651950718685832
TCGA-CV-A6JN-01Z-00-DX1,TCGA-CV-A6JN-01Z-00-DX1,,JAK-STAT,1948,0.6006160164271047
TCGA-CV-A6JN-01Z-00-DX1,TCGA-CV-A6JN-01Z-00-DX1,,MAPK,1948,0.46457905544147843
TCGA-CV-A6JN-01Z-00-DX1,TCGA-CV-A6JN-01Z-00-DX1,,NFkB,1948,0.4917864476386037
TCGA-CV-A6JN-01Z-00-DX1,TCGA-CV-A6JN-01Z-00-DX1,,PI3K,1948,0.6950718685831622
TCGA-CV-A6JN-01Z-00-DX1,TCGA-CV-A6JN-01Z-00-DX1,,TGFb,1948,0.011806981519507187
TCGA-CV-A6JN-01Z-00-DX1,TCGA-CV-A6JN-01Z-00-DX1,,TNFa,1948,0.6324435318275154
TCGA-CV-A6JN-01Z-00-DX1,TCGA-CV-A6JN-01Z-00-DX1,,Trail,1948,0.4260780287474333
TCGA-CV-A6JN-01Z-00-DX1,TCGA-CV-A6JN-01Z-00-DX1,,VEGF,1948,0.742299794661191
TCGA-CV-A6JN-01Z-00-DX1,TCGA-CV-A6JN-01Z-00-DX1,,WNT,1948,0.22176591375770022
TCGA-CV-A6JN-01Z-00-DX1,TCGA-CV-A6JN-01Z-00-DX1,,p53,1948,0.2874743326488706
TCGA-CV-A6JO-01Z-00-DX1,TCGA-CV-A6JO-01Z-00-DX1,,Androgen,3731,0.3047440364513535
TCGA-CV-A6JO-01Z-00-DX1,TCGA-CV-A6JO-01Z-00-DX1,,EGFR,3731,0.3803269900830876
TCGA-CV-A6JO-01Z-00-DX1,TCGA-CV-A6JO-01Z-00-DX1,,Estrogen,3731,0.21978021978021978
TCGA-CV-A6JO-01Z-00-DX1,TCGA-CV-A6JO-01Z-00-DX1,,Hypoxia,3731,0.6783704100777271
TCGA-CV-A6JO-01Z-00-DX1,TCGA-CV-A6JO-01Z-00-DX1,,JAK-STAT,3731,0.39587242026266417
TCGA-CV-A6JO-01Z-00-DX1,TCGA-CV-A6JO-01Z-00-DX1,,MAPK,3731,0.4891450013401233
TCGA-CV-A6JO-01Z-00-DX1,TCGA-CV-A6JO-01Z-00-DX1,,NFkB,3731,0.1999463950683463
TCGA-CV-A6JO-01Z-00-DX1,TCGA-CV-A6JO-01Z-00-DX1,,PI3K,3731,0.737067810238542
TCGA-CV-A6JO-01Z-00-DX1,TCGA-CV-A6JO-01Z-00-DX1,,TGFb,3731,0.008844813722862504
TCGA-CV-A6JO-01Z-00-DX1,TCGA-CV-A6JO-01Z-00-DX1,,TNFa,3731,0.7209863307424283
TCGA-CV-A6JO-01Z-00-DX1,TCGA-CV-A6JO-01Z-00-DX1,,Trail,3731,0.4352720450281426
TCGA-CV-A6JO-01Z-00-DX1,TCGA-CV-A6JO-01Z-00-DX1,,VEGF,3731,0.7678906459394265
TCGA-CV-A6JO-01Z-00-DX1,TCGA-CV-A6JO-01Z-00-DX1,,WNT,3731,0.06700616456714018
TCGA-CV-A6JO-01Z-00-DX1,TCGA-CV-A6JO-01Z-00-DX1,,p53,3731,0.2862503350308228
TCGA-CV-A6JT-01Z-00-DX1,TCGA-CV-A6JT-01Z-00-DX1,,Androgen,3454,0.19137232194557036
TCGA-CV-A6JT-01Z-00-DX1,TCGA-CV-A6JT-01Z-00-DX1,,EGFR,3454,0.370005790387956
TCGA-CV-A6JT-01Z-00-DX1,TCGA-CV-A6JT-01Z-00-DX1,,Estrogen,3454,0.287492762015055
TCGA-CV-A6JT-01Z-00-DX1,TCGA-CV-A6JT-01Z-00-DX1,,Hypoxia,3454,0.4554140127388535
TCGA-CV-A6JT-01Z-00-DX1,TCGA-CV-A6JT-01Z-00-DX1,,JAK-STAT,3454,0.48262883613202084
TCGA-CV-A6JT-01Z-00-DX1,TCGA-CV-A6JT-01Z-00-DX1,,MAPK,3454,0.5764331210191083
TCGA-CV-A6JT-01Z-00-DX1,TCGA-CV-A6JT-01Z-00-DX1,,NFkB,3454,0.12159814707585408
TCGA-CV-A6JT-01Z-00-DX1,TCGA-CV-A6JT-01Z-00-DX1,,PI3K,3454,0.41169658367110595
TCGA-CV-A6JT-01Z-00-DX1,TCGA-CV-A6JT-01Z-00-DX1,,TGFb,3454,0.43138390272148236
TCGA-CV-A6JT-01Z-00-DX1,TCGA-CV-A6JT-01Z-00-DX1,,TNFa,3454,0.8173132599884192
TCGA-CV-A6JT-01Z-00-DX1,TCGA-CV-A6JT-01Z-00-DX1,,Trail,3454,0.6682107701215981
TCGA-CV-A6JT-01Z-00-DX1,TCGA-CV-A6JT-01Z-00-DX1,,VEGF,3454,0.8242617255356108
TCGA-CV-A6JT-01Z-00-DX1,TCGA-CV-A6JT-01Z-00-DX1,,WNT,3454,0.5052113491603938
TCGA-CV-A6JT-01Z-00-DX1,TCGA-CV-A6JT-01Z-00-DX1,,p53,3454,0.026346265199768383
TCGA-CV-A6JU-01Z-00-DX1,TCGA-CV-A6JU-01Z-00-DX1,,Androgen,1483,0.6641942009440324
TCGA-CV-A6JU-01Z-00-DX1,TCGA-CV-A6JU-01Z-00-DX1,,EGFR,1483,0.24005394470667565
TCGA-CV-A6JU-01Z-00-DX1,TCGA-CV-A6JU-01Z-00-DX1,,Estrogen,1483,0.4052596089008766
TCGA-CV-A6JU-01Z-00-DX1,TCGA-CV-A6JU-01Z-00-DX1,,Hypoxia,1483,0.2191503708698584
TCGA-CV-A6JU-01Z-00-DX1,TCGA-CV-A6JU-01Z-00-DX1,,JAK-STAT,1483,0.29669588671611596
TCGA-CV-A6JU-01Z-00-DX1,TCGA-CV-A6JU-01Z-00-DX1,,MAPK,1483,0.19757248819959541
TCGA-CV-A6JU-01Z-00-DX1,TCGA-CV-A6JU-01Z-00-DX1,,NFkB,1483,0.31018206338503035
TCGA-CV-A6JU-01Z-00-DX1,TCGA-CV-A6JU-01Z-00-DX1,,PI3K,1483,0.5468644639244774
TCGA-CV-A6JU-01Z-00-DX1,TCGA-CV-A6JU-01Z-00-DX1,,TGFb,1483,0.41132838840188807
TCGA-CV-A6JU-01Z-00-DX1,TCGA-CV-A6JU-01Z-00-DX1,,TNFa,1483,0.43695212407282535
TCGA-CV-A6JU-01Z-00-DX1,TCGA-CV-A6JU-01Z-00-DX1,,Trail,1483,0.3331085637221848
TCGA-CV-A6JU-01Z-00-DX1,TCGA-CV-A6JU-01Z-00-DX1,,VEGF,1483,0.29197572488199597
TCGA-CV-A6JU-01Z-00-DX1,TCGA-CV-A6JU-01Z-00-DX1,,WNT,1483,0.5758597437626433
TCGA-CV-A6JU-01Z-00-DX1,TCGA-CV-A6JU-01Z-00-DX1,,p53,1483,0.2002697235333783
TCGA-CV-A6JY-01Z-00-DX1,TCGA-CV-A6JY-01Z-00-DX1,,Androgen,2865,0.47469458987783597
TCGA-CV-A6JY-01Z-00-DX1,TCGA-CV-A6JY-01Z-00-DX1,,EGFR,2865,0.3183246073298429
TCGA-CV-A6JY-01Z-00-DX1,TCGA-CV-A6JY-01Z-00-DX1,,Estrogen,2865,0.387783595113438
TCGA-CV-A6JY-01Z-00-DX1,TCGA-CV-A6JY-01Z-00-DX1,,Hypoxia,2865,0.4282722513089005
TCGA-CV-A6JY-01Z-00-DX1,TCGA-CV-A6JY-01Z-00-DX1,,JAK-STAT,2865,0.374869109947644
TCGA-CV-A6JY-01Z-00-DX1,TCGA-CV-A6JY-01Z-00-DX1,,MAPK,2865,0.49458987783595115
TCGA-CV-A6JY-01Z-00-DX1,TCGA-CV-A6JY-01Z-00-DX1,,NFkB,2865,0.5095986038394416
TCGA-CV-A6JY-01Z-00-DX1,TCGA-CV-A6JY-01Z-00-DX1,,PI3K,2865,0.5678883071553229
TCGA-CV-A6JY-01Z-00-DX1,TCGA-CV-A6JY-01Z-00-DX1,,TGFb,2865,0.2767888307155323
TCGA-CV-A6JY-01Z-00-DX1,TCGA-CV-A6JY-01Z-00-DX1,,TNFa,2865,0.6202443280977312
TCGA-CV-A6JY-01Z-00-DX1,TCGA-CV-A6JY-01Z-00-DX1,,Trail,2865,0.3357766143106457
TCGA-CV-A6JY-01Z-00-DX1,TCGA-CV-A6JY-01Z-00-DX1,,VEGF,2865,0.5116928446771378
TCGA-CV-A6JY-01Z-00-DX1,TCGA-CV-A6JY-01Z-00-DX1,,WNT,2865,0.3183246073298429
TCGA-CV-A6JY-01Z-00-DX1,TCGA-CV-A6JY-01Z-00-DX1,,p53,2865,0.256195462478185
TCGA-CV-A6JZ-01Z-00-DX1,TCGA-CV-A6JZ-01Z-00-DX1,,Androgen,691,0.19536903039073805
TCGA-CV-A6JZ-01Z-00-DX1,TCGA-CV-A6JZ-01Z-00-DX1,,EGFR,691,0.02170767004341534
TCGA-CV-A6JZ-01Z-00-DX1,TCGA-CV-A6JZ-01Z-00-DX1,,Estrogen,691,0.5470332850940666
TCGA-CV-A6JZ-01Z-00-DX1,TCGA-CV-A6JZ-01Z-00-DX1,,Hypoxia,691,0.5615050651230101
TCGA-CV-A6JZ-01Z-00-DX1,TCGA-CV-A6JZ-01Z-00-DX1,,JAK-STAT,691,0.7192474674384949
TCGA-CV-A6JZ-01Z-00-DX1,TCGA-CV-A6JZ-01Z-00-DX1,,MAPK,691,0.3545586107091172
TCGA-CV-A6JZ-01Z-00-DX1,TCGA-CV-A6JZ-01Z-00-DX1,,NFkB,691,0.19681620839363242
TCGA-CV-A6JZ-01Z-00-DX1,TCGA-CV-A6JZ-01Z-00-DX1,,PI3K,691,0.7597684515195369
TCGA-CV-A6JZ-01Z-00-DX1,TCGA-CV-A6JZ-01Z-00-DX1,,TGFb,691,0.0
TCGA-CV-A6JZ-01Z-00-DX1,TCGA-CV-A6JZ-01Z-00-DX1,,TNFa,691,0.21852387843704776
TCGA-CV-A6JZ-01Z-00-DX1,TCGA-CV-A6JZ-01Z-00-DX1,,Trail,691,0.4356005788712012
TCGA-CV-A6JZ-01Z-00-DX1,TCGA-CV-A6JZ-01Z-00-DX1,,VEGF,691,0.5658465991316932
TCGA-CV-A6JZ-01Z-00-DX1,TCGA-CV-A6JZ-01Z-00-DX1,,WNT,691,0.08393632416787265
TCGA-CV-A6JZ-01Z-00-DX1,TCGA-CV-A6JZ-01Z-00-DX1,,p53,691,0.22286541244573083
TCGA-CV-A6K0-01Z-00-DX1,TCGA-CV-A6K0-01Z-00-DX1,,Androgen,4665,0.2990353697749196
TCGA-CV-A6K0-01Z-00-DX1,TCGA-CV-A6K0-01Z-00-DX1,,EGFR,4665,0.3534833869239014
TCGA-CV-A6K0-01Z-00-DX1,TCGA-CV-A6K0-01Z-00-DX1,,Estrogen,4665,0.9759914255091104
TCGA-CV-A6K0-01Z-00-DX1,TCGA-CV-A6K0-01Z-00-DX1,,Hypoxia,4665,0.43108252947481246
TCGA-CV-A6K0-01Z-00-DX1,TCGA-CV-A6K0-01Z-00-DX1,,JAK-STAT,4665,0.7371918542336549
TCGA-CV-A6K0-01Z-00-DX1,TCGA-CV-A6K0-01Z-00-DX1,,MAPK,4665,0.07181136120042872
TCGA-CV-A6K0-01Z-00-DX1,TCGA-CV-A6K0-01Z-00-DX1,,NFkB,4665,0.035584137191854236
TCGA-CV-A6K0-01Z-00-DX1,TCGA-CV-A6K0-01Z-00-DX1,,PI3K,4665,0.49389067524115754
TCGA-CV-A6K0-01Z-00-DX1,TCGA-CV-A6K0-01Z-00-DX1,,TGFb,4665,0.23515541264737405
TCGA-CV-A6K0-01Z-00-DX1,TCGA-CV-A6K0-01Z-00-DX1,,TNFa,4665,0.28360128617363345
TCGA-CV-A6K0-01Z-00-DX1,TCGA-CV-A6K0-01Z-00-DX1,,Trail,4665,0.8265809217577706
TCGA-CV-A6K0-01Z-00-DX1,TCGA-CV-A6K0-01Z-00-DX1,,VEGF,4665,0.3239013933547696
TCGA-CV-A6K0-01Z-00-DX1,TCGA-CV-A6K0-01Z-00-DX1,,WNT,4665,0.5412647374062165
TCGA-CV-A6K0-01Z-00-DX1,TCGA-CV-A6K0-01Z-00-DX1,,p53,4665,0.2120042872454448
TCGA-CV-A6K1-01Z-00-DX1,TCGA-CV-A6K1-01Z-00-DX1,,Androgen,4762,0.2650146997060059
TCGA-CV-A6K1-01Z-00-DX1,TCGA-CV-A6K1-01Z-00-DX1,,EGFR,4762,0.40802183956320875
TCGA-CV-A6K1-01Z-00-DX1,TCGA-CV-A6K1-01Z-00-DX1,,Estrogen,4762,0.9178916421671567
TCGA-CV-A6K1-01Z-00-DX1,TCGA-CV-A6K1-01Z-00-DX1,,Hypoxia,4762,0.8792524149517009
TCGA-CV-A6K1-01Z-00-DX1,TCGA-CV-A6K1-01Z-00-DX1,,JAK-STAT,4762,0.5814783704325913
TCGA-CV-A6K1-01Z-00-DX1,TCGA-CV-A6K1-01Z-00-DX1,,MAPK,4762,0.22070558588828224
TCGA-CV-A6K1-01Z-00-DX1,TCGA-CV-A6K1-01Z-00-DX1,,NFkB,4762,0.07727845443091139
TCGA-CV-A6K1-01Z-00-DX1,TCGA-CV-A6K1-01Z-00-DX1,,PI3K,4762,0.753254934901302
TCGA-CV-A6K1-01Z-00-DX1,TCGA-CV-A6K1-01Z-00-DX1,,TGFb,4762,0.4454010919781604
TCGA-CV-A6K1-01Z-00-DX1,TCGA-CV-A6K1-01Z-00-DX1,,TNFa,4762,0.33599328013439733
TCGA-CV-A6K1-01Z-00-DX1,TCGA-CV-A6K1-01Z-00-DX1,,Trail,4762,0.41894162116757666
TCGA-CV-A6K1-01Z-00-DX1,TCGA-CV-A6K1-01Z-00-DX1,,VEGF,4762,0.15623687526249475
TCGA-CV-A6K1-01Z-00-DX1,TCGA-CV-A6K1-01Z-00-DX1,,WNT,4762,0.36665266694666104
TCGA-CV-A6K1-01Z-00-DX1,TCGA-CV-A6K1-01Z-00-DX1,,p53,4762,0.740235195296094
TCGA-CV-A6K2-01Z-00-DX1,TCGA-CV-A6K2-01Z-00-DX1,,Androgen,4037,0.3460490463215259
TCGA-CV-A6K2-01Z-00-DX1,TCGA-CV-A6K2-01Z-00-DX1,,EGFR,4037,0.6916026752539014
TCGA-CV-A6K2-01Z-00-DX1,TCGA-CV-A6K2-01Z-00-DX1,,Estrogen,4037,0.9970274956650979
TCGA-CV-A6K2-01Z-00-DX1,TCGA-CV-A6K2-01Z-00-DX1,,Hypoxia,4037,0.6950705969779539
TCGA-CV-A6K2-01Z-00-DX1,TCGA-CV-A6K2-01Z-00-DX1,,JAK-STAT,4037,0.5506564280406242
TCGA-CV-A6K2-01Z-00-DX1,TCGA-CV-A6K2-01Z-00-DX1,,MAPK,4037,0.1151845429774585
TCGA-CV-A6K2-01Z-00-DX1,TCGA-CV-A6K2-01Z-00-DX1,,NFkB,4037,0.12583601684419124
TCGA-CV-A6K2-01Z-00-DX1,TCGA-CV-A6K2-01Z-00-DX1,,PI3K,4037,0.488233837007679
TCGA-CV-A6K2-01Z-00-DX1,TCGA-CV-A6K2-01Z-00-DX1,,TGFb,4037,0.5640326975476839
TCGA-CV-A6K2-01Z-00-DX1,TCGA-CV-A6K2-01Z-00-DX1,,TNFa,4037,0.8409710180827347
TCGA-CV-A6K2-01Z-00-DX1,TCGA-CV-A6K2-01Z-00-DX1,,Trail,4037,0.7919246965568492
TCGA-CV-A6K2-01Z-00-DX1,TCGA-CV-A6K2-01Z-00-DX1,,VEGF,4037,0.5102799108248699
TCGA-CV-A6K2-01Z-00-DX1,TCGA-CV-A6K2-01Z-00-DX1,,WNT,4037,0.4017835026009413
TCGA-CV-A6K2-01Z-00-DX1,TCGA-CV-A6K2-01Z-00-DX1,,p53,4037,0.25390141193955906
TCGA-CX-7085-01Z-00-DX1,TCGA-CX-7085-01Z-00-DX1,,VEGF,0,0.0
TCGA-CX-7085-01Z-00-DX1,TCGA-CX-7085-01Z-00-DX1,,TNFa,0,0.0
TCGA-CX-7085-01Z-00-DX1,TCGA-CX-7085-01Z-00-DX1,,JAK-STAT,0,0.0
TCGA-CX-7085-01Z-00-DX1,TCGA-CX-7085-01Z-00-DX1,,EGFR,0,0.0
TCGA-CX-7085-01Z-00-DX1,TCGA-CX-7085-01Z-00-DX1,,Estrogen,0,0.0
TCGA-CX-7085-01Z-00-DX1,TCGA-CX-7085-01Z-00-DX1,,MAPK,0,0.0
TCGA-CX-7085-01Z-00-DX1,TCGA-CX-7085-01Z-00-DX1,,Trail,0,0.0
TCGA-CX-7085-01Z-00-DX1,TCGA-CX-7085-01Z-00-DX1,,WNT,0,0.0
TCGA-CX-7085-01Z-00-DX1,TCGA-CX-7085-01Z-00-DX1,,Hypoxia,0,0.0
TCGA-CX-7085-01Z-00-DX1,TCGA-CX-7085-01Z-00-DX1,,p53,0,0.0
TCGA-CX-7085-01Z-00-DX1,TCGA-CX-7085-01Z-00-DX1,,PI3K,0,0.0
TCGA-CX-7085-01Z-00-DX1,TCGA-CX-7085-01Z-00-DX1,,Androgen,0,0.0
TCGA-CX-7085-01Z-00-DX1,TCGA-CX-7085-01Z-00-DX1,,NFkB,0,0.0
TCGA-CX-7085-01Z-00-DX1,TCGA-CX-7085-01Z-00-DX1,,TGFb,0,0.0
TCGA-CX-7086-01Z-00-DX1,TCGA-CX-7086-01Z-00-DX1,,VEGF,0,0.0
TCGA-CX-7086-01Z-00-DX1,TCGA-CX-7086-01Z-00-DX1,,TNFa,0,0.0
TCGA-CX-7086-01Z-00-DX1,TCGA-CX-7086-01Z-00-DX1,,JAK-STAT,0,0.0
TCGA-CX-7086-01Z-00-DX1,TCGA-CX-7086-01Z-00-DX1,,EGFR,0,0.0
TCGA-CX-7086-01Z-00-DX1,TCGA-CX-7086-01Z-00-DX1,,Estrogen,0,0.0
TCGA-CX-7086-01Z-00-DX1,TCGA-CX-7086-01Z-00-DX1,,MAPK,0,0.0
TCGA-CX-7086-01Z-00-DX1,TCGA-CX-7086-01Z-00-DX1,,Trail,0,0.0
TCGA-CX-7086-01Z-00-DX1,TCGA-CX-7086-01Z-00-DX1,,WNT,0,0.0
TCGA-CX-7086-01Z-00-DX1,TCGA-CX-7086-01Z-00-DX1,,Hypoxia,0,0.0
TCGA-CX-7086-01Z-00-DX1,TCGA-CX-7086-01Z-00-DX1,,p53,0,0.0
TCGA-CX-7086-01Z-00-DX1,TCGA-CX-7086-01Z-00-DX1,,PI3K,0,0.0
TCGA-CX-7086-01Z-00-DX1,TCGA-CX-7086-01Z-00-DX1,,Androgen,0,0.0
TCGA-CX-7086-01Z-00-DX1,TCGA-CX-7086-01Z-00-DX1,,NFkB,0,0.0
TCGA-CX-7086-01Z-00-DX1,TCGA-CX-7086-01Z-00-DX1,,TGFb,0,0.0
TCGA-CX-7219-01Z-00-DX1,TCGA-CX-7219-01Z-00-DX1,,Androgen,64,0.5
TCGA-CX-7219-01Z-00-DX1,TCGA-CX-7219-01Z-00-DX1,,EGFR,64,0.578125
TCGA-CX-7219-01Z-00-DX1,TCGA-CX-7219-01Z-00-DX1,,Estrogen,64,0.046875
TCGA-CX-7219-01Z-00-DX1,TCGA-CX-7219-01Z-00-DX1,,Hypoxia,64,0.546875
TCGA-CX-7219-01Z-00-DX1,TCGA-CX-7219-01Z-00-DX1,,JAK-STAT,64,0.421875
TCGA-CX-7219-01Z-00-DX1,TCGA-CX-7219-01Z-00-DX1,,MAPK,64,0.71875
TCGA-CX-7219-01Z-00-DX1,TCGA-CX-7219-01Z-00-DX1,,NFkB,64,0.578125
TCGA-CX-7219-01Z-00-DX1,TCGA-CX-7219-01Z-00-DX1,,PI3K,64,0.375
TCGA-CX-7219-01Z-00-DX1,TCGA-CX-7219-01Z-00-DX1,,TGFb,64,0.125
TCGA-CX-7219-01Z-00-DX1,TCGA-CX-7219-01Z-00-DX1,,TNFa,64,0.203125
TCGA-CX-7219-01Z-00-DX1,TCGA-CX-7219-01Z-00-DX1,,Trail,64,0.484375
TCGA-CX-7219-01Z-00-DX1,TCGA-CX-7219-01Z-00-DX1,,VEGF,64,0.109375
TCGA-CX-7219-01Z-00-DX1,TCGA-CX-7219-01Z-00-DX1,,WNT,64,0.15625
TCGA-CX-7219-01Z-00-DX1,TCGA-CX-7219-01Z-00-DX1,,p53,64,0.03125
TCGA-CX-A4AQ-01Z-00-DX1,TCGA-CX-A4AQ-01Z-00-DX1,,Androgen,1469,0.21443158611300203
TCGA-CX-A4AQ-01Z-00-DX1,TCGA-CX-A4AQ-01Z-00-DX1,,EGFR,1469,0.2893124574540504
TCGA-CX-A4AQ-01Z-00-DX1,TCGA-CX-A4AQ-01Z-00-DX1,,Estrogen,1469,0.15861130020422057
TCGA-CX-A4AQ-01Z-00-DX1,TCGA-CX-A4AQ-01Z-00-DX1,,Hypoxia,1469,0.6616746085772635
TCGA-CX-A4AQ-01Z-00-DX1,TCGA-CX-A4AQ-01Z-00-DX1,,JAK-STAT,1469,0.09257998638529612
TCGA-CX-A4AQ-01Z-00-DX1,TCGA-CX-A4AQ-01Z-00-DX1,,MAPK,1469,0.11640571817562968
TCGA-CX-A4AQ-01Z-00-DX1,TCGA-CX-A4AQ-01Z-00-DX1,,NFkB,1469,0.2682096664397549
TCGA-CX-A4AQ-01Z-00-DX1,TCGA-CX-A4AQ-01Z-00-DX1,,PI3K,1469,0.3192648059904697
TCGA-CX-A4AQ-01Z-00-DX1,TCGA-CX-A4AQ-01Z-00-DX1,,TGFb,1469,0.16609938733832538
TCGA-CX-A4AQ-01Z-00-DX1,TCGA-CX-A4AQ-01Z-00-DX1,,TNFa,1469,0.2532334921715453
TCGA-CX-A4AQ-01Z-00-DX1,TCGA-CX-A4AQ-01Z-00-DX1,,Trail,1469,0.29611980939414567
TCGA-CX-A4AQ-01Z-00-DX1,TCGA-CX-A4AQ-01Z-00-DX1,,VEGF,1469,0.1211708645336964
TCGA-CX-A4AQ-01Z-00-DX1,TCGA-CX-A4AQ-01Z-00-DX1,,WNT,1469,0.4424778761061947
TCGA-CX-A4AQ-01Z-00-DX1,TCGA-CX-A4AQ-01Z-00-DX1,,p53,1469,0.002722940776038121
TCGA-D6-6515-01Z-00-DX1,TCGA-D6-6515-01Z-00-DX1,,Androgen,1,0.0
TCGA-D6-6515-01Z-00-DX1,TCGA-D6-6515-01Z-00-DX1,,EGFR,1,0.0
TCGA-D6-6515-01Z-00-DX1,TCGA-D6-6515-01Z-00-DX1,,Estrogen,1,0.0
TCGA-D6-6515-01Z-00-DX1,TCGA-D6-6515-01Z-00-DX1,,Hypoxia,1,1.0
TCGA-D6-6515-01Z-00-DX1,TCGA-D6-6515-01Z-00-DX1,,JAK-STAT,1,0.0
TCGA-D6-6515-01Z-00-DX1,TCGA-D6-6515-01Z-00-DX1,,MAPK,1,0.0
TCGA-D6-6515-01Z-00-DX1,TCGA-D6-6515-01Z-00-DX1,,NFkB,1,0.0
TCGA-D6-6515-01Z-00-DX1,TCGA-D6-6515-01Z-00-DX1,,PI3K,1,0.0
TCGA-D6-6515-01Z-00-DX1,TCGA-D6-6515-01Z-00-DX1,,TGFb,1,0.0
TCGA-D6-6515-01Z-00-DX1,TCGA-D6-6515-01Z-00-DX1,,TNFa,1,0.0
TCGA-D6-6515-01Z-00-DX1,TCGA-D6-6515-01Z-00-DX1,,Trail,1,0.0
TCGA-D6-6515-01Z-00-DX1,TCGA-D6-6515-01Z-00-DX1,,VEGF,1,1.0
TCGA-D6-6515-01Z-00-DX1,TCGA-D6-6515-01Z-00-DX1,,WNT,1,0.0
TCGA-D6-6515-01Z-00-DX1,TCGA-D6-6515-01Z-00-DX1,,p53,1,1.0
TCGA-D6-6515-01Z-00-DX2,TCGA-D6-6515-01Z-00-DX2,,Androgen,2720,0.07169117647058823
TCGA-D6-6515-01Z-00-DX2,TCGA-D6-6515-01Z-00-DX2,,EGFR,2720,0.10735294117647058
TCGA-D6-6515-01Z-00-DX2,TCGA-D6-6515-01Z-00-DX2,,Estrogen,2720,0.06654411764705882
TCGA-D6-6515-01Z-00-DX2,TCGA-D6-6515-01Z-00-DX2,,Hypoxia,2720,0.16654411764705881
TCGA-D6-6515-01Z-00-DX2,TCGA-D6-6515-01Z-00-DX2,,JAK-STAT,2720,0.56875
TCGA-D6-6515-01Z-00-DX2,TCGA-D6-6515-01Z-00-DX2,,MAPK,2720,0.15036764705882352
TCGA-D6-6515-01Z-00-DX2,TCGA-D6-6515-01Z-00-DX2,,NFkB,2720,0.036397058823529414
TCGA-D6-6515-01Z-00-DX2,TCGA-D6-6515-01Z-00-DX2,,PI3K,2720,0.2698529411764706
TCGA-D6-6515-01Z-00-DX2,TCGA-D6-6515-01Z-00-DX2,,TGFb,2720,0.4496323529411765
TCGA-D6-6515-01Z-00-DX2,TCGA-D6-6515-01Z-00-DX2,,TNFa,2720,0.48161764705882354
TCGA-D6-6515-01Z-00-DX2,TCGA-D6-6515-01Z-00-DX2,,Trail,2720,0.4959558823529412
TCGA-D6-6515-01Z-00-DX2,TCGA-D6-6515-01Z-00-DX2,,VEGF,2720,0.14044117647058824
TCGA-D6-6515-01Z-00-DX2,TCGA-D6-6515-01Z-00-DX2,,WNT,2720,0.35919117647058824
TCGA-D6-6515-01Z-00-DX2,TCGA-D6-6515-01Z-00-DX2,,p53,2720,0.1363970588235294
TCGA-D6-6516-01Z-00-DX1,TCGA-D6-6516-01Z-00-DX1,,Androgen,978,0.17995910020449898
TCGA-D6-6516-01Z-00-DX1,TCGA-D6-6516-01Z-00-DX1,,EGFR,978,0.1983640081799591
TCGA-D6-6516-01Z-00-DX1,TCGA-D6-6516-01Z-00-DX1,,Estrogen,978,0.2740286298568507
TCGA-D6-6516-01Z-00-DX1,TCGA-D6-6516-01Z-00-DX1,,Hypoxia,978,0.36298568507157464
TCGA-D6-6516-01Z-00-DX1,TCGA-D6-6516-01Z-00-DX1,,JAK-STAT,978,0.7239263803680982
TCGA-D6-6516-01Z-00-DX1,TCGA-D6-6516-01Z-00-DX1,,MAPK,978,0.24539877300613497
TCGA-D6-6516-01Z-00-DX1,TCGA-D6-6516-01Z-00-DX1,,NFkB,978,0.4621676891615542
TCGA-D6-6516-01Z-00-DX1,TCGA-D6-6516-01Z-00-DX1,,PI3K,978,0.523517382413088
TCGA-D6-6516-01Z-00-DX1,TCGA-D6-6516-01Z-00-DX1,,TGFb,978,0.0010224948875255625
TCGA-D6-6516-01Z-00-DX1,TCGA-D6-6516-01Z-00-DX1,,TNFa,978,0.6840490797546013
TCGA-D6-6516-01Z-00-DX1,TCGA-D6-6516-01Z-00-DX1,,Trail,978,0.37014314928425357
TCGA-D6-6516-01Z-00-DX1,TCGA-D6-6516-01Z-00-DX1,,VEGF,978,0.3803680981595092
TCGA-D6-6516-01Z-00-DX1,TCGA-D6-6516-01Z-00-DX1,,WNT,978,0.40286298568507156
TCGA-D6-6516-01Z-00-DX1,TCGA-D6-6516-01Z-00-DX1,,p53,978,0.44171779141104295
TCGA-D6-6516-01Z-00-DX2,TCGA-D6-6516-01Z-00-DX2,,Androgen,2134,0.11527647610121837
TCGA-D6-6516-01Z-00-DX2,TCGA-D6-6516-01Z-00-DX2,,EGFR,2134,0.061855670103092786
TCGA-D6-6516-01Z-00-DX2,TCGA-D6-6516-01Z-00-DX2,,Estrogen,2134,0.31865042174320524
TCGA-D6-6516-01Z-00-DX2,TCGA-D6-6516-01Z-00-DX2,,Hypoxia,2134,0.33270852858481725
TCGA-D6-6516-01Z-00-DX2,TCGA-D6-6516-01Z-00-DX2,,JAK-STAT,2134,0.8092783505154639
TCGA-D6-6516-01Z-00-DX2,TCGA-D6-6516-01Z-00-DX2,,MAPK,2134,0.19072164948453607
TCGA-D6-6516-01Z-00-DX2,TCGA-D6-6516-01Z-00-DX2,,NFkB,2134,0.36879100281162136
TCGA-D6-6516-01Z-00-DX2,TCGA-D6-6516-01Z-00-DX2,,PI3K,2134,0.5346766635426429
TCGA-D6-6516-01Z-00-DX2,TCGA-D6-6516-01Z-00-DX2,,TGFb,2134,0.0
TCGA-D6-6516-01Z-00-DX2,TCGA-D6-6516-01Z-00-DX2,,TNFa,2134,0.6893158388003748
TCGA-D6-6516-01Z-00-DX2,TCGA-D6-6516-01Z-00-DX2,,Trail,2134,0.5716963448922212
TCGA-D6-6516-01Z-00-DX2,TCGA-D6-6516-01Z-00-DX2,,VEGF,2134,0.5009372071227741
TCGA-D6-6516-01Z-00-DX2,TCGA-D6-6516-01Z-00-DX2,,WNT,2134,0.20899718837863168
TCGA-D6-6516-01Z-00-DX2,TCGA-D6-6516-01Z-00-DX2,,p53,2134,0.1991565135895033
TCGA-D6-6517-01Z-00-DX1,TCGA-D6-6517-01Z-00-DX1,,Androgen,2498,0.6096877502001601
TCGA-D6-6517-01Z-00-DX1,TCGA-D6-6517-01Z-00-DX1,,EGFR,2498,0.6124899919935949
TCGA-D6-6517-01Z-00-DX1,TCGA-D6-6517-01Z-00-DX1,,Estrogen,2498,0.9187349879903923
TCGA-D6-6517-01Z-00-DX1,TCGA-D6-6517-01Z-00-DX1,,Hypoxia,2498,0.8746997598078463
TCGA-D6-6517-01Z-00-DX1,TCGA-D6-6517-01Z-00-DX1,,JAK-STAT,2498,0.5600480384307446
TCGA-D6-6517-01Z-00-DX1,TCGA-D6-6517-01Z-00-DX1,,MAPK,2498,0.4307445956765412
TCGA-D6-6517-01Z-00-DX1,TCGA-D6-6517-01Z-00-DX1,,NFkB,2498,0.0500400320256205
TCGA-D6-6517-01Z-00-DX1,TCGA-D6-6517-01Z-00-DX1,,PI3K,2498,0.2830264211369095
TCGA-D6-6517-01Z-00-DX1,TCGA-D6-6517-01Z-00-DX1,,TGFb,2498,0.5604483586869495
TCGA-D6-6517-01Z-00-DX1,TCGA-D6-6517-01Z-00-DX1,,TNFa,2498,0.5348278622898318
TCGA-D6-6517-01Z-00-DX1,TCGA-D6-6517-01Z-00-DX1,,Trail,2498,0.5024019215372297
TCGA-D6-6517-01Z-00-DX1,TCGA-D6-6517-01Z-00-DX1,,VEGF,2498,0.2966373098478783
TCGA-D6-6517-01Z-00-DX1,TCGA-D6-6517-01Z-00-DX1,,WNT,2498,0.37309847878302643
TCGA-D6-6517-01Z-00-DX1,TCGA-D6-6517-01Z-00-DX1,,p53,2498,0.14731785428342675
TCGA-D6-6517-01Z-00-DX2,TCGA-D6-6517-01Z-00-DX2,,Androgen,3027,0.46745953088866865
TCGA-D6-6517-01Z-00-DX2,TCGA-D6-6517-01Z-00-DX2,,EGFR,3027,0.622398414271556
TCGA-D6-6517-01Z-00-DX2,TCGA-D6-6517-01Z-00-DX2,,Estrogen,3027,0.9616782292699042
TCGA-D6-6517-01Z-00-DX2,TCGA-D6-6517-01Z-00-DX2,,Hypoxia,3027,0.9405351833498513
TCGA-D6-6517-01Z-00-DX2,TCGA-D6-6517-01Z-00-DX2,,JAK-STAT,3027,0.6065411298315163
TCGA-D6-6517-01Z-00-DX2,TCGA-D6-6517-01Z-00-DX2,,MAPK,3027,0.7089527585067724
TCGA-D6-6517-01Z-00-DX2,TCGA-D6-6517-01Z-00-DX2,,NFkB,3027,0.06673273868516683
TCGA-D6-6517-01Z-00-DX2,TCGA-D6-6517-01Z-00-DX2,,PI3K,3027,0.44334324413610837
TCGA-D6-6517-01Z-00-DX2,TCGA-D6-6517-01Z-00-DX2,,TGFb,3027,0.47340601255368353
TCGA-D6-6517-01Z-00-DX2,TCGA-D6-6517-01Z-00-DX2,,TNFa,3027,0.8222662702345557
TCGA-D6-6517-01Z-00-DX2,TCGA-D6-6517-01Z-00-DX2,,Trail,3027,0.504790221341262
TCGA-D6-6517-01Z-00-DX2,TCGA-D6-6517-01Z-00-DX2,,VEGF,3027,0.44400396432111
TCGA-D6-6517-01Z-00-DX2,TCGA-D6-6517-01Z-00-DX2,,WNT,3027,0.23356458539808392
TCGA-D6-6517-01Z-00-DX2,TCGA-D6-6517-01Z-00-DX2,,p53,3027,0.09745622728774364
TCGA-D6-6823-01Z-00-DX2,TCGA-D6-6823-01Z-00-DX2,,Androgen,3343,0.07298833383188752
TCGA-D6-6823-01Z-00-DX2,TCGA-D6-6823-01Z-00-DX2,,EGFR,3343,0.6942865689500449
TCGA-D6-6823-01Z-00-DX2,TCGA-D6-6823-01Z-00-DX2,,Estrogen,3343,0.5886927909063715
TCGA-D6-6823-01Z-00-DX2,TCGA-D6-6823-01Z-00-DX2,,Hypoxia,3343,0.21986239904277596
TCGA-D6-6823-01Z-00-DX2,TCGA-D6-6823-01Z-00-DX2,,JAK-STAT,3343,0.327849237212085
TCGA-D6-6823-01Z-00-DX2,TCGA-D6-6823-01Z-00-DX2,,MAPK,3343,0.8471432844750224
TCGA-D6-6823-01Z-00-DX2,TCGA-D6-6823-01Z-00-DX2,,NFkB,3343,0.1860604247681723
TCGA-D6-6823-01Z-00-DX2,TCGA-D6-6823-01Z-00-DX2,,PI3K,3343,0.484295542925516
TCGA-D6-6823-01Z-00-DX2,TCGA-D6-6823-01Z-00-DX2,,TGFb,3343,0.0002991325157044571
TCGA-D6-6823-01Z-00-DX2,TCGA-D6-6823-01Z-00-DX2,,TNFa,3343,0.6227938976966796
TCGA-D6-6823-01Z-00-DX2,TCGA-D6-6823-01Z-00-DX2,,Trail,3343,0.0738857313790009
TCGA-D6-6823-01Z-00-DX2,TCGA-D6-6823-01Z-00-DX2,,VEGF,3343,0.6084355369428657
TCGA-D6-6823-01Z-00-DX2,TCGA-D6-6823-01Z-00-DX2,,WNT,3343,0.3882740053843853
TCGA-D6-6823-01Z-00-DX2,TCGA-D6-6823-01Z-00-DX2,,p53,3343,0.24618606042476818
TCGA-D6-6824-01Z-00-DX2,TCGA-D6-6824-01Z-00-DX2,,Androgen,2999,0.5715238412804268
TCGA-D6-6824-01Z-00-DX2,TCGA-D6-6824-01Z-00-DX2,,EGFR,2999,0.9279759919973325
TCGA-D6-6824-01Z-00-DX2,TCGA-D6-6824-01Z-00-DX2,,Estrogen,2999,0.4704901633877959
TCGA-D6-6824-01Z-00-DX2,TCGA-D6-6824-01Z-00-DX2,,Hypoxia,2999,0.6988996332110704
TCGA-D6-6824-01Z-00-DX2,TCGA-D6-6824-01Z-00-DX2,,JAK-STAT,2999,0.5405135045015005
TCGA-D6-6824-01Z-00-DX2,TCGA-D6-6824-01Z-00-DX2,,MAPK,2999,0.9393131043681227
TCGA-D6-6824-01Z-00-DX2,TCGA-D6-6824-01Z-00-DX2,,NFkB,2999,0.40480160053351116
TCGA-D6-6824-01Z-00-DX2,TCGA-D6-6824-01Z-00-DX2,,PI3K,2999,0.00033344448149383126
TCGA-D6-6824-01Z-00-DX2,TCGA-D6-6824-01Z-00-DX2,,TGFb,2999,0.007002334111370457
TCGA-D6-6824-01Z-00-DX2,TCGA-D6-6824-01Z-00-DX2,,TNFa,2999,0.6828942980993664
TCGA-D6-6824-01Z-00-DX2,TCGA-D6-6824-01Z-00-DX2,,Trail,2999,0.06568856285428476
TCGA-D6-6824-01Z-00-DX2,TCGA-D6-6824-01Z-00-DX2,,VEGF,2999,0.5451817272424141
TCGA-D6-6824-01Z-00-DX2,TCGA-D6-6824-01Z-00-DX2,,WNT,2999,0.40046682227409136
TCGA-D6-6824-01Z-00-DX2,TCGA-D6-6824-01Z-00-DX2,,p53,2999,0.08402800933644548
TCGA-D6-6825-01Z-00-DX1,TCGA-D6-6825-01Z-00-DX1,,Androgen,134,0.09701492537313433
TCGA-D6-6825-01Z-00-DX1,TCGA-D6-6825-01Z-00-DX1,,EGFR,134,0.07462686567164178
TCGA-D6-6825-01Z-00-DX1,TCGA-D6-6825-01Z-00-DX1,,Estrogen,134,0.014925373134328358
TCGA-D6-6825-01Z-00-DX1,TCGA-D6-6825-01Z-00-DX1,,Hypoxia,134,0.12686567164179105
TCGA-D6-6825-01Z-00-DX1,TCGA-D6-6825-01Z-00-DX1,,JAK-STAT,134,0.07462686567164178
TCGA-D6-6825-01Z-00-DX1,TCGA-D6-6825-01Z-00-DX1,,MAPK,134,0.3582089552238806
TCGA-D6-6825-01Z-00-DX1,TCGA-D6-6825-01Z-00-DX1,,NFkB,134,0.291044776119403
TCGA-D6-6825-01Z-00-DX1,TCGA-D6-6825-01Z-00-DX1,,PI3K,134,0.5895522388059702
TCGA-D6-6825-01Z-00-DX1,TCGA-D6-6825-01Z-00-DX1,,TGFb,134,0.0
TCGA-D6-6825-01Z-00-DX1,TCGA-D6-6825-01Z-00-DX1,,TNFa,134,0.6492537313432836
TCGA-D6-6825-01Z-00-DX1,TCGA-D6-6825-01Z-00-DX1,,Trail,134,0.31343283582089554
TCGA-D6-6825-01Z-00-DX1,TCGA-D6-6825-01Z-00-DX1,,VEGF,134,0.07462686567164178
TCGA-D6-6825-01Z-00-DX1,TCGA-D6-6825-01Z-00-DX1,,WNT,134,0.208955223880597
TCGA-D6-6825-01Z-00-DX1,TCGA-D6-6825-01Z-00-DX1,,p53,134,0.4925373134328358
TCGA-D6-6825-01Z-00-DX2,TCGA-D6-6825-01Z-00-DX2,,Androgen,2325,0.08473118279569893
TCGA-D6-6825-01Z-00-DX2,TCGA-D6-6825-01Z-00-DX2,,EGFR,2325,0.2868817204301075
TCGA-D6-6825-01Z-00-DX2,TCGA-D6-6825-01Z-00-DX2,,Estrogen,2325,0.37333333333333335
TCGA-D6-6825-01Z-00-DX2,TCGA-D6-6825-01Z-00-DX2,,Hypoxia,2325,0.338494623655914
TCGA-D6-6825-01Z-00-DX2,TCGA-D6-6825-01Z-00-DX2,,JAK-STAT,2325,0.6468817204301075
TCGA-D6-6825-01Z-00-DX2,TCGA-D6-6825-01Z-00-DX2,,MAPK,2325,0.3419354838709677
TCGA-D6-6825-01Z-00-DX2,TCGA-D6-6825-01Z-00-DX2,,NFkB,2325,0.4073118279569892
TCGA-D6-6825-01Z-00-DX2,TCGA-D6-6825-01Z-00-DX2,,PI3K,2325,0.4068817204301075
TCGA-D6-6825-01Z-00-DX2,TCGA-D6-6825-01Z-00-DX2,,TGFb,2325,0.00043010752688172043
TCGA-D6-6825-01Z-00-DX2,TCGA-D6-6825-01Z-00-DX2,,TNFa,2325,0.6434408602150538
TCGA-D6-6825-01Z-00-DX2,TCGA-D6-6825-01Z-00-DX2,,Trail,2325,0.1393548387096774
TCGA-D6-6825-01Z-00-DX2,TCGA-D6-6825-01Z-00-DX2,,VEGF,2325,0.3204301075268817
TCGA-D6-6825-01Z-00-DX2,TCGA-D6-6825-01Z-00-DX2,,WNT,2325,0.32731182795698927
TCGA-D6-6825-01Z-00-DX2,TCGA-D6-6825-01Z-00-DX2,,p53,2325,0.06881720430107527
TCGA-D6-6826-01Z-00-DX1,TCGA-D6-6826-01Z-00-DX1,,Androgen,327,0.01529051987767584
TCGA-D6-6826-01Z-00-DX1,TCGA-D6-6826-01Z-00-DX1,,EGFR,327,0.1620795107033639
TCGA-D6-6826-01Z-00-DX1,TCGA-D6-6826-01Z-00-DX1,,Estrogen,327,0.03058103975535168
TCGA-D6-6826-01Z-00-DX1,TCGA-D6-6826-01Z-00-DX1,,Hypoxia,327,0.6636085626911316
TCGA-D6-6826-01Z-00-DX1,TCGA-D6-6826-01Z-00-DX1,,JAK-STAT,327,0.04281345565749235
TCGA-D6-6826-01Z-00-DX1,TCGA-D6-6826-01Z-00-DX1,,MAPK,327,0.363914373088685
TCGA-D6-6826-01Z-00-DX1,TCGA-D6-6826-01Z-00-DX1,,NFkB,327,0.23853211009174313
TCGA-D6-6826-01Z-00-DX1,TCGA-D6-6826-01Z-00-DX1,,PI3K,327,0.5076452599388379
TCGA-D6-6826-01Z-00-DX1,TCGA-D6-6826-01Z-00-DX1,,TGFb,327,0.0030581039755351682
TCGA-D6-6826-01Z-00-DX1,TCGA-D6-6826-01Z-00-DX1,,TNFa,327,0.6269113149847095
TCGA-D6-6826-01Z-00-DX1,TCGA-D6-6826-01Z-00-DX1,,Trail,327,0.045871559633027525
TCGA-D6-6826-01Z-00-DX1,TCGA-D6-6826-01Z-00-DX1,,VEGF,327,0.23547400611620795
TCGA-D6-6826-01Z-00-DX1,TCGA-D6-6826-01Z-00-DX1,,WNT,327,0.12232415902140673
TCGA-D6-6826-01Z-00-DX1,TCGA-D6-6826-01Z-00-DX1,,p53,327,0.09174311926605505
TCGA-D6-6826-01Z-00-DX2,TCGA-D6-6826-01Z-00-DX2,,Androgen,189,0.13756613756613756
TCGA-D6-6826-01Z-00-DX2,TCGA-D6-6826-01Z-00-DX2,,EGFR,189,0.1693121693121693
TCGA-D6-6826-01Z-00-DX2,TCGA-D6-6826-01Z-00-DX2,,Estrogen,189,0.2698412698412698
TCGA-D6-6826-01Z-00-DX2,TCGA-D6-6826-01Z-00-DX2,,Hypoxia,189,0.6507936507936508
TCGA-D6-6826-01Z-00-DX2,TCGA-D6-6826-01Z-00-DX2,,JAK-STAT,189,0.48148148148148145
TCGA-D6-6826-01Z-00-DX2,TCGA-D6-6826-01Z-00-DX2,,MAPK,189,0.12169312169312169
TCGA-D6-6826-01Z-00-DX2,TCGA-D6-6826-01Z-00-DX2,,NFkB,189,0.25925925925925924
TCGA-D6-6826-01Z-00-DX2,TCGA-D6-6826-01Z-00-DX2,,PI3K,189,0.3915343915343915
TCGA-D6-6826-01Z-00-DX2,TCGA-D6-6826-01Z-00-DX2,,TGFb,189,0.0
TCGA-D6-6826-01Z-00-DX2,TCGA-D6-6826-01Z-00-DX2,,TNFa,189,0.49206349206349204
TCGA-D6-6826-01Z-00-DX2,TCGA-D6-6826-01Z-00-DX2,,Trail,189,0.2857142857142857
TCGA-D6-6826-01Z-00-DX2,TCGA-D6-6826-01Z-00-DX2,,VEGF,189,0.43915343915343913
TCGA-D6-6826-01Z-00-DX2,TCGA-D6-6826-01Z-00-DX2,,WNT,189,0.19576719576719576
TCGA-D6-6826-01Z-00-DX2,TCGA-D6-6826-01Z-00-DX2,,p53,189,0.09523809523809523
TCGA-D6-6827-01Z-00-DX1,TCGA-D6-6827-01Z-00-DX1,,Androgen,637,0.5321821036106751
TCGA-D6-6827-01Z-00-DX1,TCGA-D6-6827-01Z-00-DX1,,EGFR,637,0.24489795918367346
TCGA-D6-6827-01Z-00-DX1,TCGA-D6-6827-01Z-00-DX1,,Estrogen,637,0.598116169544741
TCGA-D6-6827-01Z-00-DX1,TCGA-D6-6827-01Z-00-DX1,,Hypoxia,637,0.22919937205651492
TCGA-D6-6827-01Z-00-DX1,TCGA-D6-6827-01Z-00-DX1,,JAK-STAT,637,0.27629513343799056
TCGA-D6-6827-01Z-00-DX1,TCGA-D6-6827-01Z-00-DX1,,MAPK,637,0.6452119309262166
TCGA-D6-6827-01Z-00-DX1,TCGA-D6-6827-01Z-00-DX1,,NFkB,637,0.4631083202511774
TCGA-D6-6827-01Z-00-DX1,TCGA-D6-6827-01Z-00-DX1,,PI3K,637,0.0
TCGA-D6-6827-01Z-00-DX1,TCGA-D6-6827-01Z-00-DX1,,TGFb,637,0.0
TCGA-D6-6827-01Z-00-DX1,TCGA-D6-6827-01Z-00-DX1,,TNFa,637,0.40345368916797486
TCGA-D6-6827-01Z-00-DX1,TCGA-D6-6827-01Z-00-DX1,,Trail,637,0.023547880690737835
TCGA-D6-6827-01Z-00-DX1,TCGA-D6-6827-01Z-00-DX1,,VEGF,637,0.07378335949764521
TCGA-D6-6827-01Z-00-DX1,TCGA-D6-6827-01Z-00-DX1,,WNT,637,0.24960753532182103
TCGA-D6-6827-01Z-00-DX1,TCGA-D6-6827-01Z-00-DX1,,p53,637,0.06750392464678179
TCGA-D6-6827-01Z-00-DX2,TCGA-D6-6827-01Z-00-DX2,,Androgen,1797,0.3728436282693378
TCGA-D6-6827-01Z-00-DX2,TCGA-D6-6827-01Z-00-DX2,,EGFR,1797,0.5726210350584308
TCGA-D6-6827-01Z-00-DX2,TCGA-D6-6827-01Z-00-DX2,,Estrogen,1797,0.39454646633277685
TCGA-D6-6827-01Z-00-DX2,TCGA-D6-6827-01Z-00-DX2,,Hypoxia,1797,0.4034501947690595
TCGA-D6-6827-01Z-00-DX2,TCGA-D6-6827-01Z-00-DX2,,JAK-STAT,1797,0.14913745130773512
TCGA-D6-6827-01Z-00-DX2,TCGA-D6-6827-01Z-00-DX2,,MAPK,1797,0.33889816360601
TCGA-D6-6827-01Z-00-DX2,TCGA-D6-6827-01Z-00-DX2,,NFkB,1797,0.41346688925987757
TCGA-D6-6827-01Z-00-DX2,TCGA-D6-6827-01Z-00-DX2,,PI3K,1797,0.0022259321090706734
TCGA-D6-6827-01Z-00-DX2,TCGA-D6-6827-01Z-00-DX2,,TGFb,1797,0.011129660545353366
TCGA-D6-6827-01Z-00-DX2,TCGA-D6-6827-01Z-00-DX2,,TNFa,1797,0.3350027824151363
TCGA-D6-6827-01Z-00-DX2,TCGA-D6-6827-01Z-00-DX2,,Trail,1797,0.05063995548135782
TCGA-D6-6827-01Z-00-DX2,TCGA-D6-6827-01Z-00-DX2,,VEGF,1797,0.1686143572621035
TCGA-D6-6827-01Z-00-DX2,TCGA-D6-6827-01Z-00-DX2,,WNT,1797,0.34001112966054536
TCGA-D6-6827-01Z-00-DX2,TCGA-D6-6827-01Z-00-DX2,,p53,1797,0.028937117417918753
TCGA-D6-8568-01Z-00-DX1,TCGA-D6-8568-01Z-00-DX1,,Androgen,1283,0.661730319563523
TCGA-D6-8568-01Z-00-DX1,TCGA-D6-8568-01Z-00-DX1,,EGFR,1283,0.7077162899454403
TCGA-D6-8568-01Z-00-DX1,TCGA-D6-8568-01Z-00-DX1,,Estrogen,1283,0.93141075604053
TCGA-D6-8568-01Z-00-DX1,TCGA-D6-8568-01Z-00-DX1,,Hypoxia,1283,0.93141075604053
TCGA-D6-8568-01Z-00-DX1,TCGA-D6-8568-01Z-00-DX1,,JAK-STAT,1283,0.5261106780982073
TCGA-D6-8568-01Z-00-DX1,TCGA-D6-8568-01Z-00-DX1,,MAPK,1283,0.539360872954014
TCGA-D6-8568-01Z-00-DX1,TCGA-D6-8568-01Z-00-DX1,,NFkB,1283,0.20966484801247076
TCGA-D6-8568-01Z-00-DX1,TCGA-D6-8568-01Z-00-DX1,,PI3K,1283,0.2946219797349961
TCGA-D6-8568-01Z-00-DX1,TCGA-D6-8568-01Z-00-DX1,,TGFb,1283,0.5058456742010912
TCGA-D6-8568-01Z-00-DX1,TCGA-D6-8568-01Z-00-DX1,,TNFa,1283,0.6328916601714731
TCGA-D6-8568-01Z-00-DX1,TCGA-D6-8568-01Z-00-DX1,,Trail,1283,0.2673421667965705
TCGA-D6-8568-01Z-00-DX1,TCGA-D6-8568-01Z-00-DX1,,VEGF,1283,0.24629773967264224
TCGA-D6-8568-01Z-00-DX1,TCGA-D6-8568-01Z-00-DX1,,WNT,1283,0.2673421667965705
TCGA-D6-8568-01Z-00-DX1,TCGA-D6-8568-01Z-00-DX1,,p53,1283,0.3102104442712393
TCGA-D6-8569-01Z-00-DX1,TCGA-D6-8569-01Z-00-DX1,,Androgen,9,0.2222222222222222
TCGA-D6-8569-01Z-00-DX1,TCGA-D6-8569-01Z-00-DX1,,EGFR,9,0.6666666666666666
TCGA-D6-8569-01Z-00-DX1,TCGA-D6-8569-01Z-00-DX1,,Estrogen,9,0.0
TCGA-D6-8569-01Z-00-DX1,TCGA-D6-8569-01Z-00-DX1,,Hypoxia,9,0.0
TCGA-D6-8569-01Z-00-DX1,TCGA-D6-8569-01Z-00-DX1,,JAK-STAT,9,0.6666666666666666
TCGA-D6-8569-01Z-00-DX1,TCGA-D6-8569-01Z-00-DX1,,MAPK,9,0.8888888888888888
TCGA-D6-8569-01Z-00-DX1,TCGA-D6-8569-01Z-00-DX1,,NFkB,9,0.0
TCGA-D6-8569-01Z-00-DX1,TCGA-D6-8569-01Z-00-DX1,,PI3K,9,1.0
TCGA-D6-8569-01Z-00-DX1,TCGA-D6-8569-01Z-00-DX1,,TGFb,9,0.0
TCGA-D6-8569-01Z-00-DX1,TCGA-D6-8569-01Z-00-DX1,,TNFa,9,0.8888888888888888
TCGA-D6-8569-01Z-00-DX1,TCGA-D6-8569-01Z-00-DX1,,Trail,9,0.0
TCGA-D6-8569-01Z-00-DX1,TCGA-D6-8569-01Z-00-DX1,,VEGF,9,0.4444444444444444
TCGA-D6-8569-01Z-00-DX1,TCGA-D6-8569-01Z-00-DX1,,WNT,9,0.5555555555555556
TCGA-D6-8569-01Z-00-DX1,TCGA-D6-8569-01Z-00-DX1,,p53,9,0.4444444444444444
TCGA-D6-8569-01Z-00-DX2,TCGA-D6-8569-01Z-00-DX2,,Androgen,1794,0.4180602006688963
TCGA-D6-8569-01Z-00-DX2,TCGA-D6-8569-01Z-00-DX2,,EGFR,1794,0.41081382385730214
TCGA-D6-8569-01Z-00-DX2,TCGA-D6-8569-01Z-00-DX2,,Estrogen,1794,0.5713489409141583
TCGA-D6-8569-01Z-00-DX2,TCGA-D6-8569-01Z-00-DX2,,Hypoxia,1794,0.07413600891861762
TCGA-D6-8569-01Z-00-DX2,TCGA-D6-8569-01Z-00-DX2,,JAK-STAT,1794,0.3795986622073579
TCGA-D6-8569-01Z-00-DX2,TCGA-D6-8569-01Z-00-DX2,,MAPK,1794,0.3896321070234114
TCGA-D6-8569-01Z-00-DX2,TCGA-D6-8569-01Z-00-DX2,,NFkB,1794,0.09587513935340022
TCGA-D6-8569-01Z-00-DX2,TCGA-D6-8569-01Z-00-DX2,,PI3K,1794,0.572463768115942
TCGA-D6-8569-01Z-00-DX2,TCGA-D6-8569-01Z-00-DX2,,TGFb,1794,0.25585284280936454
TCGA-D6-8569-01Z-00-DX2,TCGA-D6-8569-01Z-00-DX2,,TNFa,1794,0.7279821627647715
TCGA-D6-8569-01Z-00-DX2,TCGA-D6-8569-01Z-00-DX2,,Trail,1794,0.4096989966555184
TCGA-D6-8569-01Z-00-DX2,TCGA-D6-8569-01Z-00-DX2,,VEGF,1794,0.19620958751393533
TCGA-D6-8569-01Z-00-DX2,TCGA-D6-8569-01Z-00-DX2,,WNT,1794,0.13879598662207357
TCGA-D6-8569-01Z-00-DX2,TCGA-D6-8569-01Z-00-DX2,,p53,1794,0.18227424749163879
TCGA-D6-A4Z9-01Z-00-DX1,TCGA-D6-A4Z9-01Z-00-DX1,,Androgen,993,0.4350453172205438
TCGA-D6-A4Z9-01Z-00-DX1,TCGA-D6-A4Z9-01Z-00-DX1,,EGFR,993,0.796576032225579
TCGA-D6-A4Z9-01Z-00-DX1,TCGA-D6-A4Z9-01Z-00-DX1,,Estrogen,993,0.595166163141994
TCGA-D6-A4Z9-01Z-00-DX1,TCGA-D6-A4Z9-01Z-00-DX1,,Hypoxia,993,0.18429003021148035
TCGA-D6-A4Z9-01Z-00-DX1,TCGA-D6-A4Z9-01Z-00-DX1,,JAK-STAT,993,0.7804632426988922
TCGA-D6-A4Z9-01Z-00-DX1,TCGA-D6-A4Z9-01Z-00-DX1,,MAPK,993,0.7643504531722054
TCGA-D6-A4Z9-01Z-00-DX1,TCGA-D6-A4Z9-01Z-00-DX1,,NFkB,993,0.31319234642497484
TCGA-D6-A4Z9-01Z-00-DX1,TCGA-D6-A4Z9-01Z-00-DX1,,PI3K,993,0.6636455186304129
TCGA-D6-A4Z9-01Z-00-DX1,TCGA-D6-A4Z9-01Z-00-DX1,,TGFb,993,0.07452165156092648
TCGA-D6-A4Z9-01Z-00-DX1,TCGA-D6-A4Z9-01Z-00-DX1,,TNFa,993,0.9003021148036254
TCGA-D6-A4Z9-01Z-00-DX1,TCGA-D6-A4Z9-01Z-00-DX1,,Trail,993,0.14602215508559918
TCGA-D6-A4Z9-01Z-00-DX1,TCGA-D6-A4Z9-01Z-00-DX1,,VEGF,993,0.7673716012084593
TCGA-D6-A4Z9-01Z-00-DX1,TCGA-D6-A4Z9-01Z-00-DX1,,WNT,993,0.5840886203423967
TCGA-D6-A4Z9-01Z-00-DX1,TCGA-D6-A4Z9-01Z-00-DX1,,p53,993,0.094662638469285
TCGA-D6-A4ZB-01Z-00-DX1,TCGA-D6-A4ZB-01Z-00-DX1,,Androgen,1884,0.7760084925690022
TCGA-D6-A4ZB-01Z-00-DX1,TCGA-D6-A4ZB-01Z-00-DX1,,EGFR,1884,0.589171974522293
TCGA-D6-A4ZB-01Z-00-DX1,TCGA-D6-A4ZB-01Z-00-DX1,,Estrogen,1884,0.785031847133758
TCGA-D6-A4ZB-01Z-00-DX1,TCGA-D6-A4ZB-01Z-00-DX1,,Hypoxia,1884,0.20276008492569003
TCGA-D6-A4ZB-01Z-00-DX1,TCGA-D6-A4ZB-01Z-00-DX1,,JAK-STAT,1884,0.31263269639065816
TCGA-D6-A4ZB-01Z-00-DX1,TCGA-D6-A4ZB-01Z-00-DX1,,MAPK,1884,0.3062632696390658
TCGA-D6-A4ZB-01Z-00-DX1,TCGA-D6-A4ZB-01Z-00-DX1,,NFkB,1884,0.6029723991507431
TCGA-D6-A4ZB-01Z-00-DX1,TCGA-D6-A4ZB-01Z-00-DX1,,PI3K,1884,0.22611464968152867
TCGA-D6-A4ZB-01Z-00-DX1,TCGA-D6-A4ZB-01Z-00-DX1,,TGFb,1884,0.042993630573248405
TCGA-D6-A4ZB-01Z-00-DX1,TCGA-D6-A4ZB-01Z-00-DX1,,TNFa,1884,0.7266454352441614
TCGA-D6-A4ZB-01Z-00-DX1,TCGA-D6-A4ZB-01Z-00-DX1,,Trail,1884,0.2781316348195329
TCGA-D6-A4ZB-01Z-00-DX1,TCGA-D6-A4ZB-01Z-00-DX1,,VEGF,1884,0.12579617834394904
TCGA-D6-A4ZB-01Z-00-DX1,TCGA-D6-A4ZB-01Z-00-DX1,,WNT,1884,0.3328025477707006
TCGA-D6-A4ZB-01Z-00-DX1,TCGA-D6-A4ZB-01Z-00-DX1,,p53,1884,0.06422505307855626
TCGA-D6-A6EN-01Z-00-DX1,TCGA-D6-A6EN-01Z-00-DX1,,Androgen,649,0.1263482280431433
TCGA-D6-A6EN-01Z-00-DX1,TCGA-D6-A6EN-01Z-00-DX1,,EGFR,649,0.8705701078582434
TCGA-D6-A6EN-01Z-00-DX1,TCGA-D6-A6EN-01Z-00-DX1,,Estrogen,649,0.14021571648690292
TCGA-D6-A6EN-01Z-00-DX1,TCGA-D6-A6EN-01Z-00-DX1,,Hypoxia,649,0.5808936825885979
TCGA-D6-A6EN-01Z-00-DX1,TCGA-D6-A6EN-01Z-00-DX1,,JAK-STAT,649,0.6594761171032357
TCGA-D6-A6EN-01Z-00-DX1,TCGA-D6-A6EN-01Z-00-DX1,,MAPK,649,0.8536209553158706
TCGA-D6-A6EN-01Z-00-DX1,TCGA-D6-A6EN-01Z-00-DX1,,NFkB,649,0.4098613251155624
TCGA-D6-A6EN-01Z-00-DX1,TCGA-D6-A6EN-01Z-00-DX1,,PI3K,649,0.3081664098613251
TCGA-D6-A6EN-01Z-00-DX1,TCGA-D6-A6EN-01Z-00-DX1,,TGFb,649,0.0
TCGA-D6-A6EN-01Z-00-DX1,TCGA-D6-A6EN-01Z-00-DX1,,TNFa,649,0.5069337442218799
TCGA-D6-A6EN-01Z-00-DX1,TCGA-D6-A6EN-01Z-00-DX1,,Trail,649,0.2049306625577812
TCGA-D6-A6EN-01Z-00-DX1,TCGA-D6-A6EN-01Z-00-DX1,,VEGF,649,0.551617873651772
TCGA-D6-A6EN-01Z-00-DX1,TCGA-D6-A6EN-01Z-00-DX1,,WNT,649,0.07704160246533127
TCGA-D6-A6EN-01Z-00-DX1,TCGA-D6-A6EN-01Z-00-DX1,,p53,649,0.04776579352850539
TCGA-D6-A6EO-01Z-00-DX1,TCGA-D6-A6EO-01Z-00-DX1,,Androgen,1646,0.058930741190765495
TCGA-D6-A6EO-01Z-00-DX1,TCGA-D6-A6EO-01Z-00-DX1,,EGFR,1646,0.488456865127582
TCGA-D6-A6EO-01Z-00-DX1,TCGA-D6-A6EO-01Z-00-DX1,,Estrogen,1646,0.41859052247873635
TCGA-D6-A6EO-01Z-00-DX1,TCGA-D6-A6EO-01Z-00-DX1,,Hypoxia,1646,0.21020656136087484
TCGA-D6-A6EO-01Z-00-DX1,TCGA-D6-A6EO-01Z-00-DX1,,JAK-STAT,1646,0.2174969623329283
TCGA-D6-A6EO-01Z-00-DX1,TCGA-D6-A6EO-01Z-00-DX1,,MAPK,1646,0.4131227217496962
TCGA-D6-A6EO-01Z-00-DX1,TCGA-D6-A6EO-01Z-00-DX1,,NFkB,1646,0.1798298906439854
TCGA-D6-A6EO-01Z-00-DX1,TCGA-D6-A6EO-01Z-00-DX1,,PI3K,1646,0.488456865127582
TCGA-D6-A6EO-01Z-00-DX1,TCGA-D6-A6EO-01Z-00-DX1,,TGFb,1646,0.003037667071688943
TCGA-D6-A6EO-01Z-00-DX1,TCGA-D6-A6EO-01Z-00-DX1,,TNFa,1646,0.4933171324422843
TCGA-D6-A6EO-01Z-00-DX1,TCGA-D6-A6EO-01Z-00-DX1,,Trail,1646,0.25637910085054677
TCGA-D6-A6EO-01Z-00-DX1,TCGA-D6-A6EO-01Z-00-DX1,,VEGF,1646,0.4556500607533414
TCGA-D6-A6EO-01Z-00-DX1,TCGA-D6-A6EO-01Z-00-DX1,,WNT,1646,0.4362089914945322
TCGA-D6-A6EO-01Z-00-DX1,TCGA-D6-A6EO-01Z-00-DX1,,p53,1646,0.4349939246658566
TCGA-D6-A6EP-01Z-00-DX1,TCGA-D6-A6EP-01Z-00-DX1,,Androgen,5842,0.3777815816501198
TCGA-D6-A6EP-01Z-00-DX1,TCGA-D6-A6EP-01Z-00-DX1,,EGFR,5842,0.7226977062649778
TCGA-D6-A6EP-01Z-00-DX1,TCGA-D6-A6EP-01Z-00-DX1,,Estrogen,5842,0.9166381376241013
TCGA-D6-A6EP-01Z-00-DX1,TCGA-D6-A6EP-01Z-00-DX1,,Hypoxia,5842,0.9109893871961657
TCGA-D6-A6EP-01Z-00-DX1,TCGA-D6-A6EP-01Z-00-DX1,,JAK-STAT,5842,0.12735364601163984
TCGA-D6-A6EP-01Z-00-DX1,TCGA-D6-A6EP-01Z-00-DX1,,MAPK,5842,0.1294077370763437
TCGA-D6-A6EP-01Z-00-DX1,TCGA-D6-A6EP-01Z-00-DX1,,NFkB,5842,0.4714138993495378
TCGA-D6-A6EP-01Z-00-DX1,TCGA-D6-A6EP-01Z-00-DX1,,PI3K,5842,0.19890448476549127
TCGA-D6-A6EP-01Z-00-DX1,TCGA-D6-A6EP-01Z-00-DX1,,TGFb,5842,0.36973639164669636
TCGA-D6-A6EP-01Z-00-DX1,TCGA-D6-A6EP-01Z-00-DX1,,TNFa,5842,0.0920917494008901
TCGA-D6-A6EP-01Z-00-DX1,TCGA-D6-A6EP-01Z-00-DX1,,Trail,5842,0.703183841150291
TCGA-D6-A6EP-01Z-00-DX1,TCGA-D6-A6EP-01Z-00-DX1,,VEGF,5842,0.2702841492639507
TCGA-D6-A6EP-01Z-00-DX1,TCGA-D6-A6EP-01Z-00-DX1,,WNT,5842,0.05083875385142075
TCGA-D6-A6EP-01Z-00-DX1,TCGA-D6-A6EP-01Z-00-DX1,,p53,5842,0.051009928106812735
TCGA-D6-A6EQ-01Z-00-DX1,TCGA-D6-A6EQ-01Z-00-DX1,,Androgen,1892,0.7684989429175476
TCGA-D6-A6EQ-01Z-00-DX1,TCGA-D6-A6EQ-01Z-00-DX1,,EGFR,1892,0.7066596194503171
TCGA-D6-A6EQ-01Z-00-DX1,TCGA-D6-A6EQ-01Z-00-DX1,,Estrogen,1892,0.5586680761099366
TCGA-D6-A6EQ-01Z-00-DX1,TCGA-D6-A6EQ-01Z-00-DX1,,Hypoxia,1892,0.3747357293868922
TCGA-D6-A6EQ-01Z-00-DX1,TCGA-D6-A6EQ-01Z-00-DX1,,JAK-STAT,1892,0.5227272727272727
TCGA-D6-A6EQ-01Z-00-DX1,TCGA-D6-A6EQ-01Z-00-DX1,,MAPK,1892,0.5993657505285412
TCGA-D6-A6EQ-01Z-00-DX1,TCGA-D6-A6EQ-01Z-00-DX1,,NFkB,1892,0.5079281183932347
TCGA-D6-A6EQ-01Z-00-DX1,TCGA-D6-A6EQ-01Z-00-DX1,,PI3K,1892,0.4846723044397463
TCGA-D6-A6EQ-01Z-00-DX1,TCGA-D6-A6EQ-01Z-00-DX1,,TGFb,1892,0.10729386892177589
TCGA-D6-A6EQ-01Z-00-DX1,TCGA-D6-A6EQ-01Z-00-DX1,,TNFa,1892,0.44238900634249473
TCGA-D6-A6EQ-01Z-00-DX1,TCGA-D6-A6EQ-01Z-00-DX1,,Trail,1892,0.4059196617336152
TCGA-D6-A6EQ-01Z-00-DX1,TCGA-D6-A6EQ-01Z-00-DX1,,VEGF,1892,0.37684989429175475
TCGA-D6-A6EQ-01Z-00-DX1,TCGA-D6-A6EQ-01Z-00-DX1,,WNT,1892,0.26744186046511625
TCGA-D6-A6EQ-01Z-00-DX1,TCGA-D6-A6EQ-01Z-00-DX1,,p53,1892,0.2156448202959831
TCGA-D6-A74Q-01Z-00-DX1,TCGA-D6-A74Q-01Z-00-DX1,,VEGF,0,0.0
TCGA-D6-A74Q-01Z-00-DX1,TCGA-D6-A74Q-01Z-00-DX1,,TNFa,0,0.0
TCGA-D6-A74Q-01Z-00-DX1,TCGA-D6-A74Q-01Z-00-DX1,,JAK-STAT,0,0.0
TCGA-D6-A74Q-01Z-00-DX1,TCGA-D6-A74Q-01Z-00-DX1,,EGFR,0,0.0
TCGA-D6-A74Q-01Z-00-DX1,TCGA-D6-A74Q-01Z-00-DX1,,Estrogen,0,0.0
TCGA-D6-A74Q-01Z-00-DX1,TCGA-D6-A74Q-01Z-00-DX1,,MAPK,0,0.0
TCGA-D6-A74Q-01Z-00-DX1,TCGA-D6-A74Q-01Z-00-DX1,,Trail,0,0.0
TCGA-D6-A74Q-01Z-00-DX1,TCGA-D6-A74Q-01Z-00-DX1,,WNT,0,0.0
TCGA-D6-A74Q-01Z-00-DX1,TCGA-D6-A74Q-01Z-00-DX1,,Hypoxia,0,0.0
TCGA-D6-A74Q-01Z-00-DX1,TCGA-D6-A74Q-01Z-00-DX1,,p53,0,0.0
TCGA-D6-A74Q-01Z-00-DX1,TCGA-D6-A74Q-01Z-00-DX1,,PI3K,0,0.0
TCGA-D6-A74Q-01Z-00-DX1,TCGA-D6-A74Q-01Z-00-DX1,,Androgen,0,0.0
TCGA-D6-A74Q-01Z-00-DX1,TCGA-D6-A74Q-01Z-00-DX1,,NFkB,0,0.0
TCGA-D6-A74Q-01Z-00-DX1,TCGA-D6-A74Q-01Z-00-DX1,,TGFb,0,0.0
TCGA-DQ-5624-01Z-00-DX1,TCGA-DQ-5624-01Z-00-DX1,,Androgen,4,0.5
TCGA-DQ-5624-01Z-00-DX1,TCGA-DQ-5624-01Z-00-DX1,,EGFR,4,1.0
TCGA-DQ-5624-01Z-00-DX1,TCGA-DQ-5624-01Z-00-DX1,,Estrogen,4,0.0
TCGA-DQ-5624-01Z-00-DX1,TCGA-DQ-5624-01Z-00-DX1,,Hypoxia,4,0.0
TCGA-DQ-5624-01Z-00-DX1,TCGA-DQ-5624-01Z-00-DX1,,JAK-STAT,4,0.25
TCGA-DQ-5624-01Z-00-DX1,TCGA-DQ-5624-01Z-00-DX1,,MAPK,4,0.75
TCGA-DQ-5624-01Z-00-DX1,TCGA-DQ-5624-01Z-00-DX1,,NFkB,4,0.0
TCGA-DQ-5624-01Z-00-DX1,TCGA-DQ-5624-01Z-00-DX1,,PI3K,4,1.0
TCGA-DQ-5624-01Z-00-DX1,TCGA-DQ-5624-01Z-00-DX1,,TGFb,4,0.0
TCGA-DQ-5624-01Z-00-DX1,TCGA-DQ-5624-01Z-00-DX1,,TNFa,4,0.5
TCGA-DQ-5624-01Z-00-DX1,TCGA-DQ-5624-01Z-00-DX1,,Trail,4,0.5
TCGA-DQ-5624-01Z-00-DX1,TCGA-DQ-5624-01Z-00-DX1,,VEGF,4,0.25
TCGA-DQ-5624-01Z-00-DX1,TCGA-DQ-5624-01Z-00-DX1,,WNT,4,0.5
TCGA-DQ-5624-01Z-00-DX1,TCGA-DQ-5624-01Z-00-DX1,,p53,4,0.0
TCGA-DQ-5625-01Z-00-DX1,TCGA-DQ-5625-01Z-00-DX1,,Androgen,204,0.3284313725490196
TCGA-DQ-5625-01Z-00-DX1,TCGA-DQ-5625-01Z-00-DX1,,EGFR,204,0.12254901960784313
TCGA-DQ-5625-01Z-00-DX1,TCGA-DQ-5625-01Z-00-DX1,,Estrogen,204,0.12745098039215685
TCGA-DQ-5625-01Z-00-DX1,TCGA-DQ-5625-01Z-00-DX1,,Hypoxia,204,0.07352941176470588
TCGA-DQ-5625-01Z-00-DX1,TCGA-DQ-5625-01Z-00-DX1,,JAK-STAT,204,0.4852941176470588
TCGA-DQ-5625-01Z-00-DX1,TCGA-DQ-5625-01Z-00-DX1,,MAPK,204,0.5294117647058824
TCGA-DQ-5625-01Z-00-DX1,TCGA-DQ-5625-01Z-00-DX1,,NFkB,204,0.0784313725490196
TCGA-DQ-5625-01Z-00-DX1,TCGA-DQ-5625-01Z-00-DX1,,PI3K,204,0.5
TCGA-DQ-5625-01Z-00-DX1,TCGA-DQ-5625-01Z-00-DX1,,TGFb,204,0.24509803921568626
TCGA-DQ-5625-01Z-00-DX1,TCGA-DQ-5625-01Z-00-DX1,,TNFa,204,0.06862745098039216
TCGA-DQ-5625-01Z-00-DX1,TCGA-DQ-5625-01Z-00-DX1,,Trail,204,0.24019607843137256
TCGA-DQ-5625-01Z-00-DX1,TCGA-DQ-5625-01Z-00-DX1,,VEGF,204,0.058823529411764705
TCGA-DQ-5625-01Z-00-DX1,TCGA-DQ-5625-01Z-00-DX1,,WNT,204,0.17647058823529413
TCGA-DQ-5625-01Z-00-DX1,TCGA-DQ-5625-01Z-00-DX1,,p53,204,0.4166666666666667
TCGA-DQ-5629-01Z-00-DX1,TCGA-DQ-5629-01Z-00-DX1,,Androgen,3286,0.47413268411442483
TCGA-DQ-5629-01Z-00-DX1,TCGA-DQ-5629-01Z-00-DX1,,EGFR,3286,0.8889227023737066
TCGA-DQ-5629-01Z-00-DX1,TCGA-DQ-5629-01Z-00-DX1,,Estrogen,3286,0.5432136335970785
TCGA-DQ-5629-01Z-00-DX1,TCGA-DQ-5629-01Z-00-DX1,,Hypoxia,3286,0.6524650030432136
TCGA-DQ-5629-01Z-00-DX1,TCGA-DQ-5629-01Z-00-DX1,,JAK-STAT,3286,0.418746195982958
TCGA-DQ-5629-01Z-00-DX1,TCGA-DQ-5629-01Z-00-DX1,,MAPK,3286,0.6235544735240414
TCGA-DQ-5629-01Z-00-DX1,TCGA-DQ-5629-01Z-00-DX1,,NFkB,3286,0.3874010955569081
TCGA-DQ-5629-01Z-00-DX1,TCGA-DQ-5629-01Z-00-DX1,,PI3K,3286,0.2948874010955569
TCGA-DQ-5629-01Z-00-DX1,TCGA-DQ-5629-01Z-00-DX1,,TGFb,3286,0.24132684114424832
TCGA-DQ-5629-01Z-00-DX1,TCGA-DQ-5629-01Z-00-DX1,,TNFa,3286,0.2991479001825928
TCGA-DQ-5629-01Z-00-DX1,TCGA-DQ-5629-01Z-00-DX1,,Trail,3286,0.3451004260499087
TCGA-DQ-5629-01Z-00-DX1,TCGA-DQ-5629-01Z-00-DX1,,VEGF,3286,0.3712720632988436
TCGA-DQ-5629-01Z-00-DX1,TCGA-DQ-5629-01Z-00-DX1,,WNT,3286,0.15581253804017042
TCGA-DQ-5629-01Z-00-DX1,TCGA-DQ-5629-01Z-00-DX1,,p53,3286,0.04382227632379793
TCGA-DQ-5630-01Z-00-DX1,TCGA-DQ-5630-01Z-00-DX1,,Androgen,2,0.0
TCGA-DQ-5630-01Z-00-DX1,TCGA-DQ-5630-01Z-00-DX1,,EGFR,2,1.0
TCGA-DQ-5630-01Z-00-DX1,TCGA-DQ-5630-01Z-00-DX1,,Estrogen,2,0.0
TCGA-DQ-5630-01Z-00-DX1,TCGA-DQ-5630-01Z-00-DX1,,Hypoxia,2,0.5
TCGA-DQ-5630-01Z-00-DX1,TCGA-DQ-5630-01Z-00-DX1,,JAK-STAT,2,1.0
TCGA-DQ-5630-01Z-00-DX1,TCGA-DQ-5630-01Z-00-DX1,,MAPK,2,0.5
TCGA-DQ-5630-01Z-00-DX1,TCGA-DQ-5630-01Z-00-DX1,,NFkB,2,0.0
TCGA-DQ-5630-01Z-00-DX1,TCGA-DQ-5630-01Z-00-DX1,,PI3K,2,0.0
TCGA-DQ-5630-01Z-00-DX1,TCGA-DQ-5630-01Z-00-DX1,,TGFb,2,0.0
TCGA-DQ-5630-01Z-00-DX1,TCGA-DQ-5630-01Z-00-DX1,,TNFa,2,1.0
TCGA-DQ-5630-01Z-00-DX1,TCGA-DQ-5630-01Z-00-DX1,,Trail,2,0.0
TCGA-DQ-5630-01Z-00-DX1,TCGA-DQ-5630-01Z-00-DX1,,VEGF,2,1.0
TCGA-DQ-5630-01Z-00-DX1,TCGA-DQ-5630-01Z-00-DX1,,WNT,2,0.5
TCGA-DQ-5630-01Z-00-DX1,TCGA-DQ-5630-01Z-00-DX1,,p53,2,0.0
TCGA-DQ-5631-01Z-00-DX1,TCGA-DQ-5631-01Z-00-DX1,,Androgen,38,0.7368421052631579
TCGA-DQ-5631-01Z-00-DX1,TCGA-DQ-5631-01Z-00-DX1,,EGFR,38,0.8947368421052632
TCGA-DQ-5631-01Z-00-DX1,TCGA-DQ-5631-01Z-00-DX1,,Estrogen,38,0.7894736842105263
TCGA-DQ-5631-01Z-00-DX1,TCGA-DQ-5631-01Z-00-DX1,,Hypoxia,38,1.0
TCGA-DQ-5631-01Z-00-DX1,TCGA-DQ-5631-01Z-00-DX1,,JAK-STAT,38,0.10526315789473684
TCGA-DQ-5631-01Z-00-DX1,TCGA-DQ-5631-01Z-00-DX1,,MAPK,38,0.5526315789473685
TCGA-DQ-5631-01Z-00-DX1,TCGA-DQ-5631-01Z-00-DX1,,NFkB,38,0.5263157894736842
TCGA-DQ-5631-01Z-00-DX1,TCGA-DQ-5631-01Z-00-DX1,,PI3K,38,0.07894736842105263
TCGA-DQ-5631-01Z-00-DX1,TCGA-DQ-5631-01Z-00-DX1,,TGFb,38,0.42105263157894735
TCGA-DQ-5631-01Z-00-DX1,TCGA-DQ-5631-01Z-00-DX1,,TNFa,38,0.10526315789473684
TCGA-DQ-5631-01Z-00-DX1,TCGA-DQ-5631-01Z-00-DX1,,Trail,38,0.34210526315789475
TCGA-DQ-5631-01Z-00-DX1,TCGA-DQ-5631-01Z-00-DX1,,VEGF,38,0.8947368421052632
TCGA-DQ-5631-01Z-00-DX1,TCGA-DQ-5631-01Z-00-DX1,,WNT,38,0.5
TCGA-DQ-5631-01Z-00-DX1,TCGA-DQ-5631-01Z-00-DX1,,p53,38,0.02631578947368421
TCGA-DQ-7588-01Z-00-DX1,TCGA-DQ-7588-01Z-00-DX1,,Androgen,494,0.3522267206477733
TCGA-DQ-7588-01Z-00-DX1,TCGA-DQ-7588-01Z-00-DX1,,EGFR,494,0.6720647773279352
TCGA-DQ-7588-01Z-00-DX1,TCGA-DQ-7588-01Z-00-DX1,,Estrogen,494,0.42105263157894735
TCGA-DQ-7588-01Z-00-DX1,TCGA-DQ-7588-01Z-00-DX1,,Hypoxia,494,0.6417004048582996
TCGA-DQ-7588-01Z-00-DX1,TCGA-DQ-7588-01Z-00-DX1,,JAK-STAT,494,0.1720647773279352
TCGA-DQ-7588-01Z-00-DX1,TCGA-DQ-7588-01Z-00-DX1,,MAPK,494,0.9048582995951417
TCGA-DQ-7588-01Z-00-DX1,TCGA-DQ-7588-01Z-00-DX1,,NFkB,494,0.728744939271255
TCGA-DQ-7588-01Z-00-DX1,TCGA-DQ-7588-01Z-00-DX1,,PI3K,494,0.02631578947368421
TCGA-DQ-7588-01Z-00-DX1,TCGA-DQ-7588-01Z-00-DX1,,TGFb,494,0.004048582995951417
TCGA-DQ-7588-01Z-00-DX1,TCGA-DQ-7588-01Z-00-DX1,,TNFa,494,0.4534412955465587
TCGA-DQ-7588-01Z-00-DX1,TCGA-DQ-7588-01Z-00-DX1,,Trail,494,0.21862348178137653
TCGA-DQ-7588-01Z-00-DX1,TCGA-DQ-7588-01Z-00-DX1,,VEGF,494,0.6052631578947368
TCGA-DQ-7588-01Z-00-DX1,TCGA-DQ-7588-01Z-00-DX1,,WNT,494,0.5060728744939271
TCGA-DQ-7588-01Z-00-DX1,TCGA-DQ-7588-01Z-00-DX1,,p53,494,0.5
TCGA-DQ-7592-01Z-00-DX1,TCGA-DQ-7592-01Z-00-DX1,,Androgen,121,0.09917355371900827
TCGA-DQ-7592-01Z-00-DX1,TCGA-DQ-7592-01Z-00-DX1,,EGFR,121,0.5289256198347108
TCGA-DQ-7592-01Z-00-DX1,TCGA-DQ-7592-01Z-00-DX1,,Estrogen,121,0.15702479338842976
TCGA-DQ-7592-01Z-00-DX1,TCGA-DQ-7592-01Z-00-DX1,,Hypoxia,121,0.18181818181818182
TCGA-DQ-7592-01Z-00-DX1,TCGA-DQ-7592-01Z-00-DX1,,JAK-STAT,121,0.6528925619834711
TCGA-DQ-7592-01Z-00-DX1,TCGA-DQ-7592-01Z-00-DX1,,MAPK,121,0.5950413223140496
TCGA-DQ-7592-01Z-00-DX1,TCGA-DQ-7592-01Z-00-DX1,,NFkB,121,0.34710743801652894
TCGA-DQ-7592-01Z-00-DX1,TCGA-DQ-7592-01Z-00-DX1,,PI3K,121,0.5454545454545454
TCGA-DQ-7592-01Z-00-DX1,TCGA-DQ-7592-01Z-00-DX1,,TGFb,121,0.17355371900826447
TCGA-DQ-7592-01Z-00-DX1,TCGA-DQ-7592-01Z-00-DX1,,TNFa,121,0.7933884297520661
TCGA-DQ-7592-01Z-00-DX1,TCGA-DQ-7592-01Z-00-DX1,,Trail,121,0.1322314049586777
TCGA-DQ-7592-01Z-00-DX1,TCGA-DQ-7592-01Z-00-DX1,,VEGF,121,0.5702479338842975
TCGA-DQ-7592-01Z-00-DX1,TCGA-DQ-7592-01Z-00-DX1,,WNT,121,0.6115702479338843
TCGA-DQ-7592-01Z-00-DX1,TCGA-DQ-7592-01Z-00-DX1,,p53,121,0.4132231404958678
TCGA-F7-7848-01Z-00-DX1,TCGA-F7-7848-01Z-00-DX1,,Androgen,4920,0.08455284552845528
TCGA-F7-7848-01Z-00-DX1,TCGA-F7-7848-01Z-00-DX1,,EGFR,4920,0.25630081300813007
TCGA-F7-7848-01Z-00-DX1,TCGA-F7-7848-01Z-00-DX1,,Estrogen,4920,0.07540650406504065
TCGA-F7-7848-01Z-00-DX1,TCGA-F7-7848-01Z-00-DX1,,Hypoxia,4920,0.027845528455284554
TCGA-F7-7848-01Z-00-DX1,TCGA-F7-7848-01Z-00-DX1,,JAK-STAT,4920,0.24410569105691057
TCGA-F7-7848-01Z-00-DX1,TCGA-F7-7848-01Z-00-DX1,,MAPK,4920,0.1886178861788618
TCGA-F7-7848-01Z-00-DX1,TCGA-F7-7848-01Z-00-DX1,,NFkB,4920,0.0983739837398374
TCGA-F7-7848-01Z-00-DX1,TCGA-F7-7848-01Z-00-DX1,,PI3K,4920,0.5042682926829268
TCGA-F7-7848-01Z-00-DX1,TCGA-F7-7848-01Z-00-DX1,,TGFb,4920,0.06117886178861789
TCGA-F7-7848-01Z-00-DX1,TCGA-F7-7848-01Z-00-DX1,,TNFa,4920,0.10650406504065041
TCGA-F7-7848-01Z-00-DX1,TCGA-F7-7848-01Z-00-DX1,,Trail,4920,0.10650406504065041
TCGA-F7-7848-01Z-00-DX1,TCGA-F7-7848-01Z-00-DX1,,VEGF,4920,0.04288617886178862
TCGA-F7-7848-01Z-00-DX1,TCGA-F7-7848-01Z-00-DX1,,WNT,4920,0.5014227642276423
TCGA-F7-7848-01Z-00-DX1,TCGA-F7-7848-01Z-00-DX1,,p53,4920,0.04105691056910569
TCGA-F7-8298-01Z-00-DX1,TCGA-F7-8298-01Z-00-DX1,,Androgen,1182,0.8401015228426396
TCGA-F7-8298-01Z-00-DX1,TCGA-F7-8298-01Z-00-DX1,,EGFR,1182,0.5583756345177665
TCGA-F7-8298-01Z-00-DX1,TCGA-F7-8298-01Z-00-DX1,,Estrogen,1182,0.9568527918781726
TCGA-F7-8298-01Z-00-DX1,TCGA-F7-8298-01Z-00-DX1,,Hypoxia,1182,0.8883248730964467
TCGA-F7-8298-01Z-00-DX1,TCGA-F7-8298-01Z-00-DX1,,JAK-STAT,1182,0.44585448392554994
TCGA-F7-8298-01Z-00-DX1,TCGA-F7-8298-01Z-00-DX1,,MAPK,1182,0.37225042301184436
TCGA-F7-8298-01Z-00-DX1,TCGA-F7-8298-01Z-00-DX1,,NFkB,1182,0.188663282571912
TCGA-F7-8298-01Z-00-DX1,TCGA-F7-8298-01Z-00-DX1,,PI3K,1182,0.3637901861252115
TCGA-F7-8298-01Z-00-DX1,TCGA-F7-8298-01Z-00-DX1,,TGFb,1182,0.6607445008460237
TCGA-F7-8298-01Z-00-DX1,TCGA-F7-8298-01Z-00-DX1,,TNFa,1182,0.07360406091370558
TCGA-F7-8298-01Z-00-DX1,TCGA-F7-8298-01Z-00-DX1,,Trail,1182,0.5803722504230119
TCGA-F7-8298-01Z-00-DX1,TCGA-F7-8298-01Z-00-DX1,,VEGF,1182,0.40609137055837563
TCGA-F7-8298-01Z-00-DX1,TCGA-F7-8298-01Z-00-DX1,,WNT,1182,0.12436548223350254
TCGA-F7-8298-01Z-00-DX1,TCGA-F7-8298-01Z-00-DX1,,p53,1182,0.12351945854483926
TCGA-F7-8489-01Z-00-DX1,TCGA-F7-8489-01Z-00-DX1,,Androgen,1084,0.33210332103321033
TCGA-F7-8489-01Z-00-DX1,TCGA-F7-8489-01Z-00-DX1,,EGFR,1084,0.4483394833948339
TCGA-F7-8489-01Z-00-DX1,TCGA-F7-8489-01Z-00-DX1,,Estrogen,1084,0.514760147601476
TCGA-F7-8489-01Z-00-DX1,TCGA-F7-8489-01Z-00-DX1,,Hypoxia,1084,0.41974169741697415
TCGA-F7-8489-01Z-00-DX1,TCGA-F7-8489-01Z-00-DX1,,JAK-STAT,1084,0.7223247232472325
TCGA-F7-8489-01Z-00-DX1,TCGA-F7-8489-01Z-00-DX1,,MAPK,1084,0.6734317343173432
TCGA-F7-8489-01Z-00-DX1,TCGA-F7-8489-01Z-00-DX1,,NFkB,1084,0.35977859778597787
TCGA-F7-8489-01Z-00-DX1,TCGA-F7-8489-01Z-00-DX1,,PI3K,1084,0.0
TCGA-F7-8489-01Z-00-DX1,TCGA-F7-8489-01Z-00-DX1,,TGFb,1084,0.3182656826568266
TCGA-F7-8489-01Z-00-DX1,TCGA-F7-8489-01Z-00-DX1,,TNFa,1084,0.5101476014760148
TCGA-F7-8489-01Z-00-DX1,TCGA-F7-8489-01Z-00-DX1,,Trail,1084,0.41697416974169743
TCGA-F7-8489-01Z-00-DX1,TCGA-F7-8489-01Z-00-DX1,,VEGF,1084,0.5249077490774908
TCGA-F7-8489-01Z-00-DX1,TCGA-F7-8489-01Z-00-DX1,,WNT,1084,0.5
TCGA-F7-8489-01Z-00-DX1,TCGA-F7-8489-01Z-00-DX1,,p53,1084,0.13653136531365315
TCGA-F7-A50G-01Z-00-DX1,TCGA-F7-A50G-01Z-00-DX1,,Androgen,1955,0.17647058823529413
TCGA-F7-A50G-01Z-00-DX1,TCGA-F7-A50G-01Z-00-DX1,,EGFR,1955,0.2061381074168798
TCGA-F7-A50G-01Z-00-DX1,TCGA-F7-A50G-01Z-00-DX1,,Estrogen,1955,0.2670076726342711
TCGA-F7-A50G-01Z-00-DX1,TCGA-F7-A50G-01Z-00-DX1,,Hypoxia,1955,0.3130434782608696
TCGA-F7-A50G-01Z-00-DX1,TCGA-F7-A50G-01Z-00-DX1,,JAK-STAT,1955,0.7033248081841432
TCGA-F7-A50G-01Z-00-DX1,TCGA-F7-A50G-01Z-00-DX1,,MAPK,1955,0.7764705882352941
TCGA-F7-A50G-01Z-00-DX1,TCGA-F7-A50G-01Z-00-DX1,,NFkB,1955,0.21381074168797953
TCGA-F7-A50G-01Z-00-DX1,TCGA-F7-A50G-01Z-00-DX1,,PI3K,1955,0.08388746803069054
TCGA-F7-A50G-01Z-00-DX1,TCGA-F7-A50G-01Z-00-DX1,,TGFb,1955,0.01329923273657289
TCGA-F7-A50G-01Z-00-DX1,TCGA-F7-A50G-01Z-00-DX1,,TNFa,1955,0.7074168797953965
TCGA-F7-A50G-01Z-00-DX1,TCGA-F7-A50G-01Z-00-DX1,,Trail,1955,0.019948849104859334
TCGA-F7-A50G-01Z-00-DX1,TCGA-F7-A50G-01Z-00-DX1,,VEGF,1955,0.7411764705882353
TCGA-F7-A50G-01Z-00-DX1,TCGA-F7-A50G-01Z-00-DX1,,WNT,1955,0.5370843989769821
TCGA-F7-A50G-01Z-00-DX1,TCGA-F7-A50G-01Z-00-DX1,,p53,1955,0.6951406649616368
TCGA-F7-A50I-01Z-00-DX1,TCGA-F7-A50I-01Z-00-DX1,,Androgen,286,0.024475524475524476
TCGA-F7-A50I-01Z-00-DX1,TCGA-F7-A50I-01Z-00-DX1,,EGFR,286,0.5909090909090909
TCGA-F7-A50I-01Z-00-DX1,TCGA-F7-A50I-01Z-00-DX1,,Estrogen,286,0.2867132867132867
TCGA-F7-A50I-01Z-00-DX1,TCGA-F7-A50I-01Z-00-DX1,,Hypoxia,286,0.506993006993007
TCGA-F7-A50I-01Z-00-DX1,TCGA-F7-A50I-01Z-00-DX1,,JAK-STAT,286,0.26223776223776224
TCGA-F7-A50I-01Z-00-DX1,TCGA-F7-A50I-01Z-00-DX1,,MAPK,286,0.7587412587412588
TCGA-F7-A50I-01Z-00-DX1,TCGA-F7-A50I-01Z-00-DX1,,NFkB,286,0.28321678321678323
TCGA-F7-A50I-01Z-00-DX1,TCGA-F7-A50I-01Z-00-DX1,,PI3K,286,0.6748251748251748
TCGA-F7-A50I-01Z-00-DX1,TCGA-F7-A50I-01Z-00-DX1,,TGFb,286,0.0
TCGA-F7-A50I-01Z-00-DX1,TCGA-F7-A50I-01Z-00-DX1,,TNFa,286,0.8811188811188811
TCGA-F7-A50I-01Z-00-DX1,TCGA-F7-A50I-01Z-00-DX1,,Trail,286,0.1958041958041958
TCGA-F7-A50I-01Z-00-DX1,TCGA-F7-A50I-01Z-00-DX1,,VEGF,286,0.3986013986013986
TCGA-F7-A50I-01Z-00-DX1,TCGA-F7-A50I-01Z-00-DX1,,WNT,286,0.24825174825174826
TCGA-F7-A50I-01Z-00-DX1,TCGA-F7-A50I-01Z-00-DX1,,p53,286,0.5769230769230769
TCGA-F7-A50J-01Z-00-DX1,TCGA-F7-A50J-01Z-00-DX1,,Androgen,1180,0.19830508474576272
TCGA-F7-A50J-01Z-00-DX1,TCGA-F7-A50J-01Z-00-DX1,,EGFR,1180,0.5406779661016949
TCGA-F7-A50J-01Z-00-DX1,TCGA-F7-A50J-01Z-00-DX1,,Estrogen,1180,0.23220338983050848
TCGA-F7-A50J-01Z-00-DX1,TCGA-F7-A50J-01Z-00-DX1,,Hypoxia,1180,0.25677966101694916
TCGA-F7-A50J-01Z-00-DX1,TCGA-F7-A50J-01Z-00-DX1,,JAK-STAT,1180,0.5288135593220339
TCGA-F7-A50J-01Z-00-DX1,TCGA-F7-A50J-01Z-00-DX1,,MAPK,1180,0.9686440677966102
TCGA-F7-A50J-01Z-00-DX1,TCGA-F7-A50J-01Z-00-DX1,,NFkB,1180,0.2576271186440678
TCGA-F7-A50J-01Z-00-DX1,TCGA-F7-A50J-01Z-00-DX1,,PI3K,1180,0.08983050847457627
TCGA-F7-A50J-01Z-00-DX1,TCGA-F7-A50J-01Z-00-DX1,,TGFb,1180,0.001694915254237288
TCGA-F7-A50J-01Z-00-DX1,TCGA-F7-A50J-01Z-00-DX1,,TNFa,1180,0.8923728813559322
TCGA-F7-A50J-01Z-00-DX1,TCGA-F7-A50J-01Z-00-DX1,,Trail,1180,0.00847457627118644
TCGA-F7-A50J-01Z-00-DX1,TCGA-F7-A50J-01Z-00-DX1,,VEGF,1180,0.8822033898305085
TCGA-F7-A50J-01Z-00-DX1,TCGA-F7-A50J-01Z-00-DX1,,WNT,1180,0.4872881355932203
TCGA-F7-A50J-01Z-00-DX1,TCGA-F7-A50J-01Z-00-DX1,,p53,1180,0.8398305084745763
TCGA-F7-A61S-01Z-00-DX1,TCGA-F7-A61S-01Z-00-DX1,,Androgen,2447,0.4274621986105435
TCGA-F7-A61S-01Z-00-DX1,TCGA-F7-A61S-01Z-00-DX1,,EGFR,2447,0.37964854924397223
TCGA-F7-A61S-01Z-00-DX1,TCGA-F7-A61S-01Z-00-DX1,,Estrogen,2447,0.10093992644053944
TCGA-F7-A61S-01Z-00-DX1,TCGA-F7-A61S-01Z-00-DX1,,Hypoxia,2447,0.3722926031875766
TCGA-F7-A61S-01Z-00-DX1,TCGA-F7-A61S-01Z-00-DX1,,JAK-STAT,2447,0.4630159378831222
TCGA-F7-A61S-01Z-00-DX1,TCGA-F7-A61S-01Z-00-DX1,,MAPK,2447,0.6718430731507969
TCGA-F7-A61S-01Z-00-DX1,TCGA-F7-A61S-01Z-00-DX1,,NFkB,2447,0.15692684920310584
TCGA-F7-A61S-01Z-00-DX1,TCGA-F7-A61S-01Z-00-DX1,,PI3K,2447,0.6673477727829996
TCGA-F7-A61S-01Z-00-DX1,TCGA-F7-A61S-01Z-00-DX1,,TGFb,2447,0.19084593379648548
TCGA-F7-A61S-01Z-00-DX1,TCGA-F7-A61S-01Z-00-DX1,,TNFa,2447,0.6849203105843891
TCGA-F7-A61S-01Z-00-DX1,TCGA-F7-A61S-01Z-00-DX1,,Trail,2447,0.10543522680833674
TCGA-F7-A61S-01Z-00-DX1,TCGA-F7-A61S-01Z-00-DX1,,VEGF,2447,0.7744176542705353
TCGA-F7-A61S-01Z-00-DX1,TCGA-F7-A61S-01Z-00-DX1,,WNT,2447,0.5872496935022476
TCGA-F7-A61S-01Z-00-DX1,TCGA-F7-A61S-01Z-00-DX1,,p53,2447,0.2096444626072742
TCGA-F7-A61V-01Z-00-DX1,TCGA-F7-A61V-01Z-00-DX1,,Androgen,1916,0.1617954070981211
TCGA-F7-A61V-01Z-00-DX1,TCGA-F7-A61V-01Z-00-DX1,,EGFR,1916,0.46450939457202506
TCGA-F7-A61V-01Z-00-DX1,TCGA-F7-A61V-01Z-00-DX1,,Estrogen,1916,0.41492693110647183
TCGA-F7-A61V-01Z-00-DX1,TCGA-F7-A61V-01Z-00-DX1,,Hypoxia,1916,0.06263048016701461
TCGA-F7-A61V-01Z-00-DX1,TCGA-F7-A61V-01Z-00-DX1,,JAK-STAT,1916,0.43997912317327764
TCGA-F7-A61V-01Z-00-DX1,TCGA-F7-A61V-01Z-00-DX1,,MAPK,1916,0.6236951983298539
TCGA-F7-A61V-01Z-00-DX1,TCGA-F7-A61V-01Z-00-DX1,,NFkB,1916,0.11377870563674322
TCGA-F7-A61V-01Z-00-DX1,TCGA-F7-A61V-01Z-00-DX1,,PI3K,1916,0.019832985386221295
TCGA-F7-A61V-01Z-00-DX1,TCGA-F7-A61V-01Z-00-DX1,,TGFb,1916,0.03288100208768267
TCGA-F7-A61V-01Z-00-DX1,TCGA-F7-A61V-01Z-00-DX1,,TNFa,1916,0.32254697286012524
TCGA-F7-A61V-01Z-00-DX1,TCGA-F7-A61V-01Z-00-DX1,,Trail,1916,0.08402922755741127
TCGA-F7-A61V-01Z-00-DX1,TCGA-F7-A61V-01Z-00-DX1,,VEGF,1916,0.22025052192066805
TCGA-F7-A61V-01Z-00-DX1,TCGA-F7-A61V-01Z-00-DX1,,WNT,1916,0.8335073068893528
TCGA-F7-A61V-01Z-00-DX1,TCGA-F7-A61V-01Z-00-DX1,,p53,1916,0.656054279749478
TCGA-F7-A61W-01Z-00-DX1,TCGA-F7-A61W-01Z-00-DX1,,Androgen,3610,0.12493074792243768
TCGA-F7-A61W-01Z-00-DX1,TCGA-F7-A61W-01Z-00-DX1,,EGFR,3610,0.7191135734072022
TCGA-F7-A61W-01Z-00-DX1,TCGA-F7-A61W-01Z-00-DX1,,Estrogen,3610,0.11578947368421053
TCGA-F7-A61W-01Z-00-DX1,TCGA-F7-A61W-01Z-00-DX1,,Hypoxia,3610,0.564819944598338
TCGA-F7-A61W-01Z-00-DX1,TCGA-F7-A61W-01Z-00-DX1,,JAK-STAT,3610,0.34875346260387813
TCGA-F7-A61W-01Z-00-DX1,TCGA-F7-A61W-01Z-00-DX1,,MAPK,3610,0.7612188365650969
TCGA-F7-A61W-01Z-00-DX1,TCGA-F7-A61W-01Z-00-DX1,,NFkB,3610,0.05623268698060942
TCGA-F7-A61W-01Z-00-DX1,TCGA-F7-A61W-01Z-00-DX1,,PI3K,3610,0.5858725761772853
TCGA-F7-A61W-01Z-00-DX1,TCGA-F7-A61W-01Z-00-DX1,,TGFb,3610,0.2673130193905817
TCGA-F7-A61W-01Z-00-DX1,TCGA-F7-A61W-01Z-00-DX1,,TNFa,3610,0.5919667590027701
TCGA-F7-A61W-01Z-00-DX1,TCGA-F7-A61W-01Z-00-DX1,,Trail,3610,0.5969529085872576
TCGA-F7-A61W-01Z-00-DX1,TCGA-F7-A61W-01Z-00-DX1,,VEGF,3610,0.5626038781163435
TCGA-F7-A61W-01Z-00-DX1,TCGA-F7-A61W-01Z-00-DX1,,WNT,3610,0.2443213296398892
TCGA-F7-A61W-01Z-00-DX1,TCGA-F7-A61W-01Z-00-DX1,,p53,3610,0.1407202216066482
TCGA-F7-A620-01Z-00-DX1,TCGA-F7-A620-01Z-00-DX1,,Androgen,442,0.3597285067873303
TCGA-F7-A620-01Z-00-DX1,TCGA-F7-A620-01Z-00-DX1,,EGFR,442,0.20588235294117646
TCGA-F7-A620-01Z-00-DX1,TCGA-F7-A620-01Z-00-DX1,,Estrogen,442,0.9434389140271493
TCGA-F7-A620-01Z-00-DX1,TCGA-F7-A620-01Z-00-DX1,,Hypoxia,442,0.3076923076923077
TCGA-F7-A620-01Z-00-DX1,TCGA-F7-A620-01Z-00-DX1,,JAK-STAT,442,0.7828054298642534
TCGA-F7-A620-01Z-00-DX1,TCGA-F7-A620-01Z-00-DX1,,MAPK,442,0.19457013574660634
TCGA-F7-A620-01Z-00-DX1,TCGA-F7-A620-01Z-00-DX1,,NFkB,442,0.027149321266968326
TCGA-F7-A620-01Z-00-DX1,TCGA-F7-A620-01Z-00-DX1,,PI3K,442,0.6085972850678733
TCGA-F7-A620-01Z-00-DX1,TCGA-F7-A620-01Z-00-DX1,,TGFb,442,0.248868778280543
TCGA-F7-A620-01Z-00-DX1,TCGA-F7-A620-01Z-00-DX1,,TNFa,442,0.7013574660633484
TCGA-F7-A620-01Z-00-DX1,TCGA-F7-A620-01Z-00-DX1,,Trail,442,0.669683257918552
TCGA-F7-A620-01Z-00-DX1,TCGA-F7-A620-01Z-00-DX1,,VEGF,442,0.4796380090497738
TCGA-F7-A620-01Z-00-DX1,TCGA-F7-A620-01Z-00-DX1,,WNT,442,0.8393665158371041
TCGA-F7-A620-01Z-00-DX1,TCGA-F7-A620-01Z-00-DX1,,p53,442,0.45475113122171945
TCGA-F7-A622-01Z-00-DX1,TCGA-F7-A622-01Z-00-DX1,,Androgen,665,0.17894736842105263
TCGA-F7-A622-01Z-00-DX1,TCGA-F7-A622-01Z-00-DX1,,EGFR,665,0.524812030075188
TCGA-F7-A622-01Z-00-DX1,TCGA-F7-A622-01Z-00-DX1,,Estrogen,665,0.2962406015037594
TCGA-F7-A622-01Z-00-DX1,TCGA-F7-A622-01Z-00-DX1,,Hypoxia,665,0.4255639097744361
TCGA-F7-A622-01Z-00-DX1,TCGA-F7-A622-01Z-00-DX1,,JAK-STAT,665,0.4180451127819549
TCGA-F7-A622-01Z-00-DX1,TCGA-F7-A622-01Z-00-DX1,,MAPK,665,0.8180451127819549
TCGA-F7-A622-01Z-00-DX1,TCGA-F7-A622-01Z-00-DX1,,NFkB,665,0.12330827067669173
TCGA-F7-A622-01Z-00-DX1,TCGA-F7-A622-01Z-00-DX1,,PI3K,665,0.7548872180451128
TCGA-F7-A622-01Z-00-DX1,TCGA-F7-A622-01Z-00-DX1,,TGFb,665,0.17293233082706766
TCGA-F7-A622-01Z-00-DX1,TCGA-F7-A622-01Z-00-DX1,,TNFa,665,0.7052631578947368
TCGA-F7-A622-01Z-00-DX1,TCGA-F7-A622-01Z-00-DX1,,Trail,665,0.29774436090225564
TCGA-F7-A622-01Z-00-DX1,TCGA-F7-A622-01Z-00-DX1,,VEGF,665,0.5834586466165413
TCGA-F7-A622-01Z-00-DX1,TCGA-F7-A622-01Z-00-DX1,,WNT,665,0.22255639097744362
TCGA-F7-A622-01Z-00-DX1,TCGA-F7-A622-01Z-00-DX1,,p53,665,0.009022556390977444
TCGA-F7-A623-01Z-00-DX1,TCGA-F7-A623-01Z-00-DX1,,Androgen,1306,0.35068912710566613
TCGA-F7-A623-01Z-00-DX1,TCGA-F7-A623-01Z-00-DX1,,EGFR,1306,0.2656967840735069
TCGA-F7-A623-01Z-00-DX1,TCGA-F7-A623-01Z-00-DX1,,Estrogen,1306,0.1003062787136294
TCGA-F7-A623-01Z-00-DX1,TCGA-F7-A623-01Z-00-DX1,,Hypoxia,1306,0.0781010719754977
TCGA-F7-A623-01Z-00-DX1,TCGA-F7-A623-01Z-00-DX1,,JAK-STAT,1306,0.2725880551301684
TCGA-F7-A623-01Z-00-DX1,TCGA-F7-A623-01Z-00-DX1,,MAPK,1306,0.39509954058192953
TCGA-F7-A623-01Z-00-DX1,TCGA-F7-A623-01Z-00-DX1,,NFkB,1306,0.19142419601837674
TCGA-F7-A623-01Z-00-DX1,TCGA-F7-A623-01Z-00-DX1,,PI3K,1306,0.6209800918836141
TCGA-F7-A623-01Z-00-DX1,TCGA-F7-A623-01Z-00-DX1,,TGFb,1306,0.030627871362940276
TCGA-F7-A623-01Z-00-DX1,TCGA-F7-A623-01Z-00-DX1,,TNFa,1306,0.19678407350689128
TCGA-F7-A623-01Z-00-DX1,TCGA-F7-A623-01Z-00-DX1,,Trail,1306,0.2572741194486983
TCGA-F7-A623-01Z-00-DX1,TCGA-F7-A623-01Z-00-DX1,,VEGF,1306,0.0781010719754977
TCGA-F7-A623-01Z-00-DX1,TCGA-F7-A623-01Z-00-DX1,,WNT,1306,0.33537519142419603
TCGA-F7-A623-01Z-00-DX1,TCGA-F7-A623-01Z-00-DX1,,p53,1306,0.2771822358346095
TCGA-F7-A624-01Z-00-DX1,TCGA-F7-A624-01Z-00-DX1,,Androgen,1948,0.39476386036960986
TCGA-F7-A624-01Z-00-DX1,TCGA-F7-A624-01Z-00-DX1,,EGFR,1948,0.7345995893223819
TCGA-F7-A624-01Z-00-DX1,TCGA-F7-A624-01Z-00-DX1,,Estrogen,1948,0.8757700205338809
TCGA-F7-A624-01Z-00-DX1,TCGA-F7-A624-01Z-00-DX1,,Hypoxia,1948,0.9743326488706365
TCGA-F7-A624-01Z-00-DX1,TCGA-F7-A624-01Z-00-DX1,,JAK-STAT,1948,0.41683778234086244
TCGA-F7-A624-01Z-00-DX1,TCGA-F7-A624-01Z-00-DX1,,MAPK,1948,0.5893223819301848
TCGA-F7-A624-01Z-00-DX1,TCGA-F7-A624-01Z-00-DX1,,NFkB,1948,0.2299794661190965
TCGA-F7-A624-01Z-00-DX1,TCGA-F7-A624-01Z-00-DX1,,PI3K,1948,0.1570841889117043
TCGA-F7-A624-01Z-00-DX1,TCGA-F7-A624-01Z-00-DX1,,TGFb,1948,0.21457905544147843
TCGA-F7-A624-01Z-00-DX1,TCGA-F7-A624-01Z-00-DX1,,TNFa,1948,0.5811088295687885
TCGA-F7-A624-01Z-00-DX1,TCGA-F7-A624-01Z-00-DX1,,Trail,1948,0.5364476386036962
TCGA-F7-A624-01Z-00-DX1,TCGA-F7-A624-01Z-00-DX1,,VEGF,1948,0.7248459958932238
TCGA-F7-A624-01Z-00-DX1,TCGA-F7-A624-01Z-00-DX1,,WNT,1948,0.46919917864476385
TCGA-F7-A624-01Z-00-DX1,TCGA-F7-A624-01Z-00-DX1,,p53,1948,0.21919917864476385
TCGA-H7-A6C4-01Z-00-DX1,TCGA-H7-A6C4-01Z-00-DX1,,Androgen,372,0.053763440860215055
TCGA-H7-A6C4-01Z-00-DX1,TCGA-H7-A6C4-01Z-00-DX1,,EGFR,372,0.46774193548387094
TCGA-H7-A6C4-01Z-00-DX1,TCGA-H7-A6C4-01Z-00-DX1,,Estrogen,372,0.2768817204301075
TCGA-H7-A6C4-01Z-00-DX1,TCGA-H7-A6C4-01Z-00-DX1,,Hypoxia,372,0.23655913978494625
TCGA-H7-A6C4-01Z-00-DX1,TCGA-H7-A6C4-01Z-00-DX1,,JAK-STAT,372,0.7473118279569892
TCGA-H7-A6C4-01Z-00-DX1,TCGA-H7-A6C4-01Z-00-DX1,,MAPK,372,0.7338709677419355
TCGA-H7-A6C4-01Z-00-DX1,TCGA-H7-A6C4-01Z-00-DX1,,NFkB,372,0.07795698924731183
TCGA-H7-A6C4-01Z-00-DX1,TCGA-H7-A6C4-01Z-00-DX1,,PI3K,372,0.9139784946236559
TCGA-H7-A6C4-01Z-00-DX1,TCGA-H7-A6C4-01Z-00-DX1,,TGFb,372,0.22849462365591397
TCGA-H7-A6C4-01Z-00-DX1,TCGA-H7-A6C4-01Z-00-DX1,,TNFa,372,0.7096774193548387
TCGA-H7-A6C4-01Z-00-DX1,TCGA-H7-A6C4-01Z-00-DX1,,Trail,372,0.6505376344086021
TCGA-H7-A6C4-01Z-00-DX1,TCGA-H7-A6C4-01Z-00-DX1,,VEGF,372,0.6935483870967742
TCGA-H7-A6C4-01Z-00-DX1,TCGA-H7-A6C4-01Z-00-DX1,,WNT,372,0.5456989247311828
TCGA-H7-A6C4-01Z-00-DX1,TCGA-H7-A6C4-01Z-00-DX1,,p53,372,0.013440860215053764
TCGA-HD-7229-01Z-00-DX1,TCGA-HD-7229-01Z-00-DX1,,Androgen,766,0.24934725848563968
TCGA-HD-7229-01Z-00-DX1,TCGA-HD-7229-01Z-00-DX1,,EGFR,766,0.660574412532637
TCGA-HD-7229-01Z-00-DX1,TCGA-HD-7229-01Z-00-DX1,,Estrogen,766,0.7950391644908616
TCGA-HD-7229-01Z-00-DX1,TCGA-HD-7229-01Z-00-DX1,,Hypoxia,766,0.7180156657963447
TCGA-HD-7229-01Z-00-DX1,TCGA-HD-7229-01Z-00-DX1,,JAK-STAT,766,0.5234986945169713
TCGA-HD-7229-01Z-00-DX1,TCGA-HD-7229-01Z-00-DX1,,MAPK,766,0.5195822454308094
TCGA-HD-7229-01Z-00-DX1,TCGA-HD-7229-01Z-00-DX1,,NFkB,766,0.34464751958224543
TCGA-HD-7229-01Z-00-DX1,TCGA-HD-7229-01Z-00-DX1,,PI3K,766,0.6579634464751958
TCGA-HD-7229-01Z-00-DX1,TCGA-HD-7229-01Z-00-DX1,,TGFb,766,0.2193211488250653
TCGA-HD-7229-01Z-00-DX1,TCGA-HD-7229-01Z-00-DX1,,TNFa,766,0.674934725848564
TCGA-HD-7229-01Z-00-DX1,TCGA-HD-7229-01Z-00-DX1,,Trail,766,0.26631853785900783
TCGA-HD-7229-01Z-00-DX1,TCGA-HD-7229-01Z-00-DX1,,VEGF,766,0.24151436031331594
TCGA-HD-7229-01Z-00-DX1,TCGA-HD-7229-01Z-00-DX1,,WNT,766,0.16579634464751958
TCGA-HD-7229-01Z-00-DX1,TCGA-HD-7229-01Z-00-DX1,,p53,766,0.7532637075718016
TCGA-HD-7753-01Z-00-DX1,TCGA-HD-7753-01Z-00-DX1,,Androgen,1632,0.3639705882352941
TCGA-HD-7753-01Z-00-DX1,TCGA-HD-7753-01Z-00-DX1,,EGFR,1632,0.6776960784313726
TCGA-HD-7753-01Z-00-DX1,TCGA-HD-7753-01Z-00-DX1,,Estrogen,1632,0.9258578431372549
TCGA-HD-7753-01Z-00-DX1,TCGA-HD-7753-01Z-00-DX1,,Hypoxia,1632,0.758578431372549
TCGA-HD-7753-01Z-00-DX1,TCGA-HD-7753-01Z-00-DX1,,JAK-STAT,1632,0.2261029411764706
TCGA-HD-7753-01Z-00-DX1,TCGA-HD-7753-01Z-00-DX1,,MAPK,1632,0.3645833333333333
TCGA-HD-7753-01Z-00-DX1,TCGA-HD-7753-01Z-00-DX1,,NFkB,1632,0.15992647058823528
TCGA-HD-7753-01Z-00-DX1,TCGA-HD-7753-01Z-00-DX1,,PI3K,1632,0.6409313725490197
TCGA-HD-7753-01Z-00-DX1,TCGA-HD-7753-01Z-00-DX1,,TGFb,1632,0.35171568627450983
TCGA-HD-7753-01Z-00-DX1,TCGA-HD-7753-01Z-00-DX1,,TNFa,1632,0.5386029411764706
TCGA-HD-7753-01Z-00-DX1,TCGA-HD-7753-01Z-00-DX1,,Trail,1632,0.40379901960784315
TCGA-HD-7753-01Z-00-DX1,TCGA-HD-7753-01Z-00-DX1,,VEGF,1632,0.4215686274509804
TCGA-HD-7753-01Z-00-DX1,TCGA-HD-7753-01Z-00-DX1,,WNT,1632,0.38174019607843135
TCGA-HD-7753-01Z-00-DX1,TCGA-HD-7753-01Z-00-DX1,,p53,1632,0.38296568627450983
TCGA-HD-7831-01Z-00-DX1,TCGA-HD-7831-01Z-00-DX1,,Androgen,3472,0.3346774193548387
TCGA-HD-7831-01Z-00-DX1,TCGA-HD-7831-01Z-00-DX1,,EGFR,3472,0.35397465437788017
TCGA-HD-7831-01Z-00-DX1,TCGA-HD-7831-01Z-00-DX1,,Estrogen,3472,0.9279953917050692
TCGA-HD-7831-01Z-00-DX1,TCGA-HD-7831-01Z-00-DX1,,Hypoxia,3472,0.7883064516129032
TCGA-HD-7831-01Z-00-DX1,TCGA-HD-7831-01Z-00-DX1,,JAK-STAT,3472,0.3067396313364055
TCGA-HD-7831-01Z-00-DX1,TCGA-HD-7831-01Z-00-DX1,,MAPK,3472,0.17943548387096775
TCGA-HD-7831-01Z-00-DX1,TCGA-HD-7831-01Z-00-DX1,,NFkB,3472,0.12211981566820276
TCGA-HD-7831-01Z-00-DX1,TCGA-HD-7831-01Z-00-DX1,,PI3K,3472,0.4046658986175115
TCGA-HD-7831-01Z-00-DX1,TCGA-HD-7831-01Z-00-DX1,,TGFb,3472,0.5267857142857143
TCGA-HD-7831-01Z-00-DX1,TCGA-HD-7831-01Z-00-DX1,,TNFa,3472,0.3934331797235023
TCGA-HD-7831-01Z-00-DX1,TCGA-HD-7831-01Z-00-DX1,,Trail,3472,0.4763824884792627
TCGA-HD-7831-01Z-00-DX1,TCGA-HD-7831-01Z-00-DX1,,VEGF,3472,0.16877880184331798
TCGA-HD-7831-01Z-00-DX1,TCGA-HD-7831-01Z-00-DX1,,WNT,3472,0.29147465437788017
TCGA-HD-7831-01Z-00-DX1,TCGA-HD-7831-01Z-00-DX1,,p53,3472,0.3919930875576037
TCGA-HD-8224-01Z-00-DX1,TCGA-HD-8224-01Z-00-DX1,,Androgen,697,0.3945480631276901
TCGA-HD-8224-01Z-00-DX1,TCGA-HD-8224-01Z-00-DX1,,EGFR,697,0.03730272596843615
TCGA-HD-8224-01Z-00-DX1,TCGA-HD-8224-01Z-00-DX1,,Estrogen,697,0.6370157819225251
TCGA-HD-8224-01Z-00-DX1,TCGA-HD-8224-01Z-00-DX1,,Hypoxia,697,0.6370157819225251
TCGA-HD-8224-01Z-00-DX1,TCGA-HD-8224-01Z-00-DX1,,JAK-STAT,697,0.13773314203730272
TCGA-HD-8224-01Z-00-DX1,TCGA-HD-8224-01Z-00-DX1,,MAPK,697,0.539454806312769
TCGA-HD-8224-01Z-00-DX1,TCGA-HD-8224-01Z-00-DX1,,NFkB,697,0.16212338593974174
TCGA-HD-8224-01Z-00-DX1,TCGA-HD-8224-01Z-00-DX1,,PI3K,697,0.4103299856527977
TCGA-HD-8224-01Z-00-DX1,TCGA-HD-8224-01Z-00-DX1,,TGFb,697,0.10329985652797705
TCGA-HD-8224-01Z-00-DX1,TCGA-HD-8224-01Z-00-DX1,,TNFa,697,0.15781922525107603
TCGA-HD-8224-01Z-00-DX1,TCGA-HD-8224-01Z-00-DX1,,Trail,697,0.1649928263988522
TCGA-HD-8224-01Z-00-DX1,TCGA-HD-8224-01Z-00-DX1,,VEGF,697,0.35294117647058826
TCGA-HD-8224-01Z-00-DX1,TCGA-HD-8224-01Z-00-DX1,,WNT,697,0.11908177905308465
TCGA-HD-8224-01Z-00-DX1,TCGA-HD-8224-01Z-00-DX1,,p53,697,0.11190817790530846
TCGA-HD-8634-01Z-00-DX1,TCGA-HD-8634-01Z-00-DX1,,Androgen,1060,0.07641509433962264
TCGA-HD-8634-01Z-00-DX1,TCGA-HD-8634-01Z-00-DX1,,EGFR,1060,0.12547169811320755
TCGA-HD-8634-01Z-00-DX1,TCGA-HD-8634-01Z-00-DX1,,Estrogen,1060,0.15754716981132075
TCGA-HD-8634-01Z-00-DX1,TCGA-HD-8634-01Z-00-DX1,,Hypoxia,1060,0.3113207547169811
TCGA-HD-8634-01Z-00-DX1,TCGA-HD-8634-01Z-00-DX1,,JAK-STAT,1060,0.8188679245283019
TCGA-HD-8634-01Z-00-DX1,TCGA-HD-8634-01Z-00-DX1,,MAPK,1060,0.37641509433962267
TCGA-HD-8634-01Z-00-DX1,TCGA-HD-8634-01Z-00-DX1,,NFkB,1060,0.22169811320754718
TCGA-HD-8634-01Z-00-DX1,TCGA-HD-8634-01Z-00-DX1,,PI3K,1060,0.4386792452830189
TCGA-HD-8634-01Z-00-DX1,TCGA-HD-8634-01Z-00-DX1,,TGFb,1060,0.0
TCGA-HD-8634-01Z-00-DX1,TCGA-HD-8634-01Z-00-DX1,,TNFa,1060,0.4367924528301887
TCGA-HD-8634-01Z-00-DX1,TCGA-HD-8634-01Z-00-DX1,,Trail,1060,0.19716981132075473
TCGA-HD-8634-01Z-00-DX1,TCGA-HD-8634-01Z-00-DX1,,VEGF,1060,0.5452830188679245
TCGA-HD-8634-01Z-00-DX1,TCGA-HD-8634-01Z-00-DX1,,WNT,1060,0.7160377358490566
TCGA-HD-8634-01Z-00-DX1,TCGA-HD-8634-01Z-00-DX1,,p53,1060,0.1660377358490566
TCGA-HD-8635-01Z-00-DX1,TCGA-HD-8635-01Z-00-DX1,,VEGF,0,0.0
TCGA-HD-8635-01Z-00-DX1,TCGA-HD-8635-01Z-00-DX1,,TNFa,0,0.0
TCGA-HD-8635-01Z-00-DX1,TCGA-HD-8635-01Z-00-DX1,,JAK-STAT,0,0.0
TCGA-HD-8635-01Z-00-DX1,TCGA-HD-8635-01Z-00-DX1,,EGFR,0,0.0
TCGA-HD-8635-01Z-00-DX1,TCGA-HD-8635-01Z-00-DX1,,Estrogen,0,0.0
TCGA-HD-8635-01Z-00-DX1,TCGA-HD-8635-01Z-00-DX1,,MAPK,0,0.0
TCGA-HD-8635-01Z-00-DX1,TCGA-HD-8635-01Z-00-DX1,,Trail,0,0.0
TCGA-HD-8635-01Z-00-DX1,TCGA-HD-8635-01Z-00-DX1,,WNT,0,0.0
TCGA-HD-8635-01Z-00-DX1,TCGA-HD-8635-01Z-00-DX1,,Hypoxia,0,0.0
TCGA-HD-8635-01Z-00-DX1,TCGA-HD-8635-01Z-00-DX1,,p53,0,0.0
TCGA-HD-8635-01Z-00-DX1,TCGA-HD-8635-01Z-00-DX1,,PI3K,0,0.0
TCGA-HD-8635-01Z-00-DX1,TCGA-HD-8635-01Z-00-DX1,,Androgen,0,0.0
TCGA-HD-8635-01Z-00-DX1,TCGA-HD-8635-01Z-00-DX1,,NFkB,0,0.0
TCGA-HD-8635-01Z-00-DX1,TCGA-HD-8635-01Z-00-DX1,,TGFb,0,0.0
TCGA-HD-A4C1-01Z-00-DX1,TCGA-HD-A4C1-01Z-00-DX1,,Androgen,2124,0.1638418079096045
TCGA-HD-A4C1-01Z-00-DX1,TCGA-HD-A4C1-01Z-00-DX1,,EGFR,2124,0.2702448210922787
TCGA-HD-A4C1-01Z-00-DX1,TCGA-HD-A4C1-01Z-00-DX1,,Estrogen,2124,0.3860640301318267
TCGA-HD-A4C1-01Z-00-DX1,TCGA-HD-A4C1-01Z-00-DX1,,Hypoxia,2124,0.423728813559322
TCGA-HD-A4C1-01Z-00-DX1,TCGA-HD-A4C1-01Z-00-DX1,,JAK-STAT,2124,0.4604519774011299
TCGA-HD-A4C1-01Z-00-DX1,TCGA-HD-A4C1-01Z-00-DX1,,MAPK,2124,0.3874764595103578
TCGA-HD-A4C1-01Z-00-DX1,TCGA-HD-A4C1-01Z-00-DX1,,NFkB,2124,0.2810734463276836
TCGA-HD-A4C1-01Z-00-DX1,TCGA-HD-A4C1-01Z-00-DX1,,PI3K,2124,0.4260828625235405
TCGA-HD-A4C1-01Z-00-DX1,TCGA-HD-A4C1-01Z-00-DX1,,TGFb,2124,0.15254237288135594
TCGA-HD-A4C1-01Z-00-DX1,TCGA-HD-A4C1-01Z-00-DX1,,TNFa,2124,0.2387005649717514
TCGA-HD-A4C1-01Z-00-DX1,TCGA-HD-A4C1-01Z-00-DX1,,Trail,2124,0.19915254237288135
TCGA-HD-A4C1-01Z-00-DX1,TCGA-HD-A4C1-01Z-00-DX1,,VEGF,2124,0.4538606403013183
TCGA-HD-A4C1-01Z-00-DX1,TCGA-HD-A4C1-01Z-00-DX1,,WNT,2124,0.3559322033898305
TCGA-HD-A4C1-01Z-00-DX1,TCGA-HD-A4C1-01Z-00-DX1,,p53,2124,0.1643126177024482
TCGA-HD-A6HZ-01Z-00-DX1,TCGA-HD-A6HZ-01Z-00-DX1,,Androgen,71,0.49295774647887325
TCGA-HD-A6HZ-01Z-00-DX1,TCGA-HD-A6HZ-01Z-00-DX1,,EGFR,71,0.07042253521126761
TCGA-HD-A6HZ-01Z-00-DX1,TCGA-HD-A6HZ-01Z-00-DX1,,Estrogen,71,0.43661971830985913
TCGA-HD-A6HZ-01Z-00-DX1,TCGA-HD-A6HZ-01Z-00-DX1,,Hypoxia,71,0.19718309859154928
TCGA-HD-A6HZ-01Z-00-DX1,TCGA-HD-A6HZ-01Z-00-DX1,,JAK-STAT,71,0.22535211267605634
TCGA-HD-A6HZ-01Z-00-DX1,TCGA-HD-A6HZ-01Z-00-DX1,,MAPK,71,0.3380281690140845
TCGA-HD-A6HZ-01Z-00-DX1,TCGA-HD-A6HZ-01Z-00-DX1,,NFkB,71,0.5070422535211268
TCGA-HD-A6HZ-01Z-00-DX1,TCGA-HD-A6HZ-01Z-00-DX1,,PI3K,71,0.7183098591549296
TCGA-HD-A6HZ-01Z-00-DX1,TCGA-HD-A6HZ-01Z-00-DX1,,TGFb,71,0.22535211267605634
TCGA-HD-A6HZ-01Z-00-DX1,TCGA-HD-A6HZ-01Z-00-DX1,,TNFa,71,0.4084507042253521
TCGA-HD-A6HZ-01Z-00-DX1,TCGA-HD-A6HZ-01Z-00-DX1,,Trail,71,0.08450704225352113
TCGA-HD-A6HZ-01Z-00-DX1,TCGA-HD-A6HZ-01Z-00-DX1,,VEGF,71,0.16901408450704225
TCGA-HD-A6HZ-01Z-00-DX1,TCGA-HD-A6HZ-01Z-00-DX1,,WNT,71,0.2112676056338028
TCGA-HD-A6HZ-01Z-00-DX1,TCGA-HD-A6HZ-01Z-00-DX1,,p53,71,0.04225352112676056
TCGA-HD-A6I0-01Z-00-DX1,TCGA-HD-A6I0-01Z-00-DX1,,Androgen,165,0.18787878787878787
TCGA-HD-A6I0-01Z-00-DX1,TCGA-HD-A6I0-01Z-00-DX1,,EGFR,165,0.5454545454545454
TCGA-HD-A6I0-01Z-00-DX1,TCGA-HD-A6I0-01Z-00-DX1,,Estrogen,165,0.030303030303030304
TCGA-HD-A6I0-01Z-00-DX1,TCGA-HD-A6I0-01Z-00-DX1,,Hypoxia,165,0.1696969696969697
TCGA-HD-A6I0-01Z-00-DX1,TCGA-HD-A6I0-01Z-00-DX1,,JAK-STAT,165,0.3090909090909091
TCGA-HD-A6I0-01Z-00-DX1,TCGA-HD-A6I0-01Z-00-DX1,,MAPK,165,0.5515151515151515
TCGA-HD-A6I0-01Z-00-DX1,TCGA-HD-A6I0-01Z-00-DX1,,NFkB,165,0.048484848484848485
TCGA-HD-A6I0-01Z-00-DX1,TCGA-HD-A6I0-01Z-00-DX1,,PI3K,165,0.9818181818181818
TCGA-HD-A6I0-01Z-00-DX1,TCGA-HD-A6I0-01Z-00-DX1,,TGFb,165,0.01818181818181818
TCGA-HD-A6I0-01Z-00-DX1,TCGA-HD-A6I0-01Z-00-DX1,,TNFa,165,0.7393939393939394
TCGA-HD-A6I0-01Z-00-DX1,TCGA-HD-A6I0-01Z-00-DX1,,Trail,165,0.26666666666666666
TCGA-HD-A6I0-01Z-00-DX1,TCGA-HD-A6I0-01Z-00-DX1,,VEGF,165,0.5454545454545454
TCGA-HD-A6I0-01Z-00-DX1,TCGA-HD-A6I0-01Z-00-DX1,,WNT,165,0.18787878787878787
TCGA-HD-A6I0-01Z-00-DX1,TCGA-HD-A6I0-01Z-00-DX1,,p53,165,0.09090909090909091
TCGA-IQ-7632-01Z-00-DX1,TCGA-IQ-7632-01Z-00-DX1,,Androgen,2958,0.33975659229208927
TCGA-IQ-7632-01Z-00-DX1,TCGA-IQ-7632-01Z-00-DX1,,EGFR,2958,0.10412440838404327
TCGA-IQ-7632-01Z-00-DX1,TCGA-IQ-7632-01Z-00-DX1,,Estrogen,2958,0.27349560513860716
TCGA-IQ-7632-01Z-00-DX1,TCGA-IQ-7632-01Z-00-DX1,,Hypoxia,2958,0.4702501690331305
TCGA-IQ-7632-01Z-00-DX1,TCGA-IQ-7632-01Z-00-DX1,,JAK-STAT,2958,0.38336713995943206
TCGA-IQ-7632-01Z-00-DX1,TCGA-IQ-7632-01Z-00-DX1,,MAPK,2958,0.20757268424611225
TCGA-IQ-7632-01Z-00-DX1,TCGA-IQ-7632-01Z-00-DX1,,NFkB,2958,0.38911426639621366
TCGA-IQ-7632-01Z-00-DX1,TCGA-IQ-7632-01Z-00-DX1,,PI3K,2958,0.8120351588911426
TCGA-IQ-7632-01Z-00-DX1,TCGA-IQ-7632-01Z-00-DX1,,TGFb,2958,0.000676132521974307
TCGA-IQ-7632-01Z-00-DX1,TCGA-IQ-7632-01Z-00-DX1,,TNFa,2958,0.7390128465179175
TCGA-IQ-7632-01Z-00-DX1,TCGA-IQ-7632-01Z-00-DX1,,Trail,2958,0.39080459770114945
TCGA-IQ-7632-01Z-00-DX1,TCGA-IQ-7632-01Z-00-DX1,,VEGF,2958,0.6108857336037864
TCGA-IQ-7632-01Z-00-DX1,TCGA-IQ-7632-01Z-00-DX1,,WNT,2958,0.5480054090601758
TCGA-IQ-7632-01Z-00-DX1,TCGA-IQ-7632-01Z-00-DX1,,p53,2958,0.5828262339418526
TCGA-IQ-A61E-01Z-00-DX1,TCGA-IQ-A61E-01Z-00-DX1,,Androgen,154,0.2987012987012987
TCGA-IQ-A61E-01Z-00-DX1,TCGA-IQ-A61E-01Z-00-DX1,,EGFR,154,0.5454545454545454
TCGA-IQ-A61E-01Z-00-DX1,TCGA-IQ-A61E-01Z-00-DX1,,Estrogen,154,0.7662337662337663
TCGA-IQ-A61E-01Z-00-DX1,TCGA-IQ-A61E-01Z-00-DX1,,Hypoxia,154,0.8571428571428571
TCGA-IQ-A61E-01Z-00-DX1,TCGA-IQ-A61E-01Z-00-DX1,,JAK-STAT,154,0.16233766233766234
TCGA-IQ-A61E-01Z-00-DX1,TCGA-IQ-A61E-01Z-00-DX1,,MAPK,154,0.551948051948052
TCGA-IQ-A61E-01Z-00-DX1,TCGA-IQ-A61E-01Z-00-DX1,,NFkB,154,0.6818181818181818
TCGA-IQ-A61E-01Z-00-DX1,TCGA-IQ-A61E-01Z-00-DX1,,PI3K,154,0.23376623376623376
TCGA-IQ-A61E-01Z-00-DX1,TCGA-IQ-A61E-01Z-00-DX1,,TGFb,154,0.0
TCGA-IQ-A61E-01Z-00-DX1,TCGA-IQ-A61E-01Z-00-DX1,,TNFa,154,0.44805194805194803
TCGA-IQ-A61E-01Z-00-DX1,TCGA-IQ-A61E-01Z-00-DX1,,Trail,154,0.2792207792207792
TCGA-IQ-A61E-01Z-00-DX1,TCGA-IQ-A61E-01Z-00-DX1,,VEGF,154,0.5194805194805194
TCGA-IQ-A61E-01Z-00-DX1,TCGA-IQ-A61E-01Z-00-DX1,,WNT,154,0.34415584415584416
TCGA-IQ-A61E-01Z-00-DX1,TCGA-IQ-A61E-01Z-00-DX1,,p53,154,0.22077922077922077
TCGA-IQ-A61G-01Z-00-DX1,TCGA-IQ-A61G-01Z-00-DX1,,Androgen,1171,0.27327070879590093
TCGA-IQ-A61G-01Z-00-DX1,TCGA-IQ-A61G-01Z-00-DX1,,EGFR,1171,0.5644748078565329
TCGA-IQ-A61G-01Z-00-DX1,TCGA-IQ-A61G-01Z-00-DX1,,Estrogen,1171,0.33134073441502987
TCGA-IQ-A61G-01Z-00-DX1,TCGA-IQ-A61G-01Z-00-DX1,,Hypoxia,1171,0.6080273270708796
TCGA-IQ-A61G-01Z-00-DX1,TCGA-IQ-A61G-01Z-00-DX1,,JAK-STAT,1171,0.39538855678906915
TCGA-IQ-A61G-01Z-00-DX1,TCGA-IQ-A61G-01Z-00-DX1,,MAPK,1171,0.3108454312553373
TCGA-IQ-A61G-01Z-00-DX1,TCGA-IQ-A61G-01Z-00-DX1,,NFkB,1171,0.43296327924850553
TCGA-IQ-A61G-01Z-00-DX1,TCGA-IQ-A61G-01Z-00-DX1,,PI3K,1171,0.30913748932536295
TCGA-IQ-A61G-01Z-00-DX1,TCGA-IQ-A61G-01Z-00-DX1,,TGFb,1171,0.3142613151152861
TCGA-IQ-A61G-01Z-00-DX1,TCGA-IQ-A61G-01Z-00-DX1,,TNFa,1171,0.6438941076003416
TCGA-IQ-A61G-01Z-00-DX1,TCGA-IQ-A61G-01Z-00-DX1,,Trail,1171,0.4210076857386849
TCGA-IQ-A61G-01Z-00-DX1,TCGA-IQ-A61G-01Z-00-DX1,,VEGF,1171,0.43894107600341586
TCGA-IQ-A61G-01Z-00-DX1,TCGA-IQ-A61G-01Z-00-DX1,,WNT,1171,0.19385140905209222
TCGA-IQ-A61G-01Z-00-DX1,TCGA-IQ-A61G-01Z-00-DX1,,p53,1171,0.5029888983774552
TCGA-IQ-A61H-01Z-00-DX1,TCGA-IQ-A61H-01Z-00-DX1,,Androgen,3553,0.38361947649873346
TCGA-IQ-A61H-01Z-00-DX1,TCGA-IQ-A61H-01Z-00-DX1,,EGFR,3553,0.6056853363354912
TCGA-IQ-A61H-01Z-00-DX1,TCGA-IQ-A61H-01Z-00-DX1,,Estrogen,3553,0.45060512243174783
TCGA-IQ-A61H-01Z-00-DX1,TCGA-IQ-A61H-01Z-00-DX1,,Hypoxia,3553,0.5009850830284267
TCGA-IQ-A61H-01Z-00-DX1,TCGA-IQ-A61H-01Z-00-DX1,,JAK-STAT,3553,0.3644807205178722
TCGA-IQ-A61H-01Z-00-DX1,TCGA-IQ-A61H-01Z-00-DX1,,MAPK,3553,0.7129186602870813
TCGA-IQ-A61H-01Z-00-DX1,TCGA-IQ-A61H-01Z-00-DX1,,NFkB,3553,0.10948494230227976
TCGA-IQ-A61H-01Z-00-DX1,TCGA-IQ-A61H-01Z-00-DX1,,PI3K,3553,0.1829439909935266
TCGA-IQ-A61H-01Z-00-DX1,TCGA-IQ-A61H-01Z-00-DX1,,TGFb,3553,0.6068111455108359
TCGA-IQ-A61H-01Z-00-DX1,TCGA-IQ-A61H-01Z-00-DX1,,TNFa,3553,0.48015761328454826
TCGA-IQ-A61H-01Z-00-DX1,TCGA-IQ-A61H-01Z-00-DX1,,Trail,3553,0.42302279763580075
TCGA-IQ-A61H-01Z-00-DX1,TCGA-IQ-A61H-01Z-00-DX1,,VEGF,3553,0.2313537855333521
TCGA-IQ-A61H-01Z-00-DX1,TCGA-IQ-A61H-01Z-00-DX1,,WNT,3553,0.3543484379397692
TCGA-IQ-A61H-01Z-00-DX1,TCGA-IQ-A61H-01Z-00-DX1,,p53,3553,0.0911905432029271
TCGA-IQ-A61J-01Z-00-DX1,TCGA-IQ-A61J-01Z-00-DX1,,Androgen,645,0.4108527131782946
TCGA-IQ-A61J-01Z-00-DX1,TCGA-IQ-A61J-01Z-00-DX1,,EGFR,645,0.6372093023255814
TCGA-IQ-A61J-01Z-00-DX1,TCGA-IQ-A61J-01Z-00-DX1,,Estrogen,645,0.5333333333333333
TCGA-IQ-A61J-01Z-00-DX1,TCGA-IQ-A61J-01Z-00-DX1,,Hypoxia,645,0.48527131782945737
TCGA-IQ-A61J-01Z-00-DX1,TCGA-IQ-A61J-01Z-00-DX1,,JAK-STAT,645,0.537984496124031
TCGA-IQ-A61J-01Z-00-DX1,TCGA-IQ-A61J-01Z-00-DX1,,MAPK,645,0.7131782945736435
TCGA-IQ-A61J-01Z-00-DX1,TCGA-IQ-A61J-01Z-00-DX1,,NFkB,645,0.05116279069767442
TCGA-IQ-A61J-01Z-00-DX1,TCGA-IQ-A61J-01Z-00-DX1,,PI3K,645,0.043410852713178294
TCGA-IQ-A61J-01Z-00-DX1,TCGA-IQ-A61J-01Z-00-DX1,,TGFb,645,0.36589147286821705
TCGA-IQ-A61J-01Z-00-DX1,TCGA-IQ-A61J-01Z-00-DX1,,TNFa,645,0.3488372093023256
TCGA-IQ-A61J-01Z-00-DX1,TCGA-IQ-A61J-01Z-00-DX1,,Trail,645,0.11007751937984496
TCGA-IQ-A61J-01Z-00-DX1,TCGA-IQ-A61J-01Z-00-DX1,,VEGF,645,0.3674418604651163
TCGA-IQ-A61J-01Z-00-DX1,TCGA-IQ-A61J-01Z-00-DX1,,WNT,645,0.7162790697674418
TCGA-IQ-A61J-01Z-00-DX1,TCGA-IQ-A61J-01Z-00-DX1,,p53,645,0.28527131782945736
TCGA-IQ-A61O-01Z-00-DX1,TCGA-IQ-A61O-01Z-00-DX1,,Androgen,2124,0.3752354048964218
TCGA-IQ-A61O-01Z-00-DX1,TCGA-IQ-A61O-01Z-00-DX1,,EGFR,2124,0.730225988700565
TCGA-IQ-A61O-01Z-00-DX1,TCGA-IQ-A61O-01Z-00-DX1,,Estrogen,2124,0.2951977401129944
TCGA-IQ-A61O-01Z-00-DX1,TCGA-IQ-A61O-01Z-00-DX1,,Hypoxia,2124,0.7245762711864406
TCGA-IQ-A61O-01Z-00-DX1,TCGA-IQ-A61O-01Z-00-DX1,,JAK-STAT,2124,0.160075329566855
TCGA-IQ-A61O-01Z-00-DX1,TCGA-IQ-A61O-01Z-00-DX1,,MAPK,2124,0.3813559322033898
TCGA-IQ-A61O-01Z-00-DX1,TCGA-IQ-A61O-01Z-00-DX1,,NFkB,2124,0.6652542372881356
TCGA-IQ-A61O-01Z-00-DX1,TCGA-IQ-A61O-01Z-00-DX1,,PI3K,2124,0.3036723163841808
TCGA-IQ-A61O-01Z-00-DX1,TCGA-IQ-A61O-01Z-00-DX1,,TGFb,2124,0.8709981167608286
TCGA-IQ-A61O-01Z-00-DX1,TCGA-IQ-A61O-01Z-00-DX1,,TNFa,2124,0.8921845574387948
TCGA-IQ-A61O-01Z-00-DX1,TCGA-IQ-A61O-01Z-00-DX1,,Trail,2124,0.455743879472693
TCGA-IQ-A61O-01Z-00-DX1,TCGA-IQ-A61O-01Z-00-DX1,,VEGF,2124,0.7495291902071564
TCGA-IQ-A61O-01Z-00-DX1,TCGA-IQ-A61O-01Z-00-DX1,,WNT,2124,0.5574387947269304
TCGA-IQ-A61O-01Z-00-DX1,TCGA-IQ-A61O-01Z-00-DX1,,p53,2124,0.17372881355932204
TCGA-IQ-A6SG-01Z-00-DX1,TCGA-IQ-A6SG-01Z-00-DX1,,Androgen,3688,0.07646420824295011
TCGA-IQ-A6SG-01Z-00-DX1,TCGA-IQ-A6SG-01Z-00-DX1,,EGFR,3688,0.5900216919739696
TCGA-IQ-A6SG-01Z-00-DX1,TCGA-IQ-A6SG-01Z-00-DX1,,Estrogen,3688,0.1504880694143167
TCGA-IQ-A6SG-01Z-00-DX1,TCGA-IQ-A6SG-01Z-00-DX1,,Hypoxia,3688,0.5864967462039046
TCGA-IQ-A6SG-01Z-00-DX1,TCGA-IQ-A6SG-01Z-00-DX1,,JAK-STAT,3688,0.6090021691973969
TCGA-IQ-A6SG-01Z-00-DX1,TCGA-IQ-A6SG-01Z-00-DX1,,MAPK,3688,0.6160520607375272
TCGA-IQ-A6SG-01Z-00-DX1,TCGA-IQ-A6SG-01Z-00-DX1,,NFkB,3688,0.2904013015184382
TCGA-IQ-A6SG-01Z-00-DX1,TCGA-IQ-A6SG-01Z-00-DX1,,PI3K,3688,0.41919739696312364
TCGA-IQ-A6SG-01Z-00-DX1,TCGA-IQ-A6SG-01Z-00-DX1,,TGFb,3688,0.6572668112798264
TCGA-IQ-A6SG-01Z-00-DX1,TCGA-IQ-A6SG-01Z-00-DX1,,TNFa,3688,0.39642082429501085
TCGA-IQ-A6SG-01Z-00-DX1,TCGA-IQ-A6SG-01Z-00-DX1,,Trail,3688,0.6011388286334056
TCGA-IQ-A6SG-01Z-00-DX1,TCGA-IQ-A6SG-01Z-00-DX1,,VEGF,3688,0.41106290672451196
TCGA-IQ-A6SG-01Z-00-DX1,TCGA-IQ-A6SG-01Z-00-DX1,,WNT,3688,0.2418655097613883
TCGA-IQ-A6SG-01Z-00-DX1,TCGA-IQ-A6SG-01Z-00-DX1,,p53,3688,0.019251626898047724
TCGA-IQ-A6SH-01Z-00-DX1,TCGA-IQ-A6SH-01Z-00-DX1,,Androgen,609,0.23809523809523808
TCGA-IQ-A6SH-01Z-00-DX1,TCGA-IQ-A6SH-01Z-00-DX1,,EGFR,609,0.8111658456486043
TCGA-IQ-A6SH-01Z-00-DX1,TCGA-IQ-A6SH-01Z-00-DX1,,Estrogen,609,0.12643678160919541
TCGA-IQ-A6SH-01Z-00-DX1,TCGA-IQ-A6SH-01Z-00-DX1,,Hypoxia,609,0.7569786535303776
TCGA-IQ-A6SH-01Z-00-DX1,TCGA-IQ-A6SH-01Z-00-DX1,,JAK-STAT,609,0.5008210180623974
TCGA-IQ-A6SH-01Z-00-DX1,TCGA-IQ-A6SH-01Z-00-DX1,,MAPK,609,0.8440065681444991
TCGA-IQ-A6SH-01Z-00-DX1,TCGA-IQ-A6SH-01Z-00-DX1,,NFkB,609,0.34318555008210183
TCGA-IQ-A6SH-01Z-00-DX1,TCGA-IQ-A6SH-01Z-00-DX1,,PI3K,609,0.0
TCGA-IQ-A6SH-01Z-00-DX1,TCGA-IQ-A6SH-01Z-00-DX1,,TGFb,609,0.2594417077175698
TCGA-IQ-A6SH-01Z-00-DX1,TCGA-IQ-A6SH-01Z-00-DX1,,TNFa,609,0.722495894909688
TCGA-IQ-A6SH-01Z-00-DX1,TCGA-IQ-A6SH-01Z-00-DX1,,Trail,609,0.0016420361247947454
TCGA-IQ-A6SH-01Z-00-DX1,TCGA-IQ-A6SH-01Z-00-DX1,,VEGF,609,0.6683087027914614
TCGA-IQ-A6SH-01Z-00-DX1,TCGA-IQ-A6SH-01Z-00-DX1,,WNT,609,0.26929392446633826
TCGA-IQ-A6SH-01Z-00-DX1,TCGA-IQ-A6SH-01Z-00-DX1,,p53,609,0.2824302134646962
TCGA-KU-A66S-01Z-00-DX1,TCGA-KU-A66S-01Z-00-DX1,,Androgen,1275,0.49411764705882355
TCGA-KU-A66S-01Z-00-DX1,TCGA-KU-A66S-01Z-00-DX1,,EGFR,1275,0.42901960784313725
TCGA-KU-A66S-01Z-00-DX1,TCGA-KU-A66S-01Z-00-DX1,,Estrogen,1275,0.5843137254901961
TCGA-KU-A66S-01Z-00-DX1,TCGA-KU-A66S-01Z-00-DX1,,Hypoxia,1275,0.40078431372549017
TCGA-KU-A66S-01Z-00-DX1,TCGA-KU-A66S-01Z-00-DX1,,JAK-STAT,1275,0.09254901960784313
TCGA-KU-A66S-01Z-00-DX1,TCGA-KU-A66S-01Z-00-DX1,,MAPK,1275,0.1349019607843137
TCGA-KU-A66S-01Z-00-DX1,TCGA-KU-A66S-01Z-00-DX1,,NFkB,1275,0.28549019607843135
TCGA-KU-A66S-01Z-00-DX1,TCGA-KU-A66S-01Z-00-DX1,,PI3K,1275,0.32
TCGA-KU-A66S-01Z-00-DX1,TCGA-KU-A66S-01Z-00-DX1,,TGFb,1275,0.44941176470588234
TCGA-KU-A66S-01Z-00-DX1,TCGA-KU-A66S-01Z-00-DX1,,TNFa,1275,0.2807843137254902
TCGA-KU-A66S-01Z-00-DX1,TCGA-KU-A66S-01Z-00-DX1,,Trail,1275,0.21490196078431373
TCGA-KU-A66S-01Z-00-DX1,TCGA-KU-A66S-01Z-00-DX1,,VEGF,1275,0.09098039215686274
TCGA-KU-A66S-01Z-00-DX1,TCGA-KU-A66S-01Z-00-DX1,,WNT,1275,0.476078431372549
TCGA-KU-A66S-01Z-00-DX1,TCGA-KU-A66S-01Z-00-DX1,,p53,1275,0.13647058823529412
TCGA-KU-A66T-01Z-00-DX1,TCGA-KU-A66T-01Z-00-DX1,,Androgen,1236,0.1343042071197411
TCGA-KU-A66T-01Z-00-DX1,TCGA-KU-A66T-01Z-00-DX1,,EGFR,1236,0.5687702265372169
TCGA-KU-A66T-01Z-00-DX1,TCGA-KU-A66T-01Z-00-DX1,,Estrogen,1236,0.22006472491909385
TCGA-KU-A66T-01Z-00-DX1,TCGA-KU-A66T-01Z-00-DX1,,Hypoxia,1236,0.8228155339805825
TCGA-KU-A66T-01Z-00-DX1,TCGA-KU-A66T-01Z-00-DX1,,JAK-STAT,1236,0.11165048543689321
TCGA-KU-A66T-01Z-00-DX1,TCGA-KU-A66T-01Z-00-DX1,,MAPK,1236,0.580906148867314
TCGA-KU-A66T-01Z-00-DX1,TCGA-KU-A66T-01Z-00-DX1,,NFkB,1236,0.14320388349514562
TCGA-KU-A66T-01Z-00-DX1,TCGA-KU-A66T-01Z-00-DX1,,PI3K,1236,0.4021035598705502
TCGA-KU-A66T-01Z-00-DX1,TCGA-KU-A66T-01Z-00-DX1,,TGFb,1236,0.003236245954692557
TCGA-KU-A66T-01Z-00-DX1,TCGA-KU-A66T-01Z-00-DX1,,TNFa,1236,0.15048543689320387
TCGA-KU-A66T-01Z-00-DX1,TCGA-KU-A66T-01Z-00-DX1,,Trail,1236,0.14805825242718446
TCGA-KU-A66T-01Z-00-DX1,TCGA-KU-A66T-01Z-00-DX1,,VEGF,1236,0.5008090614886731
TCGA-KU-A66T-01Z-00-DX1,TCGA-KU-A66T-01Z-00-DX1,,WNT,1236,0.1076051779935275
TCGA-KU-A66T-01Z-00-DX1,TCGA-KU-A66T-01Z-00-DX1,,p53,1236,0.1553398058252427
TCGA-KU-A6H8-01Z-00-DX1,TCGA-KU-A6H8-01Z-00-DX1,,Androgen,967,0.2450879007238883
TCGA-KU-A6H8-01Z-00-DX1,TCGA-KU-A6H8-01Z-00-DX1,,EGFR,967,0.19855222337125128
TCGA-KU-A6H8-01Z-00-DX1,TCGA-KU-A6H8-01Z-00-DX1,,Estrogen,967,0.32574974146845914
TCGA-KU-A6H8-01Z-00-DX1,TCGA-KU-A6H8-01Z-00-DX1,,Hypoxia,967,0.39193381592554294
TCGA-KU-A6H8-01Z-00-DX1,TCGA-KU-A6H8-01Z-00-DX1,,JAK-STAT,967,0.6763185108583247
TCGA-KU-A6H8-01Z-00-DX1,TCGA-KU-A6H8-01Z-00-DX1,,MAPK,967,0.34332988624612204
TCGA-KU-A6H8-01Z-00-DX1,TCGA-KU-A6H8-01Z-00-DX1,,NFkB,967,0.2109617373319545
TCGA-KU-A6H8-01Z-00-DX1,TCGA-KU-A6H8-01Z-00-DX1,,PI3K,967,0.47156153050672184
TCGA-KU-A6H8-01Z-00-DX1,TCGA-KU-A6H8-01Z-00-DX1,,TGFb,967,0.03412616339193381
TCGA-KU-A6H8-01Z-00-DX1,TCGA-KU-A6H8-01Z-00-DX1,,TNFa,967,0.3815925542916236
TCGA-KU-A6H8-01Z-00-DX1,TCGA-KU-A6H8-01Z-00-DX1,,Trail,967,0.6432264736297828
TCGA-KU-A6H8-01Z-00-DX1,TCGA-KU-A6H8-01Z-00-DX1,,VEGF,967,0.7383660806618407
TCGA-KU-A6H8-01Z-00-DX1,TCGA-KU-A6H8-01Z-00-DX1,,WNT,967,0.13547052740434332
TCGA-KU-A6H8-01Z-00-DX1,TCGA-KU-A6H8-01Z-00-DX1,,p53,967,0.26163391933815927
TCGA-MT-A51W-01Z-00-DX1,TCGA-MT-A51W-01Z-00-DX1,,Androgen,1728,0.25289351851851855
TCGA-MT-A51W-01Z-00-DX1,TCGA-MT-A51W-01Z-00-DX1,,EGFR,1728,0.6880787037037037
TCGA-MT-A51W-01Z-00-DX1,TCGA-MT-A51W-01Z-00-DX1,,Estrogen,1728,0.34085648148148145
TCGA-MT-A51W-01Z-00-DX1,TCGA-MT-A51W-01Z-00-DX1,,Hypoxia,1728,0.5057870370370371
TCGA-MT-A51W-01Z-00-DX1,TCGA-MT-A51W-01Z-00-DX1,,JAK-STAT,1728,0.7025462962962963
TCGA-MT-A51W-01Z-00-DX1,TCGA-MT-A51W-01Z-00-DX1,,MAPK,1728,0.984375
TCGA-MT-A51W-01Z-00-DX1,TCGA-MT-A51W-01Z-00-DX1,,NFkB,1728,0.1909722222222222
TCGA-MT-A51W-01Z-00-DX1,TCGA-MT-A51W-01Z-00-DX1,,PI3K,1728,0.02025462962962963
TCGA-MT-A51W-01Z-00-DX1,TCGA-MT-A51W-01Z-00-DX1,,TGFb,1728,0.11053240740740741
TCGA-MT-A51W-01Z-00-DX1,TCGA-MT-A51W-01Z-00-DX1,,TNFa,1728,0.6464120370370371
TCGA-MT-A51W-01Z-00-DX1,TCGA-MT-A51W-01Z-00-DX1,,Trail,1728,0.2309027777777778
TCGA-MT-A51W-01Z-00-DX1,TCGA-MT-A51W-01Z-00-DX1,,VEGF,1728,0.6724537037037037
TCGA-MT-A51W-01Z-00-DX1,TCGA-MT-A51W-01Z-00-DX1,,WNT,1728,0.4363425925925926
TCGA-MT-A51W-01Z-00-DX1,TCGA-MT-A51W-01Z-00-DX1,,p53,1728,0.4635416666666667
TCGA-MT-A51X-01Z-00-DX1,TCGA-MT-A51X-01Z-00-DX1,,VEGF,0,0.0
TCGA-MT-A51X-01Z-00-DX1,TCGA-MT-A51X-01Z-00-DX1,,TNFa,0,0.0
TCGA-MT-A51X-01Z-00-DX1,TCGA-MT-A51X-01Z-00-DX1,,JAK-STAT,0,0.0
TCGA-MT-A51X-01Z-00-DX1,TCGA-MT-A51X-01Z-00-DX1,,EGFR,0,0.0
TCGA-MT-A51X-01Z-00-DX1,TCGA-MT-A51X-01Z-00-DX1,,Estrogen,0,0.0
TCGA-MT-A51X-01Z-00-DX1,TCGA-MT-A51X-01Z-00-DX1,,MAPK,0,0.0
TCGA-MT-A51X-01Z-00-DX1,TCGA-MT-A51X-01Z-00-DX1,,Trail,0,0.0
TCGA-MT-A51X-01Z-00-DX1,TCGA-MT-A51X-01Z-00-DX1,,WNT,0,0.0
TCGA-MT-A51X-01Z-00-DX1,TCGA-MT-A51X-01Z-00-DX1,,Hypoxia,0,0.0
TCGA-MT-A51X-01Z-00-DX1,TCGA-MT-A51X-01Z-00-DX1,,p53,0,0.0
TCGA-MT-A51X-01Z-00-DX1,TCGA-MT-A51X-01Z-00-DX1,,PI3K,0,0.0
TCGA-MT-A51X-01Z-00-DX1,TCGA-MT-A51X-01Z-00-DX1,,Androgen,0,0.0
TCGA-MT-A51X-01Z-00-DX1,TCGA-MT-A51X-01Z-00-DX1,,NFkB,0,0.0
TCGA-MT-A51X-01Z-00-DX1,TCGA-MT-A51X-01Z-00-DX1,,TGFb,0,0.0
TCGA-MT-A67A-01Z-00-DX1,TCGA-MT-A67A-01Z-00-DX1,,Androgen,2219,0.5948625506985128
TCGA-MT-A67A-01Z-00-DX1,TCGA-MT-A67A-01Z-00-DX1,,EGFR,2219,0.5493465525011266
TCGA-MT-A67A-01Z-00-DX1,TCGA-MT-A67A-01Z-00-DX1,,Estrogen,2219,0.4267688147814331
TCGA-MT-A67A-01Z-00-DX1,TCGA-MT-A67A-01Z-00-DX1,,Hypoxia,2219,0.19197836863452006
TCGA-MT-A67A-01Z-00-DX1,TCGA-MT-A67A-01Z-00-DX1,,JAK-STAT,2219,0.6074808472284813
TCGA-MT-A67A-01Z-00-DX1,TCGA-MT-A67A-01Z-00-DX1,,MAPK,2219,0.6133393420459666
TCGA-MT-A67A-01Z-00-DX1,TCGA-MT-A67A-01Z-00-DX1,,NFkB,2219,0.19423163587201442
TCGA-MT-A67A-01Z-00-DX1,TCGA-MT-A67A-01Z-00-DX1,,PI3K,2219,0.4240648940964398
TCGA-MT-A67A-01Z-00-DX1,TCGA-MT-A67A-01Z-00-DX1,,TGFb,2219,0.5903560162235241
TCGA-MT-A67A-01Z-00-DX1,TCGA-MT-A67A-01Z-00-DX1,,TNFa,2219,0.28796755295178006
TCGA-MT-A67A-01Z-00-DX1,TCGA-MT-A67A-01Z-00-DX1,,Trail,2219,0.41775574583145564
TCGA-MT-A67A-01Z-00-DX1,TCGA-MT-A67A-01Z-00-DX1,,VEGF,2219,0.6998648039657503
TCGA-MT-A67A-01Z-00-DX1,TCGA-MT-A67A-01Z-00-DX1,,WNT,2219,0.2199188823794502
TCGA-MT-A67A-01Z-00-DX1,TCGA-MT-A67A-01Z-00-DX1,,p53,2219,0.18206399278954483
TCGA-MT-A67D-01Z-00-DX1,TCGA-MT-A67D-01Z-00-DX1,,VEGF,0,0.0
TCGA-MT-A67D-01Z-00-DX1,TCGA-MT-A67D-01Z-00-DX1,,TNFa,0,0.0
TCGA-MT-A67D-01Z-00-DX1,TCGA-MT-A67D-01Z-00-DX1,,JAK-STAT,0,0.0
TCGA-MT-A67D-01Z-00-DX1,TCGA-MT-A67D-01Z-00-DX1,,EGFR,0,0.0
TCGA-MT-A67D-01Z-00-DX1,TCGA-MT-A67D-01Z-00-DX1,,Estrogen,0,0.0
TCGA-MT-A67D-01Z-00-DX1,TCGA-MT-A67D-01Z-00-DX1,,MAPK,0,0.0
TCGA-MT-A67D-01Z-00-DX1,TCGA-MT-A67D-01Z-00-DX1,,Trail,0,0.0
TCGA-MT-A67D-01Z-00-DX1,TCGA-MT-A67D-01Z-00-DX1,,WNT,0,0.0
TCGA-MT-A67D-01Z-00-DX1,TCGA-MT-A67D-01Z-00-DX1,,Hypoxia,0,0.0
TCGA-MT-A67D-01Z-00-DX1,TCGA-MT-A67D-01Z-00-DX1,,p53,0,0.0
TCGA-MT-A67D-01Z-00-DX1,TCGA-MT-A67D-01Z-00-DX1,,PI3K,0,0.0
TCGA-MT-A67D-01Z-00-DX1,TCGA-MT-A67D-01Z-00-DX1,,Androgen,0,0.0
TCGA-MT-A67D-01Z-00-DX1,TCGA-MT-A67D-01Z-00-DX1,,NFkB,0,0.0
TCGA-MT-A67D-01Z-00-DX1,TCGA-MT-A67D-01Z-00-DX1,,TGFb,0,0.0
TCGA-MT-A67F-01Z-00-DX1,TCGA-MT-A67F-01Z-00-DX1,,VEGF,0,0.0
TCGA-MT-A67F-01Z-00-DX1,TCGA-MT-A67F-01Z-00-DX1,,TNFa,0,0.0
TCGA-MT-A67F-01Z-00-DX1,TCGA-MT-A67F-01Z-00-DX1,,JAK-STAT,0,0.0
TCGA-MT-A67F-01Z-00-DX1,TCGA-MT-A67F-01Z-00-DX1,,EGFR,0,0.0
TCGA-MT-A67F-01Z-00-DX1,TCGA-MT-A67F-01Z-00-DX1,,Estrogen,0,0.0
TCGA-MT-A67F-01Z-00-DX1,TCGA-MT-A67F-01Z-00-DX1,,MAPK,0,0.0
TCGA-MT-A67F-01Z-00-DX1,TCGA-MT-A67F-01Z-00-DX1,,Trail,0,0.0
TCGA-MT-A67F-01Z-00-DX1,TCGA-MT-A67F-01Z-00-DX1,,WNT,0,0.0
TCGA-MT-A67F-01Z-00-DX1,TCGA-MT-A67F-01Z-00-DX1,,Hypoxia,0,0.0
TCGA-MT-A67F-01Z-00-DX1,TCGA-MT-A67F-01Z-00-DX1,,p53,0,0.0
TCGA-MT-A67F-01Z-00-DX1,TCGA-MT-A67F-01Z-00-DX1,,PI3K,0,0.0
TCGA-MT-A67F-01Z-00-DX1,TCGA-MT-A67F-01Z-00-DX1,,Androgen,0,0.0
TCGA-MT-A67F-01Z-00-DX1,TCGA-MT-A67F-01Z-00-DX1,,NFkB,0,0.0
TCGA-MT-A67F-01Z-00-DX1,TCGA-MT-A67F-01Z-00-DX1,,TGFb,0,0.0
TCGA-MT-A7BN-01Z-00-DX1,TCGA-MT-A7BN-01Z-00-DX1,,Androgen,226,0.8008849557522124
TCGA-MT-A7BN-01Z-00-DX1,TCGA-MT-A7BN-01Z-00-DX1,,EGFR,226,0.3230088495575221
TCGA-MT-A7BN-01Z-00-DX1,TCGA-MT-A7BN-01Z-00-DX1,,Estrogen,226,0.9646017699115044
TCGA-MT-A7BN-01Z-00-DX1,TCGA-MT-A7BN-01Z-00-DX1,,Hypoxia,226,0.8716814159292036
TCGA-MT-A7BN-01Z-00-DX1,TCGA-MT-A7BN-01Z-00-DX1,,JAK-STAT,226,0.11061946902654868
TCGA-MT-A7BN-01Z-00-DX1,TCGA-MT-A7BN-01Z-00-DX1,,MAPK,226,0.030973451327433628
TCGA-MT-A7BN-01Z-00-DX1,TCGA-MT-A7BN-01Z-00-DX1,,NFkB,226,0.084070796460177
TCGA-MT-A7BN-01Z-00-DX1,TCGA-MT-A7BN-01Z-00-DX1,,PI3K,226,0.03982300884955752
TCGA-MT-A7BN-01Z-00-DX1,TCGA-MT-A7BN-01Z-00-DX1,,TGFb,226,0.7433628318584071
TCGA-MT-A7BN-01Z-00-DX1,TCGA-MT-A7BN-01Z-00-DX1,,TNFa,226,0.061946902654867256
TCGA-MT-A7BN-01Z-00-DX1,TCGA-MT-A7BN-01Z-00-DX1,,Trail,226,0.8362831858407079
TCGA-MT-A7BN-01Z-00-DX1,TCGA-MT-A7BN-01Z-00-DX1,,VEGF,226,0.0
TCGA-MT-A7BN-01Z-00-DX1,TCGA-MT-A7BN-01Z-00-DX1,,WNT,226,0.004424778761061947
TCGA-MT-A7BN-01Z-00-DX1,TCGA-MT-A7BN-01Z-00-DX1,,p53,226,0.12389380530973451
TCGA-MZ-A7D7-01Z-00-DX1,TCGA-MZ-A7D7-01Z-00-DX1,,VEGF,0,0.0
TCGA-MZ-A7D7-01Z-00-DX1,TCGA-MZ-A7D7-01Z-00-DX1,,TNFa,0,0.0
TCGA-MZ-A7D7-01Z-00-DX1,TCGA-MZ-A7D7-01Z-00-DX1,,JAK-STAT,0,0.0
TCGA-MZ-A7D7-01Z-00-DX1,TCGA-MZ-A7D7-01Z-00-DX1,,EGFR,0,0.0
TCGA-MZ-A7D7-01Z-00-DX1,TCGA-MZ-A7D7-01Z-00-DX1,,Estrogen,0,0.0
TCGA-MZ-A7D7-01Z-00-DX1,TCGA-MZ-A7D7-01Z-00-DX1,,MAPK,0,0.0
TCGA-MZ-A7D7-01Z-00-DX1,TCGA-MZ-A7D7-01Z-00-DX1,,Trail,0,0.0
TCGA-MZ-A7D7-01Z-00-DX1,TCGA-MZ-A7D7-01Z-00-DX1,,WNT,0,0.0
TCGA-MZ-A7D7-01Z-00-DX1,TCGA-MZ-A7D7-01Z-00-DX1,,Hypoxia,0,0.0
TCGA-MZ-A7D7-01Z-00-DX1,TCGA-MZ-A7D7-01Z-00-DX1,,p53,0,0.0
TCGA-MZ-A7D7-01Z-00-DX1,TCGA-MZ-A7D7-01Z-00-DX1,,PI3K,0,0.0
TCGA-MZ-A7D7-01Z-00-DX1,TCGA-MZ-A7D7-01Z-00-DX1,,Androgen,0,0.0
TCGA-MZ-A7D7-01Z-00-DX1,TCGA-MZ-A7D7-01Z-00-DX1,,NFkB,0,0.0
TCGA-MZ-A7D7-01Z-00-DX1,TCGA-MZ-A7D7-01Z-00-DX1,,TGFb,0,0.0
TCGA-P3-A5Q6-01Z-00-DX1,TCGA-P3-A5Q6-01Z-00-DX1,,Androgen,2220,0.35945945945945945
TCGA-P3-A5Q6-01Z-00-DX1,TCGA-P3-A5Q6-01Z-00-DX1,,EGFR,2220,0.6094594594594595
TCGA-P3-A5Q6-01Z-00-DX1,TCGA-P3-A5Q6-01Z-00-DX1,,Estrogen,2220,0.9887387387387387
TCGA-P3-A5Q6-01Z-00-DX1,TCGA-P3-A5Q6-01Z-00-DX1,,Hypoxia,2220,0.863063063063063
TCGA-P3-A5Q6-01Z-00-DX1,TCGA-P3-A5Q6-01Z-00-DX1,,JAK-STAT,2220,0.5617117117117117
TCGA-P3-A5Q6-01Z-00-DX1,TCGA-P3-A5Q6-01Z-00-DX1,,MAPK,2220,0.3810810810810811
TCGA-P3-A5Q6-01Z-00-DX1,TCGA-P3-A5Q6-01Z-00-DX1,,NFkB,2220,0.0936936936936937
TCGA-P3-A5Q6-01Z-00-DX1,TCGA-P3-A5Q6-01Z-00-DX1,,PI3K,2220,0.2855855855855856
TCGA-P3-A5Q6-01Z-00-DX1,TCGA-P3-A5Q6-01Z-00-DX1,,TGFb,2220,0.4837837837837838
TCGA-P3-A5Q6-01Z-00-DX1,TCGA-P3-A5Q6-01Z-00-DX1,,TNFa,2220,0.7936936936936937
TCGA-P3-A5Q6-01Z-00-DX1,TCGA-P3-A5Q6-01Z-00-DX1,,Trail,2220,0.4927927927927928
TCGA-P3-A5Q6-01Z-00-DX1,TCGA-P3-A5Q6-01Z-00-DX1,,VEGF,2220,0.3995495495495496
TCGA-P3-A5Q6-01Z-00-DX1,TCGA-P3-A5Q6-01Z-00-DX1,,WNT,2220,0.1810810810810811
TCGA-P3-A5Q6-01Z-00-DX1,TCGA-P3-A5Q6-01Z-00-DX1,,p53,2220,0.14504504504504503
TCGA-P3-A5QA-01Z-00-DX1,TCGA-P3-A5QA-01Z-00-DX1,,Androgen,1177,0.49872557349192864
TCGA-P3-A5QA-01Z-00-DX1,TCGA-P3-A5QA-01Z-00-DX1,,EGFR,1177,0.7213254035683943
TCGA-P3-A5QA-01Z-00-DX1,TCGA-P3-A5QA-01Z-00-DX1,,Estrogen,1177,0.6295666949872557
TCGA-P3-A5QA-01Z-00-DX1,TCGA-P3-A5QA-01Z-00-DX1,,Hypoxia,1177,0.4613423959218352
TCGA-P3-A5QA-01Z-00-DX1,TCGA-P3-A5QA-01Z-00-DX1,,JAK-STAT,1177,0.7816482582837723
TCGA-P3-A5QA-01Z-00-DX1,TCGA-P3-A5QA-01Z-00-DX1,,MAPK,1177,0.6992353440951572
TCGA-P3-A5QA-01Z-00-DX1,TCGA-P3-A5QA-01Z-00-DX1,,NFkB,1177,0.30756159728122345
TCGA-P3-A5QA-01Z-00-DX1,TCGA-P3-A5QA-01Z-00-DX1,,PI3K,1177,0.0008496176720475786
TCGA-P3-A5QA-01Z-00-DX1,TCGA-P3-A5QA-01Z-00-DX1,,TGFb,1177,0.3882752761257434
TCGA-P3-A5QA-01Z-00-DX1,TCGA-P3-A5QA-01Z-00-DX1,,TNFa,1177,0.6966864910790145
TCGA-P3-A5QA-01Z-00-DX1,TCGA-P3-A5QA-01Z-00-DX1,,Trail,1177,0.35514018691588783
TCGA-P3-A5QA-01Z-00-DX1,TCGA-P3-A5QA-01Z-00-DX1,,VEGF,1177,0.7145284621920136
TCGA-P3-A5QA-01Z-00-DX1,TCGA-P3-A5QA-01Z-00-DX1,,WNT,1177,0.4791843670348343
TCGA-P3-A5QA-01Z-00-DX1,TCGA-P3-A5QA-01Z-00-DX1,,p53,1177,0.10110450297366186
TCGA-P3-A6SX-01Z-00-DX1,TCGA-P3-A6SX-01Z-00-DX1,,Androgen,1956,0.15388548057259713
TCGA-P3-A6SX-01Z-00-DX1,TCGA-P3-A6SX-01Z-00-DX1,,EGFR,1956,0.8573619631901841
TCGA-P3-A6SX-01Z-00-DX1,TCGA-P3-A6SX-01Z-00-DX1,,Estrogen,1956,0.233640081799591
TCGA-P3-A6SX-01Z-00-DX1,TCGA-P3-A6SX-01Z-00-DX1,,Hypoxia,1956,0.4452965235173824
TCGA-P3-A6SX-01Z-00-DX1,TCGA-P3-A6SX-01Z-00-DX1,,JAK-STAT,1956,0.1467280163599182
TCGA-P3-A6SX-01Z-00-DX1,TCGA-P3-A6SX-01Z-00-DX1,,MAPK,1956,0.7044989775051125
TCGA-P3-A6SX-01Z-00-DX1,TCGA-P3-A6SX-01Z-00-DX1,,NFkB,1956,0.4657464212678937
TCGA-P3-A6SX-01Z-00-DX1,TCGA-P3-A6SX-01Z-00-DX1,,PI3K,1956,0.2985685071574642
TCGA-P3-A6SX-01Z-00-DX1,TCGA-P3-A6SX-01Z-00-DX1,,TGFb,1956,0.16922290388548059
TCGA-P3-A6SX-01Z-00-DX1,TCGA-P3-A6SX-01Z-00-DX1,,TNFa,1956,0.630879345603272
TCGA-P3-A6SX-01Z-00-DX1,TCGA-P3-A6SX-01Z-00-DX1,,Trail,1956,0.18404907975460122
TCGA-P3-A6SX-01Z-00-DX1,TCGA-P3-A6SX-01Z-00-DX1,,VEGF,1956,0.21523517382413088
TCGA-P3-A6SX-01Z-00-DX1,TCGA-P3-A6SX-01Z-00-DX1,,WNT,1956,0.10531697341513292
TCGA-P3-A6SX-01Z-00-DX1,TCGA-P3-A6SX-01Z-00-DX1,,p53,1956,0.08946830265848671
TCGA-P3-A6T0-01Z-00-DX1,TCGA-P3-A6T0-01Z-00-DX1,,Androgen,3737,0.42386941396842387
TCGA-P3-A6T0-01Z-00-DX1,TCGA-P3-A6T0-01Z-00-DX1,,EGFR,3737,0.7661225582017661
TCGA-P3-A6T0-01Z-00-DX1,TCGA-P3-A6T0-01Z-00-DX1,,Estrogen,3737,0.3053251271073053
TCGA-P3-A6T0-01Z-00-DX1,TCGA-P3-A6T0-01Z-00-DX1,,Hypoxia,3737,0.5421461065025421
TCGA-P3-A6T0-01Z-00-DX1,TCGA-P3-A6T0-01Z-00-DX1,,JAK-STAT,3737,0.2997056462402997
TCGA-P3-A6T0-01Z-00-DX1,TCGA-P3-A6T0-01Z-00-DX1,,MAPK,3737,0.8105432164838106
TCGA-P3-A6T0-01Z-00-DX1,TCGA-P3-A6T0-01Z-00-DX1,,NFkB,3737,0.3706181428953706
TCGA-P3-A6T0-01Z-00-DX1,TCGA-P3-A6T0-01Z-00-DX1,,PI3K,3737,0.3925608777093926
TCGA-P3-A6T0-01Z-00-DX1,TCGA-P3-A6T0-01Z-00-DX1,,TGFb,3737,0.21782178217821782
TCGA-P3-A6T0-01Z-00-DX1,TCGA-P3-A6T0-01Z-00-DX1,,TNFa,3737,0.8113459994648113
TCGA-P3-A6T0-01Z-00-DX1,TCGA-P3-A6T0-01Z-00-DX1,,Trail,3737,0.11131924003211131
TCGA-P3-A6T0-01Z-00-DX1,TCGA-P3-A6T0-01Z-00-DX1,,VEGF,3737,0.5295691731335296
TCGA-P3-A6T0-01Z-00-DX1,TCGA-P3-A6T0-01Z-00-DX1,,WNT,3737,0.3757024351083757
TCGA-P3-A6T0-01Z-00-DX1,TCGA-P3-A6T0-01Z-00-DX1,,p53,3737,0.1691196146641691
TCGA-P3-A6T2-01Z-00-DX1,TCGA-P3-A6T2-01Z-00-DX1,,Androgen,199,0.20603015075376885
TCGA-P3-A6T2-01Z-00-DX1,TCGA-P3-A6T2-01Z-00-DX1,,EGFR,199,0.9547738693467337
TCGA-P3-A6T2-01Z-00-DX1,TCGA-P3-A6T2-01Z-00-DX1,,Estrogen,199,0.3065326633165829
TCGA-P3-A6T2-01Z-00-DX1,TCGA-P3-A6T2-01Z-00-DX1,,Hypoxia,199,0.7386934673366834
TCGA-P3-A6T2-01Z-00-DX1,TCGA-P3-A6T2-01Z-00-DX1,,JAK-STAT,199,0.6984924623115578
TCGA-P3-A6T2-01Z-00-DX1,TCGA-P3-A6T2-01Z-00-DX1,,MAPK,199,0.9899497487437185
TCGA-P3-A6T2-01Z-00-DX1,TCGA-P3-A6T2-01Z-00-DX1,,NFkB,199,0.24623115577889448
TCGA-P3-A6T2-01Z-00-DX1,TCGA-P3-A6T2-01Z-00-DX1,,PI3K,199,0.0
TCGA-P3-A6T2-01Z-00-DX1,TCGA-P3-A6T2-01Z-00-DX1,,TGFb,199,0.12060301507537688
TCGA-P3-A6T2-01Z-00-DX1,TCGA-P3-A6T2-01Z-00-DX1,,TNFa,199,0.7688442211055276
TCGA-P3-A6T2-01Z-00-DX1,TCGA-P3-A6T2-01Z-00-DX1,,Trail,199,0.01507537688442211
TCGA-P3-A6T2-01Z-00-DX1,TCGA-P3-A6T2-01Z-00-DX1,,VEGF,199,0.8391959798994975
TCGA-P3-A6T2-01Z-00-DX1,TCGA-P3-A6T2-01Z-00-DX1,,WNT,199,0.3316582914572864
TCGA-P3-A6T2-01Z-00-DX1,TCGA-P3-A6T2-01Z-00-DX1,,p53,199,0.23618090452261306
TCGA-P3-A6T3-01Z-00-DX1,TCGA-P3-A6T3-01Z-00-DX1,,Androgen,2196,0.3492714025500911
TCGA-P3-A6T3-01Z-00-DX1,TCGA-P3-A6T3-01Z-00-DX1,,EGFR,2196,0.44899817850637525
TCGA-P3-A6T3-01Z-00-DX1,TCGA-P3-A6T3-01Z-00-DX1,,Estrogen,2196,0.924863387978142
TCGA-P3-A6T3-01Z-00-DX1,TCGA-P3-A6T3-01Z-00-DX1,,Hypoxia,2196,0.8283242258652095
TCGA-P3-A6T3-01Z-00-DX1,TCGA-P3-A6T3-01Z-00-DX1,,JAK-STAT,2196,0.7654826958105647
TCGA-P3-A6T3-01Z-00-DX1,TCGA-P3-A6T3-01Z-00-DX1,,MAPK,2196,0.3829690346083789
TCGA-P3-A6T3-01Z-00-DX1,TCGA-P3-A6T3-01Z-00-DX1,,NFkB,2196,0.12112932604735883
TCGA-P3-A6T3-01Z-00-DX1,TCGA-P3-A6T3-01Z-00-DX1,,PI3K,2196,0.6083788706739527
TCGA-P3-A6T3-01Z-00-DX1,TCGA-P3-A6T3-01Z-00-DX1,,TGFb,2196,0.3274134790528233
TCGA-P3-A6T3-01Z-00-DX1,TCGA-P3-A6T3-01Z-00-DX1,,TNFa,2196,0.6256830601092896
TCGA-P3-A6T3-01Z-00-DX1,TCGA-P3-A6T3-01Z-00-DX1,,Trail,2196,0.3442622950819672
TCGA-P3-A6T3-01Z-00-DX1,TCGA-P3-A6T3-01Z-00-DX1,,VEGF,2196,0.7577413479052824
TCGA-P3-A6T3-01Z-00-DX1,TCGA-P3-A6T3-01Z-00-DX1,,WNT,2196,0.32012750455373407
TCGA-P3-A6T3-01Z-00-DX1,TCGA-P3-A6T3-01Z-00-DX1,,p53,2196,0.23861566484517305
TCGA-P3-A6T4-01Z-00-DX1,TCGA-P3-A6T4-01Z-00-DX1,,Androgen,88,0.9772727272727273
TCGA-P3-A6T4-01Z-00-DX1,TCGA-P3-A6T4-01Z-00-DX1,,EGFR,88,0.6818181818181818
TCGA-P3-A6T4-01Z-00-DX1,TCGA-P3-A6T4-01Z-00-DX1,,Estrogen,88,0.9204545454545454
TCGA-P3-A6T4-01Z-00-DX1,TCGA-P3-A6T4-01Z-00-DX1,,Hypoxia,88,0.8977272727272727
TCGA-P3-A6T4-01Z-00-DX1,TCGA-P3-A6T4-01Z-00-DX1,,JAK-STAT,88,0.5454545454545454
TCGA-P3-A6T4-01Z-00-DX1,TCGA-P3-A6T4-01Z-00-DX1,,MAPK,88,0.7386363636363636
TCGA-P3-A6T4-01Z-00-DX1,TCGA-P3-A6T4-01Z-00-DX1,,NFkB,88,0.6818181818181818
TCGA-P3-A6T4-01Z-00-DX1,TCGA-P3-A6T4-01Z-00-DX1,,PI3K,88,0.11363636363636363
TCGA-P3-A6T4-01Z-00-DX1,TCGA-P3-A6T4-01Z-00-DX1,,TGFb,88,0.14772727272727273
TCGA-P3-A6T4-01Z-00-DX1,TCGA-P3-A6T4-01Z-00-DX1,,TNFa,88,0.9772727272727273
TCGA-P3-A6T4-01Z-00-DX1,TCGA-P3-A6T4-01Z-00-DX1,,Trail,88,0.4772727272727273
TCGA-P3-A6T4-01Z-00-DX1,TCGA-P3-A6T4-01Z-00-DX1,,VEGF,88,0.5340909090909091
TCGA-P3-A6T4-01Z-00-DX1,TCGA-P3-A6T4-01Z-00-DX1,,WNT,88,0.75
TCGA-P3-A6T4-01Z-00-DX1,TCGA-P3-A6T4-01Z-00-DX1,,p53,88,0.022727272727272728
TCGA-P3-A6T5-01Z-00-DX1,TCGA-P3-A6T5-01Z-00-DX1,,Androgen,2144,0.3969216417910448
TCGA-P3-A6T5-01Z-00-DX1,TCGA-P3-A6T5-01Z-00-DX1,,EGFR,2144,0.8208955223880597
TCGA-P3-A6T5-01Z-00-DX1,TCGA-P3-A6T5-01Z-00-DX1,,Estrogen,2144,0.31902985074626866
TCGA-P3-A6T5-01Z-00-DX1,TCGA-P3-A6T5-01Z-00-DX1,,Hypoxia,2144,0.7751865671641791
TCGA-P3-A6T5-01Z-00-DX1,TCGA-P3-A6T5-01Z-00-DX1,,JAK-STAT,2144,0.5027985074626866
TCGA-P3-A6T5-01Z-00-DX1,TCGA-P3-A6T5-01Z-00-DX1,,MAPK,2144,0.832089552238806
TCGA-P3-A6T5-01Z-00-DX1,TCGA-P3-A6T5-01Z-00-DX1,,NFkB,2144,0.24860074626865672
TCGA-P3-A6T5-01Z-00-DX1,TCGA-P3-A6T5-01Z-00-DX1,,PI3K,2144,0.34701492537313433
TCGA-P3-A6T5-01Z-00-DX1,TCGA-P3-A6T5-01Z-00-DX1,,TGFb,2144,0.24113805970149255
TCGA-P3-A6T5-01Z-00-DX1,TCGA-P3-A6T5-01Z-00-DX1,,TNFa,2144,0.5139925373134329
TCGA-P3-A6T5-01Z-00-DX1,TCGA-P3-A6T5-01Z-00-DX1,,Trail,2144,0.17257462686567165
TCGA-P3-A6T5-01Z-00-DX1,TCGA-P3-A6T5-01Z-00-DX1,,VEGF,2144,0.5307835820895522
TCGA-P3-A6T5-01Z-00-DX1,TCGA-P3-A6T5-01Z-00-DX1,,WNT,2144,0.59375
TCGA-P3-A6T5-01Z-00-DX1,TCGA-P3-A6T5-01Z-00-DX1,,p53,2144,0.06343283582089553
TCGA-P3-A6T7-01Z-00-DX1,TCGA-P3-A6T7-01Z-00-DX1,,Androgen,1754,0.18415051311288483
TCGA-P3-A6T7-01Z-00-DX1,TCGA-P3-A6T7-01Z-00-DX1,,EGFR,1754,0.6305587229190421
TCGA-P3-A6T7-01Z-00-DX1,TCGA-P3-A6T7-01Z-00-DX1,,Estrogen,1754,0.8990877993158495
TCGA-P3-A6T7-01Z-00-DX1,TCGA-P3-A6T7-01Z-00-DX1,,Hypoxia,1754,0.3261117445838084
TCGA-P3-A6T7-01Z-00-DX1,TCGA-P3-A6T7-01Z-00-DX1,,JAK-STAT,1754,0.6887115165336374
TCGA-P3-A6T7-01Z-00-DX1,TCGA-P3-A6T7-01Z-00-DX1,,MAPK,1754,0.2006841505131129
TCGA-P3-A6T7-01Z-00-DX1,TCGA-P3-A6T7-01Z-00-DX1,,NFkB,1754,0.2411630558722919
TCGA-P3-A6T7-01Z-00-DX1,TCGA-P3-A6T7-01Z-00-DX1,,PI3K,1754,0.6584948688711516
TCGA-P3-A6T7-01Z-00-DX1,TCGA-P3-A6T7-01Z-00-DX1,,TGFb,1754,0.14880273660205245
TCGA-P3-A6T7-01Z-00-DX1,TCGA-P3-A6T7-01Z-00-DX1,,TNFa,1754,0.6351197263397947
TCGA-P3-A6T7-01Z-00-DX1,TCGA-P3-A6T7-01Z-00-DX1,,Trail,1754,0.557012542759407
TCGA-P3-A6T7-01Z-00-DX1,TCGA-P3-A6T7-01Z-00-DX1,,VEGF,1754,0.5832383124287344
TCGA-P3-A6T7-01Z-00-DX1,TCGA-P3-A6T7-01Z-00-DX1,,WNT,1754,0.5957810718358039
TCGA-P3-A6T7-01Z-00-DX1,TCGA-P3-A6T7-01Z-00-DX1,,p53,1754,0.6550741163055872
TCGA-P3-A6T8-01Z-00-DX1,TCGA-P3-A6T8-01Z-00-DX1,,Androgen,592,0.5422297297297297
TCGA-P3-A6T8-01Z-00-DX1,TCGA-P3-A6T8-01Z-00-DX1,,EGFR,592,0.6503378378378378
TCGA-P3-A6T8-01Z-00-DX1,TCGA-P3-A6T8-01Z-00-DX1,,Estrogen,592,0.34966216216216217
TCGA-P3-A6T8-01Z-00-DX1,TCGA-P3-A6T8-01Z-00-DX1,,Hypoxia,592,0.5320945945945946
TCGA-P3-A6T8-01Z-00-DX1,TCGA-P3-A6T8-01Z-00-DX1,,JAK-STAT,592,0.5929054054054054
TCGA-P3-A6T8-01Z-00-DX1,TCGA-P3-A6T8-01Z-00-DX1,,MAPK,592,0.8074324324324325
TCGA-P3-A6T8-01Z-00-DX1,TCGA-P3-A6T8-01Z-00-DX1,,NFkB,592,0.2685810810810811
TCGA-P3-A6T8-01Z-00-DX1,TCGA-P3-A6T8-01Z-00-DX1,,PI3K,592,0.015202702702702704
TCGA-P3-A6T8-01Z-00-DX1,TCGA-P3-A6T8-01Z-00-DX1,,TGFb,592,0.10135135135135136
TCGA-P3-A6T8-01Z-00-DX1,TCGA-P3-A6T8-01Z-00-DX1,,TNFa,592,0.5472972972972973
TCGA-P3-A6T8-01Z-00-DX1,TCGA-P3-A6T8-01Z-00-DX1,,Trail,592,0.2652027027027027
TCGA-P3-A6T8-01Z-00-DX1,TCGA-P3-A6T8-01Z-00-DX1,,VEGF,592,0.6858108108108109
TCGA-P3-A6T8-01Z-00-DX1,TCGA-P3-A6T8-01Z-00-DX1,,WNT,592,0.3530405405405405
TCGA-P3-A6T8-01Z-00-DX1,TCGA-P3-A6T8-01Z-00-DX1,,p53,592,0.16554054054054054
TCGA-QK-A64Z-01Z-00-DX1,TCGA-QK-A64Z-01Z-00-DX1,,Androgen,3135,0.12822966507177033
TCGA-QK-A64Z-01Z-00-DX1,TCGA-QK-A64Z-01Z-00-DX1,,EGFR,3135,0.2730462519936204
TCGA-QK-A64Z-01Z-00-DX1,TCGA-QK-A64Z-01Z-00-DX1,,Estrogen,3135,0.13779904306220095
TCGA-QK-A64Z-01Z-00-DX1,TCGA-QK-A64Z-01Z-00-DX1,,Hypoxia,3135,0.1671451355661882
TCGA-QK-A64Z-01Z-00-DX1,TCGA-QK-A64Z-01Z-00-DX1,,JAK-STAT,3135,0.8325358851674641
TCGA-QK-A64Z-01Z-00-DX1,TCGA-QK-A64Z-01Z-00-DX1,,MAPK,3135,0.6889952153110048
TCGA-QK-A64Z-01Z-00-DX1,TCGA-QK-A64Z-01Z-00-DX1,,NFkB,3135,0.37894736842105264
TCGA-QK-A64Z-01Z-00-DX1,TCGA-QK-A64Z-01Z-00-DX1,,PI3K,3135,0.001594896331738437
TCGA-QK-A64Z-01Z-00-DX1,TCGA-QK-A64Z-01Z-00-DX1,,TGFb,3135,0.1320574162679426
TCGA-QK-A64Z-01Z-00-DX1,TCGA-QK-A64Z-01Z-00-DX1,,TNFa,3135,0.625518341307815
TCGA-QK-A64Z-01Z-00-DX1,TCGA-QK-A64Z-01Z-00-DX1,,Trail,3135,0.08931419457735247
TCGA-QK-A64Z-01Z-00-DX1,TCGA-QK-A64Z-01Z-00-DX1,,VEGF,3135,0.6057416267942584
TCGA-QK-A64Z-01Z-00-DX1,TCGA-QK-A64Z-01Z-00-DX1,,WNT,3135,0.12727272727272726
TCGA-QK-A64Z-01Z-00-DX1,TCGA-QK-A64Z-01Z-00-DX1,,p53,3135,0.2934609250398724
TCGA-QK-A64Z-01Z-00-DX2,TCGA-QK-A64Z-01Z-00-DX2,,Androgen,295,0.19661016949152543
TCGA-QK-A64Z-01Z-00-DX2,TCGA-QK-A64Z-01Z-00-DX2,,EGFR,295,0.6677966101694915
TCGA-QK-A64Z-01Z-00-DX2,TCGA-QK-A64Z-01Z-00-DX2,,Estrogen,295,0.06440677966101695
TCGA-QK-A64Z-01Z-00-DX2,TCGA-QK-A64Z-01Z-00-DX2,,Hypoxia,295,0.5254237288135594
TCGA-QK-A64Z-01Z-00-DX2,TCGA-QK-A64Z-01Z-00-DX2,,JAK-STAT,295,0.43728813559322033
TCGA-QK-A64Z-01Z-00-DX2,TCGA-QK-A64Z-01Z-00-DX2,,MAPK,295,0.6949152542372882
TCGA-QK-A64Z-01Z-00-DX2,TCGA-QK-A64Z-01Z-00-DX2,,NFkB,295,0.16610169491525423
TCGA-QK-A64Z-01Z-00-DX2,TCGA-QK-A64Z-01Z-00-DX2,,PI3K,295,0.006779661016949152
TCGA-QK-A64Z-01Z-00-DX2,TCGA-QK-A64Z-01Z-00-DX2,,TGFb,295,0.29491525423728815
TCGA-QK-A64Z-01Z-00-DX2,TCGA-QK-A64Z-01Z-00-DX2,,TNFa,295,0.5966101694915255
TCGA-QK-A64Z-01Z-00-DX2,TCGA-QK-A64Z-01Z-00-DX2,,Trail,295,0.0711864406779661
TCGA-QK-A64Z-01Z-00-DX2,TCGA-QK-A64Z-01Z-00-DX2,,VEGF,295,0.7796610169491526
TCGA-QK-A64Z-01Z-00-DX2,TCGA-QK-A64Z-01Z-00-DX2,,WNT,295,0.23728813559322035
TCGA-QK-A64Z-01Z-00-DX2,TCGA-QK-A64Z-01Z-00-DX2,,p53,295,0.6508474576271186
TCGA-QK-A64Z-01Z-00-DX3,TCGA-QK-A64Z-01Z-00-DX3,,VEGF,0,0.0
TCGA-QK-A64Z-01Z-00-DX3,TCGA-QK-A64Z-01Z-00-DX3,,TNFa,0,0.0
TCGA-QK-A64Z-01Z-00-DX3,TCGA-QK-A64Z-01Z-00-DX3,,JAK-STAT,0,0.0
TCGA-QK-A64Z-01Z-00-DX3,TCGA-QK-A64Z-01Z-00-DX3,,EGFR,0,0.0
TCGA-QK-A64Z-01Z-00-DX3,TCGA-QK-A64Z-01Z-00-DX3,,Estrogen,0,0.0
TCGA-QK-A64Z-01Z-00-DX3,TCGA-QK-A64Z-01Z-00-DX3,,MAPK,0,0.0
TCGA-QK-A64Z-01Z-00-DX3,TCGA-QK-A64Z-01Z-00-DX3,,Trail,0,0.0
TCGA-QK-A64Z-01Z-00-DX3,TCGA-QK-A64Z-01Z-00-DX3,,WNT,0,0.0
TCGA-QK-A64Z-01Z-00-DX3,TCGA-QK-A64Z-01Z-00-DX3,,Hypoxia,0,0.0
TCGA-QK-A64Z-01Z-00-DX3,TCGA-QK-A64Z-01Z-00-DX3,,p53,0,0.0
TCGA-QK-A64Z-01Z-00-DX3,TCGA-QK-A64Z-01Z-00-DX3,,PI3K,0,0.0
TCGA-QK-A64Z-01Z-00-DX3,TCGA-QK-A64Z-01Z-00-DX3,,Androgen,0,0.0
TCGA-QK-A64Z-01Z-00-DX3,TCGA-QK-A64Z-01Z-00-DX3,,NFkB,0,0.0
TCGA-QK-A64Z-01Z-00-DX3,TCGA-QK-A64Z-01Z-00-DX3,,TGFb,0,0.0
TCGA-QK-A64Z-01Z-00-DX4,TCGA-QK-A64Z-01Z-00-DX4,,VEGF,0,0.0
TCGA-QK-A64Z-01Z-00-DX4,TCGA-QK-A64Z-01Z-00-DX4,,TNFa,0,0.0
TCGA-QK-A64Z-01Z-00-DX4,TCGA-QK-A64Z-01Z-00-DX4,,JAK-STAT,0,0.0
TCGA-QK-A64Z-01Z-00-DX4,TCGA-QK-A64Z-01Z-00-DX4,,EGFR,0,0.0
TCGA-QK-A64Z-01Z-00-DX4,TCGA-QK-A64Z-01Z-00-DX4,,Estrogen,0,0.0
TCGA-QK-A64Z-01Z-00-DX4,TCGA-QK-A64Z-01Z-00-DX4,,MAPK,0,0.0
TCGA-QK-A64Z-01Z-00-DX4,TCGA-QK-A64Z-01Z-00-DX4,,Trail,0,0.0
TCGA-QK-A64Z-01Z-00-DX4,TCGA-QK-A64Z-01Z-00-DX4,,WNT,0,0.0
TCGA-QK-A64Z-01Z-00-DX4,TCGA-QK-A64Z-01Z-00-DX4,,Hypoxia,0,0.0
TCGA-QK-A64Z-01Z-00-DX4,TCGA-QK-A64Z-01Z-00-DX4,,p53,0,0.0
TCGA-QK-A64Z-01Z-00-DX4,TCGA-QK-A64Z-01Z-00-DX4,,PI3K,0,0.0
TCGA-QK-A64Z-01Z-00-DX4,TCGA-QK-A64Z-01Z-00-DX4,,Androgen,0,0.0
TCGA-QK-A64Z-01Z-00-DX4,TCGA-QK-A64Z-01Z-00-DX4,,NFkB,0,0.0
TCGA-QK-A64Z-01Z-00-DX4,TCGA-QK-A64Z-01Z-00-DX4,,TGFb,0,0.0
TCGA-QK-A652-01Z-00-DX1,TCGA-QK-A652-01Z-00-DX1,,Androgen,7,1.0
TCGA-QK-A652-01Z-00-DX1,TCGA-QK-A652-01Z-00-DX1,,EGFR,7,0.0
TCGA-QK-A652-01Z-00-DX1,TCGA-QK-A652-01Z-00-DX1,,Estrogen,7,0.0
TCGA-QK-A652-01Z-00-DX1,TCGA-QK-A652-01Z-00-DX1,,Hypoxia,7,0.0
TCGA-QK-A652-01Z-00-DX1,TCGA-QK-A652-01Z-00-DX1,,JAK-STAT,7,0.7142857142857143
TCGA-QK-A652-01Z-00-DX1,TCGA-QK-A652-01Z-00-DX1,,MAPK,7,0.42857142857142855
TCGA-QK-A652-01Z-00-DX1,TCGA-QK-A652-01Z-00-DX1,,NFkB,7,0.0
TCGA-QK-A652-01Z-00-DX1,TCGA-QK-A652-01Z-00-DX1,,PI3K,7,0.7142857142857143
TCGA-QK-A652-01Z-00-DX1,TCGA-QK-A652-01Z-00-DX1,,TGFb,7,0.0
TCGA-QK-A652-01Z-00-DX1,TCGA-QK-A652-01Z-00-DX1,,TNFa,7,0.14285714285714285
TCGA-QK-A652-01Z-00-DX1,TCGA-QK-A652-01Z-00-DX1,,Trail,7,0.2857142857142857
TCGA-QK-A652-01Z-00-DX1,TCGA-QK-A652-01Z-00-DX1,,VEGF,7,0.0
TCGA-QK-A652-01Z-00-DX1,TCGA-QK-A652-01Z-00-DX1,,WNT,7,1.0
TCGA-QK-A652-01Z-00-DX1,TCGA-QK-A652-01Z-00-DX1,,p53,7,1.0
TCGA-QK-A6IG-01Z-00-DX1,TCGA-QK-A6IG-01Z-00-DX1,,Androgen,1840,0.5570652173913043
TCGA-QK-A6IG-01Z-00-DX1,TCGA-QK-A6IG-01Z-00-DX1,,EGFR,1840,0.5918478260869565
TCGA-QK-A6IG-01Z-00-DX1,TCGA-QK-A6IG-01Z-00-DX1,,Estrogen,1840,0.16684782608695653
TCGA-QK-A6IG-01Z-00-DX1,TCGA-QK-A6IG-01Z-00-DX1,,Hypoxia,1840,0.1282608695652174
TCGA-QK-A6IG-01Z-00-DX1,TCGA-QK-A6IG-01Z-00-DX1,,JAK-STAT,1840,0.8913043478260869
TCGA-QK-A6IG-01Z-00-DX1,TCGA-QK-A6IG-01Z-00-DX1,,MAPK,1840,0.4266304347826087
TCGA-QK-A6IG-01Z-00-DX1,TCGA-QK-A6IG-01Z-00-DX1,,NFkB,1840,0.4320652173913043
TCGA-QK-A6IG-01Z-00-DX1,TCGA-QK-A6IG-01Z-00-DX1,,PI3K,1840,0.0
TCGA-QK-A6IG-01Z-00-DX1,TCGA-QK-A6IG-01Z-00-DX1,,TGFb,1840,0.10978260869565218
TCGA-QK-A6IG-01Z-00-DX1,TCGA-QK-A6IG-01Z-00-DX1,,TNFa,1840,0.4298913043478261
TCGA-QK-A6IG-01Z-00-DX1,TCGA-QK-A6IG-01Z-00-DX1,,Trail,1840,0.8152173913043478
TCGA-QK-A6IG-01Z-00-DX1,TCGA-QK-A6IG-01Z-00-DX1,,VEGF,1840,0.7635869565217391
TCGA-QK-A6IG-01Z-00-DX1,TCGA-QK-A6IG-01Z-00-DX1,,WNT,1840,0.5016304347826087
TCGA-QK-A6IG-01Z-00-DX1,TCGA-QK-A6IG-01Z-00-DX1,,p53,1840,0.24945652173913044
TCGA-QK-A6IH-01Z-00-DX1,TCGA-QK-A6IH-01Z-00-DX1,,Androgen,4809,0.20752755250571844
TCGA-QK-A6IH-01Z-00-DX1,TCGA-QK-A6IH-01Z-00-DX1,,EGFR,4809,0.23601580370139322
TCGA-QK-A6IH-01Z-00-DX1,TCGA-QK-A6IH-01Z-00-DX1,,Estrogen,4809,0.347265543772094
TCGA-QK-A6IH-01Z-00-DX1,TCGA-QK-A6IH-01Z-00-DX1,,Hypoxia,4809,0.45581201913079644
TCGA-QK-A6IH-01Z-00-DX1,TCGA-QK-A6IH-01Z-00-DX1,,JAK-STAT,4809,0.33666042836348514
TCGA-QK-A6IH-01Z-00-DX1,TCGA-QK-A6IH-01Z-00-DX1,,MAPK,4809,0.33603659804533165
TCGA-QK-A6IH-01Z-00-DX1,TCGA-QK-A6IH-01Z-00-DX1,,NFkB,4809,0.12039925140361822
TCGA-QK-A6IH-01Z-00-DX1,TCGA-QK-A6IH-01Z-00-DX1,,PI3K,4809,0.2281139530047827
TCGA-QK-A6IH-01Z-00-DX1,TCGA-QK-A6IH-01Z-00-DX1,,TGFb,4809,0.2395508421709295
TCGA-QK-A6IH-01Z-00-DX1,TCGA-QK-A6IH-01Z-00-DX1,,TNFa,4809,0.4811811187357039
TCGA-QK-A6IH-01Z-00-DX1,TCGA-QK-A6IH-01Z-00-DX1,,Trail,4809,0.1636514867955916
TCGA-QK-A6IH-01Z-00-DX1,TCGA-QK-A6IH-01Z-00-DX1,,VEGF,4809,0.5560407569141194
TCGA-QK-A6IH-01Z-00-DX1,TCGA-QK-A6IH-01Z-00-DX1,,WNT,4809,0.2014971927635683
TCGA-QK-A6IH-01Z-00-DX1,TCGA-QK-A6IH-01Z-00-DX1,,p53,4809,0.025992929923060928
TCGA-QK-A6II-01Z-00-DX1,TCGA-QK-A6II-01Z-00-DX1,,Androgen,3897,0.523222992045163
TCGA-QK-A6II-01Z-00-DX1,TCGA-QK-A6II-01Z-00-DX1,,EGFR,3897,0.39799846035411857
TCGA-QK-A6II-01Z-00-DX1,TCGA-QK-A6II-01Z-00-DX1,,Estrogen,3897,0.6256094431614062
TCGA-QK-A6II-01Z-00-DX1,TCGA-QK-A6II-01Z-00-DX1,,Hypoxia,3897,0.4657428791377983
TCGA-QK-A6II-01Z-00-DX1,TCGA-QK-A6II-01Z-00-DX1,,JAK-STAT,3897,0.6725686425455478
TCGA-QK-A6II-01Z-00-DX1,TCGA-QK-A6II-01Z-00-DX1,,MAPK,3897,0.4529124967924044
TCGA-QK-A6II-01Z-00-DX1,TCGA-QK-A6II-01Z-00-DX1,,NFkB,3897,0.11726969463690018
TCGA-QK-A6II-01Z-00-DX1,TCGA-QK-A6II-01Z-00-DX1,,PI3K,3897,0.5517064408519374
TCGA-QK-A6II-01Z-00-DX1,TCGA-QK-A6II-01Z-00-DX1,,TGFb,3897,0.06081601231716705
TCGA-QK-A6II-01Z-00-DX1,TCGA-QK-A6II-01Z-00-DX1,,TNFa,3897,0.7482678983833718
TCGA-QK-A6II-01Z-00-DX1,TCGA-QK-A6II-01Z-00-DX1,,Trail,3897,0.41621760328457785
TCGA-QK-A6II-01Z-00-DX1,TCGA-QK-A6II-01Z-00-DX1,,VEGF,3897,0.6946369001796253
TCGA-QK-A6II-01Z-00-DX1,TCGA-QK-A6II-01Z-00-DX1,,WNT,3897,0.41621760328457785
TCGA-QK-A6II-01Z-00-DX1,TCGA-QK-A6II-01Z-00-DX1,,p53,3897,0.14395688991531946
TCGA-QK-A6IJ-01Z-00-DX1,TCGA-QK-A6IJ-01Z-00-DX1,,Androgen,591,0.23519458544839256
TCGA-QK-A6IJ-01Z-00-DX1,TCGA-QK-A6IJ-01Z-00-DX1,,EGFR,591,0.5194585448392555
TCGA-QK-A6IJ-01Z-00-DX1,TCGA-QK-A6IJ-01Z-00-DX1,,Estrogen,591,0.7766497461928934
TCGA-QK-A6IJ-01Z-00-DX1,TCGA-QK-A6IJ-01Z-00-DX1,,Hypoxia,591,0.19120135363790186
TCGA-QK-A6IJ-01Z-00-DX1,TCGA-QK-A6IJ-01Z-00-DX1,,JAK-STAT,591,0.649746192893401
TCGA-QK-A6IJ-01Z-00-DX1,TCGA-QK-A6IJ-01Z-00-DX1,,MAPK,591,0.2098138747884941
TCGA-QK-A6IJ-01Z-00-DX1,TCGA-QK-A6IJ-01Z-00-DX1,,NFkB,591,0.09813874788494077
TCGA-QK-A6IJ-01Z-00-DX1,TCGA-QK-A6IJ-01Z-00-DX1,,PI3K,591,0.5803722504230119
TCGA-QK-A6IJ-01Z-00-DX1,TCGA-QK-A6IJ-01Z-00-DX1,,TGFb,591,0.22504230118443316
TCGA-QK-A6IJ-01Z-00-DX1,TCGA-QK-A6IJ-01Z-00-DX1,,TNFa,591,0.5736040609137056
TCGA-QK-A6IJ-01Z-00-DX1,TCGA-QK-A6IJ-01Z-00-DX1,,Trail,591,0.6209813874788495
TCGA-QK-A6IJ-01Z-00-DX1,TCGA-QK-A6IJ-01Z-00-DX1,,VEGF,591,0.5160744500846024
TCGA-QK-A6IJ-01Z-00-DX1,TCGA-QK-A6IJ-01Z-00-DX1,,WNT,591,0.21150592216582065
TCGA-QK-A6IJ-01Z-00-DX1,TCGA-QK-A6IJ-01Z-00-DX1,,p53,591,0.5160744500846024
TCGA-QK-A6VB-01Z-00-DX1,TCGA-QK-A6VB-01Z-00-DX1,,Androgen,1846,0.3678223185265439
TCGA-QK-A6VB-01Z-00-DX1,TCGA-QK-A6VB-01Z-00-DX1,,EGFR,1846,0.6690140845070423
TCGA-QK-A6VB-01Z-00-DX1,TCGA-QK-A6VB-01Z-00-DX1,,Estrogen,1846,0.4712892741061755
TCGA-QK-A6VB-01Z-00-DX1,TCGA-QK-A6VB-01Z-00-DX1,,Hypoxia,1846,0.5996749729144095
TCGA-QK-A6VB-01Z-00-DX1,TCGA-QK-A6VB-01Z-00-DX1,,JAK-STAT,1846,0.02600216684723727
TCGA-QK-A6VB-01Z-00-DX1,TCGA-QK-A6VB-01Z-00-DX1,,MAPK,1846,0.21668472372697725
TCGA-QK-A6VB-01Z-00-DX1,TCGA-QK-A6VB-01Z-00-DX1,,NFkB,1846,0.0790899241603467
TCGA-QK-A6VB-01Z-00-DX1,TCGA-QK-A6VB-01Z-00-DX1,,PI3K,1846,0.14030335861321777
TCGA-QK-A6VB-01Z-00-DX1,TCGA-QK-A6VB-01Z-00-DX1,,TGFb,1846,0.3369447453954496
TCGA-QK-A6VB-01Z-00-DX1,TCGA-QK-A6VB-01Z-00-DX1,,TNFa,1846,0.13813651137594798
TCGA-QK-A6VB-01Z-00-DX1,TCGA-QK-A6VB-01Z-00-DX1,,Trail,1846,0.1094257854821235
TCGA-QK-A6VB-01Z-00-DX1,TCGA-QK-A6VB-01Z-00-DX1,,VEGF,1846,0.15384615384615385
TCGA-QK-A6VB-01Z-00-DX1,TCGA-QK-A6VB-01Z-00-DX1,,WNT,1846,0.19501625135427952
TCGA-QK-A6VB-01Z-00-DX1,TCGA-QK-A6VB-01Z-00-DX1,,p53,1846,0.090465872156013
TCGA-QK-A6VC-01Z-00-DX1,TCGA-QK-A6VC-01Z-00-DX1,,Androgen,2147,0.6110852352119236
TCGA-QK-A6VC-01Z-00-DX1,TCGA-QK-A6VC-01Z-00-DX1,,EGFR,2147,0.48253376804843967
TCGA-QK-A6VC-01Z-00-DX1,TCGA-QK-A6VC-01Z-00-DX1,,Estrogen,2147,0.9781089892873778
TCGA-QK-A6VC-01Z-00-DX1,TCGA-QK-A6VC-01Z-00-DX1,,Hypoxia,2147,0.4280391243595715
TCGA-QK-A6VC-01Z-00-DX1,TCGA-QK-A6VC-01Z-00-DX1,,JAK-STAT,2147,0.4536562645551933
TCGA-QK-A6VC-01Z-00-DX1,TCGA-QK-A6VC-01Z-00-DX1,,MAPK,2147,0.05589194224499301
TCGA-QK-A6VC-01Z-00-DX1,TCGA-QK-A6VC-01Z-00-DX1,,NFkB,2147,0.0903586399627387
TCGA-QK-A6VC-01Z-00-DX1,TCGA-QK-A6VC-01Z-00-DX1,,PI3K,2147,0.3814625058220773
TCGA-QK-A6VC-01Z-00-DX1,TCGA-QK-A6VC-01Z-00-DX1,,TGFb,2147,0.6823474615742897
TCGA-QK-A6VC-01Z-00-DX1,TCGA-QK-A6VC-01Z-00-DX1,,TNFa,2147,0.20260829063809968
TCGA-QK-A6VC-01Z-00-DX1,TCGA-QK-A6VC-01Z-00-DX1,,Trail,2147,0.3390777829529576
TCGA-QK-A6VC-01Z-00-DX1,TCGA-QK-A6VC-01Z-00-DX1,,VEGF,2147,0.2976245924545878
TCGA-QK-A6VC-01Z-00-DX1,TCGA-QK-A6VC-01Z-00-DX1,,WNT,2147,0.5104797391709361
TCGA-QK-A6VC-01Z-00-DX1,TCGA-QK-A6VC-01Z-00-DX1,,p53,2147,0.4028877503493246
TCGA-QK-A8Z7-01Z-00-DX1,TCGA-QK-A8Z7-01Z-00-DX1,,Androgen,1543,0.4679196370706416
TCGA-QK-A8Z7-01Z-00-DX1,TCGA-QK-A8Z7-01Z-00-DX1,,EGFR,1543,0.4795852235904083
TCGA-QK-A8Z7-01Z-00-DX1,TCGA-QK-A8Z7-01Z-00-DX1,,Estrogen,1543,0.41736876215165264
TCGA-QK-A8Z7-01Z-00-DX1,TCGA-QK-A8Z7-01Z-00-DX1,,Hypoxia,1543,0.5917044718081659
TCGA-QK-A8Z7-01Z-00-DX1,TCGA-QK-A8Z7-01Z-00-DX1,,JAK-STAT,1543,0.1898898250162022
TCGA-QK-A8Z7-01Z-00-DX1,TCGA-QK-A8Z7-01Z-00-DX1,,MAPK,1543,0.4115359688917693
TCGA-QK-A8Z7-01Z-00-DX1,TCGA-QK-A8Z7-01Z-00-DX1,,NFkB,1543,0.524303305249514
TCGA-QK-A8Z7-01Z-00-DX1,TCGA-QK-A8Z7-01Z-00-DX1,,PI3K,1543,0.4219053791315619
TCGA-QK-A8Z7-01Z-00-DX1,TCGA-QK-A8Z7-01Z-00-DX1,,TGFb,1543,0.08425145819831498
TCGA-QK-A8Z7-01Z-00-DX1,TCGA-QK-A8Z7-01Z-00-DX1,,TNFa,1543,0.6759559300064809
TCGA-QK-A8Z7-01Z-00-DX1,TCGA-QK-A8Z7-01Z-00-DX1,,Trail,1543,0.13998703823720027
TCGA-QK-A8Z7-01Z-00-DX1,TCGA-QK-A8Z7-01Z-00-DX1,,VEGF,1543,0.20738820479585224
TCGA-QK-A8Z7-01Z-00-DX1,TCGA-QK-A8Z7-01Z-00-DX1,,WNT,1543,0.4491250810110175
TCGA-QK-A8Z7-01Z-00-DX1,TCGA-QK-A8Z7-01Z-00-DX1,,p53,1543,0.5644847699287103
TCGA-QK-A8Z8-01Z-00-DX1,TCGA-QK-A8Z8-01Z-00-DX1,,Androgen,324,0.8487654320987654
TCGA-QK-A8Z8-01Z-00-DX1,TCGA-QK-A8Z8-01Z-00-DX1,,EGFR,324,0.4783950617283951
TCGA-QK-A8Z8-01Z-00-DX1,TCGA-QK-A8Z8-01Z-00-DX1,,Estrogen,324,0.7129629629629629
TCGA-QK-A8Z8-01Z-00-DX1,TCGA-QK-A8Z8-01Z-00-DX1,,Hypoxia,324,0.19135802469135801
TCGA-QK-A8Z8-01Z-00-DX1,TCGA-QK-A8Z8-01Z-00-DX1,,JAK-STAT,324,0.8302469135802469
TCGA-QK-A8Z8-01Z-00-DX1,TCGA-QK-A8Z8-01Z-00-DX1,,MAPK,324,0.35802469135802467
TCGA-QK-A8Z8-01Z-00-DX1,TCGA-QK-A8Z8-01Z-00-DX1,,NFkB,324,0.1388888888888889
TCGA-QK-A8Z8-01Z-00-DX1,TCGA-QK-A8Z8-01Z-00-DX1,,PI3K,324,0.4104938271604938
TCGA-QK-A8Z8-01Z-00-DX1,TCGA-QK-A8Z8-01Z-00-DX1,,TGFb,324,0.0
TCGA-QK-A8Z8-01Z-00-DX1,TCGA-QK-A8Z8-01Z-00-DX1,,TNFa,324,0.7222222222222222
TCGA-QK-A8Z8-01Z-00-DX1,TCGA-QK-A8Z8-01Z-00-DX1,,Trail,324,0.040123456790123455
TCGA-QK-A8Z8-01Z-00-DX1,TCGA-QK-A8Z8-01Z-00-DX1,,VEGF,324,0.7283950617283951
TCGA-QK-A8Z8-01Z-00-DX1,TCGA-QK-A8Z8-01Z-00-DX1,,WNT,324,0.06172839506172839
TCGA-QK-A8Z8-01Z-00-DX1,TCGA-QK-A8Z8-01Z-00-DX1,,p53,324,0.6820987654320988
TCGA-QK-A8Z8-01Z-00-DX2,TCGA-QK-A8Z8-01Z-00-DX2,,Androgen,701,0.7888730385164051
TCGA-QK-A8Z8-01Z-00-DX2,TCGA-QK-A8Z8-01Z-00-DX2,,EGFR,701,0.29814550641940085
TCGA-QK-A8Z8-01Z-00-DX2,TCGA-QK-A8Z8-01Z-00-DX2,,Estrogen,701,0.8359486447931527
TCGA-QK-A8Z8-01Z-00-DX2,TCGA-QK-A8Z8-01Z-00-DX2,,Hypoxia,701,0.0898716119828816
TCGA-QK-A8Z8-01Z-00-DX2,TCGA-QK-A8Z8-01Z-00-DX2,,JAK-STAT,701,0.62339514978602
TCGA-QK-A8Z8-01Z-00-DX2,TCGA-QK-A8Z8-01Z-00-DX2,,MAPK,701,0.5592011412268189
TCGA-QK-A8Z8-01Z-00-DX2,TCGA-QK-A8Z8-01Z-00-DX2,,NFkB,701,0.20114122681883023
TCGA-QK-A8Z8-01Z-00-DX2,TCGA-QK-A8Z8-01Z-00-DX2,,PI3K,701,0.2796005706134094
TCGA-QK-A8Z8-01Z-00-DX2,TCGA-QK-A8Z8-01Z-00-DX2,,TGFb,701,0.037089871611982884
TCGA-QK-A8Z8-01Z-00-DX2,TCGA-QK-A8Z8-01Z-00-DX2,,TNFa,701,0.8944365192582026
TCGA-QK-A8Z8-01Z-00-DX2,TCGA-QK-A8Z8-01Z-00-DX2,,Trail,701,0.04850213980028531
TCGA-QK-A8Z8-01Z-00-DX2,TCGA-QK-A8Z8-01Z-00-DX2,,VEGF,701,0.6005706134094151
TCGA-QK-A8Z8-01Z-00-DX2,TCGA-QK-A8Z8-01Z-00-DX2,,WNT,701,0.21112696148359486
TCGA-QK-A8Z8-01Z-00-DX2,TCGA-QK-A8Z8-01Z-00-DX2,,p53,701,0.5263908701854494
TCGA-QK-A8Z9-01Z-00-DX1,TCGA-QK-A8Z9-01Z-00-DX1,,Androgen,2276,0.7240773286467487
TCGA-QK-A8Z9-01Z-00-DX1,TCGA-QK-A8Z9-01Z-00-DX1,,EGFR,2276,0.4160808435852373
TCGA-QK-A8Z9-01Z-00-DX1,TCGA-QK-A8Z9-01Z-00-DX1,,Estrogen,2276,0.38620386643233745
TCGA-QK-A8Z9-01Z-00-DX1,TCGA-QK-A8Z9-01Z-00-DX1,,Hypoxia,2276,0.4389279437609842
TCGA-QK-A8Z9-01Z-00-DX1,TCGA-QK-A8Z9-01Z-00-DX1,,JAK-STAT,2276,0.3804920913884007
TCGA-QK-A8Z9-01Z-00-DX1,TCGA-QK-A8Z9-01Z-00-DX1,,MAPK,2276,0.2789982425307557
TCGA-QK-A8Z9-01Z-00-DX1,TCGA-QK-A8Z9-01Z-00-DX1,,NFkB,2276,0.2390158172231986
TCGA-QK-A8Z9-01Z-00-DX1,TCGA-QK-A8Z9-01Z-00-DX1,,PI3K,2276,0.24868189806678384
TCGA-QK-A8Z9-01Z-00-DX1,TCGA-QK-A8Z9-01Z-00-DX1,,TGFb,2276,0.3866432337434095
TCGA-QK-A8Z9-01Z-00-DX1,TCGA-QK-A8Z9-01Z-00-DX1,,TNFa,2276,0.37082601054481545
TCGA-QK-A8Z9-01Z-00-DX1,TCGA-QK-A8Z9-01Z-00-DX1,,Trail,2276,0.45166959578207383
TCGA-QK-A8Z9-01Z-00-DX1,TCGA-QK-A8Z9-01Z-00-DX1,,VEGF,2276,0.5206502636203867
TCGA-QK-A8Z9-01Z-00-DX1,TCGA-QK-A8Z9-01Z-00-DX1,,WNT,2276,0.3286467486818981
TCGA-QK-A8Z9-01Z-00-DX1,TCGA-QK-A8Z9-01Z-00-DX1,,p53,2276,0.3422671353251318
TCGA-QK-A8ZA-01Z-00-DX1,TCGA-QK-A8ZA-01Z-00-DX1,,Androgen,469,0.603411513859275
TCGA-QK-A8ZA-01Z-00-DX1,TCGA-QK-A8ZA-01Z-00-DX1,,EGFR,469,0.3624733475479744
TCGA-QK-A8ZA-01Z-00-DX1,TCGA-QK-A8ZA-01Z-00-DX1,,Estrogen,469,0.302771855010661
TCGA-QK-A8ZA-01Z-00-DX1,TCGA-QK-A8ZA-01Z-00-DX1,,Hypoxia,469,0.046908315565031986
TCGA-QK-A8ZA-01Z-00-DX1,TCGA-QK-A8ZA-01Z-00-DX1,,JAK-STAT,469,0.2579957356076759
TCGA-QK-A8ZA-01Z-00-DX1,TCGA-QK-A8ZA-01Z-00-DX1,,MAPK,469,0.5991471215351812
TCGA-QK-A8ZA-01Z-00-DX1,TCGA-QK-A8ZA-01Z-00-DX1,,NFkB,469,0.3646055437100213
TCGA-QK-A8ZA-01Z-00-DX1,TCGA-QK-A8ZA-01Z-00-DX1,,PI3K,469,0.0
TCGA-QK-A8ZA-01Z-00-DX1,TCGA-QK-A8ZA-01Z-00-DX1,,TGFb,469,0.0
TCGA-QK-A8ZA-01Z-00-DX1,TCGA-QK-A8ZA-01Z-00-DX1,,TNFa,469,0.13859275053304904
TCGA-QK-A8ZA-01Z-00-DX1,TCGA-QK-A8ZA-01Z-00-DX1,,Trail,469,0.208955223880597
TCGA-QK-A8ZA-01Z-00-DX1,TCGA-QK-A8ZA-01Z-00-DX1,,VEGF,469,0.4541577825159915
TCGA-QK-A8ZA-01Z-00-DX1,TCGA-QK-A8ZA-01Z-00-DX1,,WNT,469,0.09594882729211088
TCGA-QK-A8ZA-01Z-00-DX1,TCGA-QK-A8ZA-01Z-00-DX1,,p53,469,0.9339019189765458
TCGA-QK-A8ZB-01Z-00-DX1,TCGA-QK-A8ZB-01Z-00-DX1,,Androgen,1082,0.5850277264325323
TCGA-QK-A8ZB-01Z-00-DX1,TCGA-QK-A8ZB-01Z-00-DX1,,EGFR,1082,0.7273567467652495
TCGA-QK-A8ZB-01Z-00-DX1,TCGA-QK-A8ZB-01Z-00-DX1,,Estrogen,1082,0.6506469500924215
TCGA-QK-A8ZB-01Z-00-DX1,TCGA-QK-A8ZB-01Z-00-DX1,,Hypoxia,1082,0.37615526802218113
TCGA-QK-A8ZB-01Z-00-DX1,TCGA-QK-A8ZB-01Z-00-DX1,,JAK-STAT,1082,0.45286506469500926
TCGA-QK-A8ZB-01Z-00-DX1,TCGA-QK-A8ZB-01Z-00-DX1,,MAPK,1082,0.44824399260628467
TCGA-QK-A8ZB-01Z-00-DX1,TCGA-QK-A8ZB-01Z-00-DX1,,NFkB,1082,0.12939001848428835
TCGA-QK-A8ZB-01Z-00-DX1,TCGA-QK-A8ZB-01Z-00-DX1,,PI3K,1082,0.3364140480591497
TCGA-QK-A8ZB-01Z-00-DX1,TCGA-QK-A8ZB-01Z-00-DX1,,TGFb,1082,0.5018484288354899
TCGA-QK-A8ZB-01Z-00-DX1,TCGA-QK-A8ZB-01Z-00-DX1,,TNFa,1082,0.5101663585951941
TCGA-QK-A8ZB-01Z-00-DX1,TCGA-QK-A8ZB-01Z-00-DX1,,Trail,1082,0.06099815157116451
TCGA-QK-A8ZB-01Z-00-DX1,TCGA-QK-A8ZB-01Z-00-DX1,,VEGF,1082,0.49353049907578556
TCGA-QK-A8ZB-01Z-00-DX1,TCGA-QK-A8ZB-01Z-00-DX1,,WNT,1082,0.5951940850277264
TCGA-QK-A8ZB-01Z-00-DX1,TCGA-QK-A8ZB-01Z-00-DX1,,p53,1082,0.3826247689463956
TCGA-QK-AA3J-01Z-00-DX1,TCGA-QK-AA3J-01Z-00-DX1,,Androgen,259,0.3474903474903475
TCGA-QK-AA3J-01Z-00-DX1,TCGA-QK-AA3J-01Z-00-DX1,,EGFR,259,0.28957528957528955
TCGA-QK-AA3J-01Z-00-DX1,TCGA-QK-AA3J-01Z-00-DX1,,Estrogen,259,0.9382239382239382
TCGA-QK-AA3J-01Z-00-DX1,TCGA-QK-AA3J-01Z-00-DX1,,Hypoxia,259,0.0
TCGA-QK-AA3J-01Z-00-DX1,TCGA-QK-AA3J-01Z-00-DX1,,JAK-STAT,259,0.4864864864864865
TCGA-QK-AA3J-01Z-00-DX1,TCGA-QK-AA3J-01Z-00-DX1,,MAPK,259,0.305019305019305
TCGA-QK-AA3J-01Z-00-DX1,TCGA-QK-AA3J-01Z-00-DX1,,NFkB,259,0.011583011583011582
TCGA-QK-AA3J-01Z-00-DX1,TCGA-QK-AA3J-01Z-00-DX1,,PI3K,259,0.023166023166023165
TCGA-QK-AA3J-01Z-00-DX1,TCGA-QK-AA3J-01Z-00-DX1,,TGFb,259,0.003861003861003861
TCGA-QK-AA3J-01Z-00-DX1,TCGA-QK-AA3J-01Z-00-DX1,,TNFa,259,0.015444015444015444
TCGA-QK-AA3J-01Z-00-DX1,TCGA-QK-AA3J-01Z-00-DX1,,Trail,259,0.07722007722007722
TCGA-QK-AA3J-01Z-00-DX1,TCGA-QK-AA3J-01Z-00-DX1,,VEGF,259,0.11969111969111969
TCGA-QK-AA3J-01Z-00-DX1,TCGA-QK-AA3J-01Z-00-DX1,,WNT,259,0.1891891891891892
TCGA-QK-AA3J-01Z-00-DX1,TCGA-QK-AA3J-01Z-00-DX1,,p53,259,0.9305019305019305
TCGA-QK-AA3K-01Z-00-DX1,TCGA-QK-AA3K-01Z-00-DX1,,Androgen,1586,0.6860025220680959
TCGA-QK-AA3K-01Z-00-DX1,TCGA-QK-AA3K-01Z-00-DX1,,EGFR,1586,0.08196721311475409
TCGA-QK-AA3K-01Z-00-DX1,TCGA-QK-AA3K-01Z-00-DX1,,Estrogen,1586,0.9281210592686002
TCGA-QK-AA3K-01Z-00-DX1,TCGA-QK-AA3K-01Z-00-DX1,,Hypoxia,1586,0.7585119798234552
TCGA-QK-AA3K-01Z-00-DX1,TCGA-QK-AA3K-01Z-00-DX1,,JAK-STAT,1586,0.5800756620428752
TCGA-QK-AA3K-01Z-00-DX1,TCGA-QK-AA3K-01Z-00-DX1,,MAPK,1586,0.4621689785624212
TCGA-QK-AA3K-01Z-00-DX1,TCGA-QK-AA3K-01Z-00-DX1,,NFkB,1586,0.056116015132408575
TCGA-QK-AA3K-01Z-00-DX1,TCGA-QK-AA3K-01Z-00-DX1,,PI3K,1586,0.24653215636822196
TCGA-QK-AA3K-01Z-00-DX1,TCGA-QK-AA3K-01Z-00-DX1,,TGFb,1586,0.3064312736443884
TCGA-QK-AA3K-01Z-00-DX1,TCGA-QK-AA3K-01Z-00-DX1,,TNFa,1586,0.9419924337957125
TCGA-QK-AA3K-01Z-00-DX1,TCGA-QK-AA3K-01Z-00-DX1,,Trail,1586,0.47540983606557374
TCGA-QK-AA3K-01Z-00-DX1,TCGA-QK-AA3K-01Z-00-DX1,,VEGF,1586,0.8997477931904161
TCGA-QK-AA3K-01Z-00-DX1,TCGA-QK-AA3K-01Z-00-DX1,,WNT,1586,0.26166456494325346
TCGA-QK-AA3K-01Z-00-DX1,TCGA-QK-AA3K-01Z-00-DX1,,p53,1586,0.28247162673392184
TCGA-RS-A6TO-01Z-00-DX1,TCGA-RS-A6TO-01Z-00-DX1,,Androgen,353,0.23796033994334279
TCGA-RS-A6TO-01Z-00-DX1,TCGA-RS-A6TO-01Z-00-DX1,,EGFR,353,0.8016997167138811
TCGA-RS-A6TO-01Z-00-DX1,TCGA-RS-A6TO-01Z-00-DX1,,Estrogen,353,0.254957507082153
TCGA-RS-A6TO-01Z-00-DX1,TCGA-RS-A6TO-01Z-00-DX1,,Hypoxia,353,0.48441926345609065
TCGA-RS-A6TO-01Z-00-DX1,TCGA-RS-A6TO-01Z-00-DX1,,JAK-STAT,353,0.5524079320113314
TCGA-RS-A6TO-01Z-00-DX1,TCGA-RS-A6TO-01Z-00-DX1,,MAPK,353,0.9745042492917847
TCGA-RS-A6TO-01Z-00-DX1,TCGA-RS-A6TO-01Z-00-DX1,,NFkB,353,0.18696883852691218
TCGA-RS-A6TO-01Z-00-DX1,TCGA-RS-A6TO-01Z-00-DX1,,PI3K,353,0.0056657223796034
TCGA-RS-A6TO-01Z-00-DX1,TCGA-RS-A6TO-01Z-00-DX1,,TGFb,353,0.07365439093484419
TCGA-RS-A6TO-01Z-00-DX1,TCGA-RS-A6TO-01Z-00-DX1,,TNFa,353,0.8186968838526912
TCGA-RS-A6TO-01Z-00-DX1,TCGA-RS-A6TO-01Z-00-DX1,,Trail,353,0.31728045325779036
TCGA-RS-A6TO-01Z-00-DX1,TCGA-RS-A6TO-01Z-00-DX1,,VEGF,353,0.8470254957507082
TCGA-RS-A6TO-01Z-00-DX1,TCGA-RS-A6TO-01Z-00-DX1,,WNT,353,0.5580736543909348
TCGA-RS-A6TO-01Z-00-DX1,TCGA-RS-A6TO-01Z-00-DX1,,p53,353,0.1529745042492918
TCGA-T2-A6WX-01Z-00-DX1,TCGA-T2-A6WX-01Z-00-DX1,,Androgen,2483,0.4031413612565445
TCGA-T2-A6WX-01Z-00-DX1,TCGA-T2-A6WX-01Z-00-DX1,,EGFR,2483,0.2166733789770439
TCGA-T2-A6WX-01Z-00-DX1,TCGA-T2-A6WX-01Z-00-DX1,,Estrogen,2483,0.8457511075312123
TCGA-T2-A6WX-01Z-00-DX1,TCGA-T2-A6WX-01Z-00-DX1,,Hypoxia,2483,0.2013693113169553
TCGA-T2-A6WX-01Z-00-DX1,TCGA-T2-A6WX-01Z-00-DX1,,JAK-STAT,2483,0.7370116794200564
TCGA-T2-A6WX-01Z-00-DX1,TCGA-T2-A6WX-01Z-00-DX1,,MAPK,2483,0.10793395086588804
TCGA-T2-A6WX-01Z-00-DX1,TCGA-T2-A6WX-01Z-00-DX1,,NFkB,2483,0.03987112364075715
TCGA-T2-A6WX-01Z-00-DX1,TCGA-T2-A6WX-01Z-00-DX1,,PI3K,2483,0.5026178010471204
TCGA-T2-A6WX-01Z-00-DX1,TCGA-T2-A6WX-01Z-00-DX1,,TGFb,2483,0.12726540475231574
TCGA-T2-A6WX-01Z-00-DX1,TCGA-T2-A6WX-01Z-00-DX1,,TNFa,2483,0.7732581554571083
TCGA-T2-A6WX-01Z-00-DX1,TCGA-T2-A6WX-01Z-00-DX1,,Trail,2483,0.5859846959323399
TCGA-T2-A6WX-01Z-00-DX1,TCGA-T2-A6WX-01Z-00-DX1,,VEGF,2483,0.1445831655255739
TCGA-T2-A6WX-01Z-00-DX1,TCGA-T2-A6WX-01Z-00-DX1,,WNT,2483,0.5078534031413613
TCGA-T2-A6WX-01Z-00-DX1,TCGA-T2-A6WX-01Z-00-DX1,,p53,2483,0.5126862666129682
TCGA-T2-A6WZ-01Z-00-DX1,TCGA-T2-A6WZ-01Z-00-DX1,,Androgen,3576,0.07102908277404922
TCGA-T2-A6WZ-01Z-00-DX1,TCGA-T2-A6WZ-01Z-00-DX1,,EGFR,3576,0.24664429530201343
TCGA-T2-A6WZ-01Z-00-DX1,TCGA-T2-A6WZ-01Z-00-DX1,,Estrogen,3576,0.3053691275167785
TCGA-T2-A6WZ-01Z-00-DX1,TCGA-T2-A6WZ-01Z-00-DX1,,Hypoxia,3576,0.37080536912751677
TCGA-T2-A6WZ-01Z-00-DX1,TCGA-T2-A6WZ-01Z-00-DX1,,JAK-STAT,3576,0.4658836689038031
TCGA-T2-A6WZ-01Z-00-DX1,TCGA-T2-A6WZ-01Z-00-DX1,,MAPK,3576,0.4342841163310962
TCGA-T2-A6WZ-01Z-00-DX1,TCGA-T2-A6WZ-01Z-00-DX1,,NFkB,3576,0.4541387024608501
TCGA-T2-A6WZ-01Z-00-DX1,TCGA-T2-A6WZ-01Z-00-DX1,,PI3K,3576,0.48685682326621926
TCGA-T2-A6WZ-01Z-00-DX1,TCGA-T2-A6WZ-01Z-00-DX1,,TGFb,3576,0.0002796420581655481
TCGA-T2-A6WZ-01Z-00-DX1,TCGA-T2-A6WZ-01Z-00-DX1,,TNFa,3576,0.48322147651006714
TCGA-T2-A6WZ-01Z-00-DX1,TCGA-T2-A6WZ-01Z-00-DX1,,Trail,3576,0.23573825503355705
TCGA-T2-A6WZ-01Z-00-DX1,TCGA-T2-A6WZ-01Z-00-DX1,,VEGF,3576,0.3062080536912752
TCGA-T2-A6WZ-01Z-00-DX1,TCGA-T2-A6WZ-01Z-00-DX1,,WNT,3576,0.6375838926174496
TCGA-T2-A6WZ-01Z-00-DX1,TCGA-T2-A6WZ-01Z-00-DX1,,p53,3576,0.4519015659955257
TCGA-T2-A6X2-01Z-00-DX1,TCGA-T2-A6X2-01Z-00-DX1,,Androgen,3091,0.25428663862827566
TCGA-T2-A6X2-01Z-00-DX1,TCGA-T2-A6X2-01Z-00-DX1,,EGFR,3091,0.43610482044645743
TCGA-T2-A6X2-01Z-00-DX1,TCGA-T2-A6X2-01Z-00-DX1,,Estrogen,3091,0.24069880297638305
TCGA-T2-A6X2-01Z-00-DX1,TCGA-T2-A6X2-01Z-00-DX1,,Hypoxia,3091,0.4820446457457134
TCGA-T2-A6X2-01Z-00-DX1,TCGA-T2-A6X2-01Z-00-DX1,,JAK-STAT,3091,0.5021028793270786
TCGA-T2-A6X2-01Z-00-DX1,TCGA-T2-A6X2-01Z-00-DX1,,MAPK,3091,0.5033969589129732
TCGA-T2-A6X2-01Z-00-DX1,TCGA-T2-A6X2-01Z-00-DX1,,NFkB,3091,0.3173730184406341
TCGA-T2-A6X2-01Z-00-DX1,TCGA-T2-A6X2-01Z-00-DX1,,PI3K,3091,0.6470397929472662
TCGA-T2-A6X2-01Z-00-DX1,TCGA-T2-A6X2-01Z-00-DX1,,TGFb,3091,0.06923325784535748
TCGA-T2-A6X2-01Z-00-DX1,TCGA-T2-A6X2-01Z-00-DX1,,TNFa,3091,0.8214170171465545
TCGA-T2-A6X2-01Z-00-DX1,TCGA-T2-A6X2-01Z-00-DX1,,Trail,3091,0.25816887738595923
TCGA-T2-A6X2-01Z-00-DX1,TCGA-T2-A6X2-01Z-00-DX1,,VEGF,3091,0.7201552895503074
TCGA-T2-A6X2-01Z-00-DX1,TCGA-T2-A6X2-01Z-00-DX1,,WNT,3091,0.3801358783565189
TCGA-T2-A6X2-01Z-00-DX1,TCGA-T2-A6X2-01Z-00-DX1,,p53,3091,0.08961501132319638
TCGA-T3-A92M-01Z-00-DX1,TCGA-T3-A92M-01Z-00-DX1,,Androgen,1563,0.19577735124760076
TCGA-T3-A92M-01Z-00-DX1,TCGA-T3-A92M-01Z-00-DX1,,EGFR,1563,0.31094049904030713
TCGA-T3-A92M-01Z-00-DX1,TCGA-T3-A92M-01Z-00-DX1,,Estrogen,1563,0.8413307741522713
TCGA-T3-A92M-01Z-00-DX1,TCGA-T3-A92M-01Z-00-DX1,,Hypoxia,1563,0.4312220089571337
TCGA-T3-A92M-01Z-00-DX1,TCGA-T3-A92M-01Z-00-DX1,,JAK-STAT,1563,0.25207933461292387
TCGA-T3-A92M-01Z-00-DX1,TCGA-T3-A92M-01Z-00-DX1,,MAPK,1563,0.10684580934101087
TCGA-T3-A92M-01Z-00-DX1,TCGA-T3-A92M-01Z-00-DX1,,NFkB,1563,0.2418426103646833
TCGA-T3-A92M-01Z-00-DX1,TCGA-T3-A92M-01Z-00-DX1,,PI3K,1563,0.3582853486884197
TCGA-T3-A92M-01Z-00-DX1,TCGA-T3-A92M-01Z-00-DX1,,TGFb,1563,0.46513115802943056
TCGA-T3-A92M-01Z-00-DX1,TCGA-T3-A92M-01Z-00-DX1,,TNFa,1563,0.272552783109405
TCGA-T3-A92M-01Z-00-DX1,TCGA-T3-A92M-01Z-00-DX1,,Trail,1563,0.32053742802303264
TCGA-T3-A92M-01Z-00-DX1,TCGA-T3-A92M-01Z-00-DX1,,VEGF,1563,0.18618042226487524
TCGA-T3-A92M-01Z-00-DX1,TCGA-T3-A92M-01Z-00-DX1,,WNT,1563,0.25399872040946897
TCGA-T3-A92M-01Z-00-DX1,TCGA-T3-A92M-01Z-00-DX1,,p53,1563,0.3646833013435701
TCGA-TN-A7HJ-01Z-00-DX1,TCGA-TN-A7HJ-01Z-00-DX1,,Androgen,841,0.22829964328180738
TCGA-TN-A7HJ-01Z-00-DX1,TCGA-TN-A7HJ-01Z-00-DX1,,EGFR,841,0.6623067776456599
TCGA-TN-A7HJ-01Z-00-DX1,TCGA-TN-A7HJ-01Z-00-DX1,,Estrogen,841,0.38406658739595717
TCGA-TN-A7HJ-01Z-00-DX1,TCGA-TN-A7HJ-01Z-00-DX1,,Hypoxia,841,0.6896551724137931
TCGA-TN-A7HJ-01Z-00-DX1,TCGA-TN-A7HJ-01Z-00-DX1,,JAK-STAT,841,0.8228299643281808
TCGA-TN-A7HJ-01Z-00-DX1,TCGA-TN-A7HJ-01Z-00-DX1,,MAPK,841,0.9001189060642093
TCGA-TN-A7HJ-01Z-00-DX1,TCGA-TN-A7HJ-01Z-00-DX1,,NFkB,841,0.5124851367419738
TCGA-TN-A7HJ-01Z-00-DX1,TCGA-TN-A7HJ-01Z-00-DX1,,PI3K,841,0.07728894173602854
TCGA-TN-A7HJ-01Z-00-DX1,TCGA-TN-A7HJ-01Z-00-DX1,,TGFb,841,0.020214030915576695
TCGA-TN-A7HJ-01Z-00-DX1,TCGA-TN-A7HJ-01Z-00-DX1,,TNFa,841,0.08442330558858502
TCGA-TN-A7HJ-01Z-00-DX1,TCGA-TN-A7HJ-01Z-00-DX1,,Trail,841,0.023781212841854936
TCGA-TN-A7HJ-01Z-00-DX1,TCGA-TN-A7HJ-01Z-00-DX1,,VEGF,841,0.8038049940546967
TCGA-TN-A7HJ-01Z-00-DX1,TCGA-TN-A7HJ-01Z-00-DX1,,WNT,841,0.04280618311533888
TCGA-TN-A7HJ-01Z-00-DX1,TCGA-TN-A7HJ-01Z-00-DX1,,p53,841,0.2853745541022592
TCGA-UF-A718-01Z-00-DX1,TCGA-UF-A718-01Z-00-DX1,,Androgen,2508,0.8273524720893142
TCGA-UF-A718-01Z-00-DX1,TCGA-UF-A718-01Z-00-DX1,,EGFR,2508,0.6674641148325359
TCGA-UF-A718-01Z-00-DX1,TCGA-UF-A718-01Z-00-DX1,,Estrogen,2508,0.2324561403508772
TCGA-UF-A718-01Z-00-DX1,TCGA-UF-A718-01Z-00-DX1,,Hypoxia,2508,0.7779106858054227
TCGA-UF-A718-01Z-00-DX1,TCGA-UF-A718-01Z-00-DX1,,JAK-STAT,2508,0.26156299840510366
TCGA-UF-A718-01Z-00-DX1,TCGA-UF-A718-01Z-00-DX1,,MAPK,2508,0.8421052631578947
TCGA-UF-A718-01Z-00-DX1,TCGA-UF-A718-01Z-00-DX1,,NFkB,2508,0.11283891547049442
TCGA-UF-A718-01Z-00-DX1,TCGA-UF-A718-01Z-00-DX1,,PI3K,2508,0.45374800637958534
TCGA-UF-A718-01Z-00-DX1,TCGA-UF-A718-01Z-00-DX1,,TGFb,2508,0.2914673046251994
TCGA-UF-A718-01Z-00-DX1,TCGA-UF-A718-01Z-00-DX1,,TNFa,2508,0.2767145135566188
TCGA-UF-A718-01Z-00-DX1,TCGA-UF-A718-01Z-00-DX1,,Trail,2508,0.21052631578947367
TCGA-UF-A718-01Z-00-DX1,TCGA-UF-A718-01Z-00-DX1,,VEGF,2508,0.69896331738437
TCGA-UF-A718-01Z-00-DX1,TCGA-UF-A718-01Z-00-DX1,,WNT,2508,0.13676236044657097
TCGA-UF-A718-01Z-00-DX1,TCGA-UF-A718-01Z-00-DX1,,p53,2508,0.044657097288676235
TCGA-UF-A719-01Z-00-DX1,TCGA-UF-A719-01Z-00-DX1,,Androgen,1312,0.12423780487804878
TCGA-UF-A719-01Z-00-DX1,TCGA-UF-A719-01Z-00-DX1,,EGFR,1312,0.10975609756097561
TCGA-UF-A719-01Z-00-DX1,TCGA-UF-A719-01Z-00-DX1,,Estrogen,1312,0.6615853658536586
TCGA-UF-A719-01Z-00-DX1,TCGA-UF-A719-01Z-00-DX1,,Hypoxia,1312,0.5251524390243902
TCGA-UF-A719-01Z-00-DX1,TCGA-UF-A719-01Z-00-DX1,,JAK-STAT,1312,0.14710365853658536
TCGA-UF-A719-01Z-00-DX1,TCGA-UF-A719-01Z-00-DX1,,MAPK,1312,0.5373475609756098
TCGA-UF-A719-01Z-00-DX1,TCGA-UF-A719-01Z-00-DX1,,NFkB,1312,0.18826219512195122
TCGA-UF-A719-01Z-00-DX1,TCGA-UF-A719-01Z-00-DX1,,PI3K,1312,0.6112804878048781
TCGA-UF-A719-01Z-00-DX1,TCGA-UF-A719-01Z-00-DX1,,TGFb,1312,0.0
TCGA-UF-A719-01Z-00-DX1,TCGA-UF-A719-01Z-00-DX1,,TNFa,1312,0.18521341463414634
TCGA-UF-A719-01Z-00-DX1,TCGA-UF-A719-01Z-00-DX1,,Trail,1312,0.0975609756097561
TCGA-UF-A719-01Z-00-DX1,TCGA-UF-A719-01Z-00-DX1,,VEGF,1312,0.11280487804878049
TCGA-UF-A719-01Z-00-DX1,TCGA-UF-A719-01Z-00-DX1,,WNT,1312,0.28125
TCGA-UF-A719-01Z-00-DX1,TCGA-UF-A719-01Z-00-DX1,,p53,1312,0.22713414634146342
TCGA-UF-A71A-01Z-00-DX1,TCGA-UF-A71A-01Z-00-DX1,,Androgen,3350,0.655223880597015
TCGA-UF-A71A-01Z-00-DX1,TCGA-UF-A71A-01Z-00-DX1,,EGFR,3350,0.8256716417910448
TCGA-UF-A71A-01Z-00-DX1,TCGA-UF-A71A-01Z-00-DX1,,Estrogen,3350,0.16208955223880597
TCGA-UF-A71A-01Z-00-DX1,TCGA-UF-A71A-01Z-00-DX1,,Hypoxia,3350,0.6044776119402985
TCGA-UF-A71A-01Z-00-DX1,TCGA-UF-A71A-01Z-00-DX1,,JAK-STAT,3350,0.2083582089552239
TCGA-UF-A71A-01Z-00-DX1,TCGA-UF-A71A-01Z-00-DX1,,MAPK,3350,0.6128358208955224
TCGA-UF-A71A-01Z-00-DX1,TCGA-UF-A71A-01Z-00-DX1,,NFkB,3350,0.1647761194029851
TCGA-UF-A71A-01Z-00-DX1,TCGA-UF-A71A-01Z-00-DX1,,PI3K,3350,0.007164179104477612
TCGA-UF-A71A-01Z-00-DX1,TCGA-UF-A71A-01Z-00-DX1,,TGFb,3350,0.3307462686567164
TCGA-UF-A71A-01Z-00-DX1,TCGA-UF-A71A-01Z-00-DX1,,TNFa,3350,0.14776119402985075
TCGA-UF-A71A-01Z-00-DX1,TCGA-UF-A71A-01Z-00-DX1,,Trail,3350,0.15880597014925374
TCGA-UF-A71A-01Z-00-DX1,TCGA-UF-A71A-01Z-00-DX1,,VEGF,3350,0.3701492537313433
TCGA-UF-A71A-01Z-00-DX1,TCGA-UF-A71A-01Z-00-DX1,,WNT,3350,0.18865671641791046
TCGA-UF-A71A-01Z-00-DX1,TCGA-UF-A71A-01Z-00-DX1,,p53,3350,0.3919402985074627
TCGA-UF-A71B-01Z-00-DX1,TCGA-UF-A71B-01Z-00-DX1,,Androgen,3588,0.8517279821627648
TCGA-UF-A71B-01Z-00-DX1,TCGA-UF-A71B-01Z-00-DX1,,EGFR,3588,0.8076923076923077
TCGA-UF-A71B-01Z-00-DX1,TCGA-UF-A71B-01Z-00-DX1,,Estrogen,3588,0.3057413600891862
TCGA-UF-A71B-01Z-00-DX1,TCGA-UF-A71B-01Z-00-DX1,,Hypoxia,3588,0.9690635451505016
TCGA-UF-A71B-01Z-00-DX1,TCGA-UF-A71B-01Z-00-DX1,,JAK-STAT,3588,0.1020066889632107
TCGA-UF-A71B-01Z-00-DX1,TCGA-UF-A71B-01Z-00-DX1,,MAPK,3588,0.8258082497212932
TCGA-UF-A71B-01Z-00-DX1,TCGA-UF-A71B-01Z-00-DX1,,NFkB,3588,0.15022296544035674
TCGA-UF-A71B-01Z-00-DX1,TCGA-UF-A71B-01Z-00-DX1,,PI3K,3588,0.33082497212931994
TCGA-UF-A71B-01Z-00-DX1,TCGA-UF-A71B-01Z-00-DX1,,TGFb,3588,0.23439241917502787
TCGA-UF-A71B-01Z-00-DX1,TCGA-UF-A71B-01Z-00-DX1,,TNFa,3588,0.08918617614269789
TCGA-UF-A71B-01Z-00-DX1,TCGA-UF-A71B-01Z-00-DX1,,Trail,3588,0.21683389074693424
TCGA-UF-A71B-01Z-00-DX1,TCGA-UF-A71B-01Z-00-DX1,,VEGF,3588,0.6351727982162765
TCGA-UF-A71B-01Z-00-DX1,TCGA-UF-A71B-01Z-00-DX1,,WNT,3588,0.306298773690078
TCGA-UF-A71B-01Z-00-DX1,TCGA-UF-A71B-01Z-00-DX1,,p53,3588,0.0008361204013377926
TCGA-UF-A71D-01Z-00-DX1,TCGA-UF-A71D-01Z-00-DX1,,Androgen,6220,0.5347266881028939
TCGA-UF-A71D-01Z-00-DX1,TCGA-UF-A71D-01Z-00-DX1,,EGFR,6220,0.6279742765273312
TCGA-UF-A71D-01Z-00-DX1,TCGA-UF-A71D-01Z-00-DX1,,Estrogen,6220,0.9479099678456592
TCGA-UF-A71D-01Z-00-DX1,TCGA-UF-A71D-01Z-00-DX1,,Hypoxia,6220,0.9630225080385852
TCGA-UF-A71D-01Z-00-DX1,TCGA-UF-A71D-01Z-00-DX1,,JAK-STAT,6220,0.6303858520900322
TCGA-UF-A71D-01Z-00-DX1,TCGA-UF-A71D-01Z-00-DX1,,MAPK,6220,0.25916398713826366
TCGA-UF-A71D-01Z-00-DX1,TCGA-UF-A71D-01Z-00-DX1,,NFkB,6220,0.07781350482315112
TCGA-UF-A71D-01Z-00-DX1,TCGA-UF-A71D-01Z-00-DX1,,PI3K,6220,0.3093247588424437
TCGA-UF-A71D-01Z-00-DX1,TCGA-UF-A71D-01Z-00-DX1,,TGFb,6220,0.23070739549839228
TCGA-UF-A71D-01Z-00-DX1,TCGA-UF-A71D-01Z-00-DX1,,TNFa,6220,0.09453376205787781
TCGA-UF-A71D-01Z-00-DX1,TCGA-UF-A71D-01Z-00-DX1,,Trail,6220,0.19935691318327975
TCGA-UF-A71D-01Z-00-DX1,TCGA-UF-A71D-01Z-00-DX1,,VEGF,6220,0.11720257234726689
TCGA-UF-A71D-01Z-00-DX1,TCGA-UF-A71D-01Z-00-DX1,,WNT,6220,0.1855305466237942
TCGA-UF-A71D-01Z-00-DX1,TCGA-UF-A71D-01Z-00-DX1,,p53,6220,0.1977491961414791
TCGA-UF-A71E-01Z-00-DX1,TCGA-UF-A71E-01Z-00-DX1,,Androgen,2975,0.021176470588235293
TCGA-UF-A71E-01Z-00-DX1,TCGA-UF-A71E-01Z-00-DX1,,EGFR,2975,0.21042016806722688
TCGA-UF-A71E-01Z-00-DX1,TCGA-UF-A71E-01Z-00-DX1,,Estrogen,2975,0.32605042016806723
TCGA-UF-A71E-01Z-00-DX1,TCGA-UF-A71E-01Z-00-DX1,,Hypoxia,2975,0.5630252100840336
TCGA-UF-A71E-01Z-00-DX1,TCGA-UF-A71E-01Z-00-DX1,,JAK-STAT,2975,0.066890756302521
TCGA-UF-A71E-01Z-00-DX1,TCGA-UF-A71E-01Z-00-DX1,,MAPK,2975,0.3949579831932773
TCGA-UF-A71E-01Z-00-DX1,TCGA-UF-A71E-01Z-00-DX1,,NFkB,2975,0.18386554621848739
TCGA-UF-A71E-01Z-00-DX1,TCGA-UF-A71E-01Z-00-DX1,,PI3K,2975,0.5768067226890756
TCGA-UF-A71E-01Z-00-DX1,TCGA-UF-A71E-01Z-00-DX1,,TGFb,2975,0.01411764705882353
TCGA-UF-A71E-01Z-00-DX1,TCGA-UF-A71E-01Z-00-DX1,,TNFa,2975,0.2826890756302521
TCGA-UF-A71E-01Z-00-DX1,TCGA-UF-A71E-01Z-00-DX1,,Trail,2975,0.05546218487394958
TCGA-UF-A71E-01Z-00-DX1,TCGA-UF-A71E-01Z-00-DX1,,VEGF,2975,0.1653781512605042
TCGA-UF-A71E-01Z-00-DX1,TCGA-UF-A71E-01Z-00-DX1,,WNT,2975,0.14722689075630252
TCGA-UF-A71E-01Z-00-DX1,TCGA-UF-A71E-01Z-00-DX1,,p53,2975,0.06857142857142857
TCGA-UF-A7J9-01Z-00-DX1,TCGA-UF-A7J9-01Z-00-DX1,,Androgen,556,0.3147482014388489
TCGA-UF-A7J9-01Z-00-DX1,TCGA-UF-A7J9-01Z-00-DX1,,EGFR,556,0.7535971223021583
TCGA-UF-A7J9-01Z-00-DX1,TCGA-UF-A7J9-01Z-00-DX1,,Estrogen,556,0.9838129496402878
TCGA-UF-A7J9-01Z-00-DX1,TCGA-UF-A7J9-01Z-00-DX1,,Hypoxia,556,0.9730215827338129
TCGA-UF-A7J9-01Z-00-DX1,TCGA-UF-A7J9-01Z-00-DX1,,JAK-STAT,556,0.18345323741007194
TCGA-UF-A7J9-01Z-00-DX1,TCGA-UF-A7J9-01Z-00-DX1,,MAPK,556,0.12949640287769784
TCGA-UF-A7J9-01Z-00-DX1,TCGA-UF-A7J9-01Z-00-DX1,,NFkB,556,0.08812949640287769
TCGA-UF-A7J9-01Z-00-DX1,TCGA-UF-A7J9-01Z-00-DX1,,PI3K,556,0.17985611510791366
TCGA-UF-A7J9-01Z-00-DX1,TCGA-UF-A7J9-01Z-00-DX1,,TGFb,556,0.3057553956834532
TCGA-UF-A7J9-01Z-00-DX1,TCGA-UF-A7J9-01Z-00-DX1,,TNFa,556,0.0539568345323741
TCGA-UF-A7J9-01Z-00-DX1,TCGA-UF-A7J9-01Z-00-DX1,,Trail,556,0.45863309352517984
TCGA-UF-A7J9-01Z-00-DX1,TCGA-UF-A7J9-01Z-00-DX1,,VEGF,556,0.25
TCGA-UF-A7J9-01Z-00-DX1,TCGA-UF-A7J9-01Z-00-DX1,,WNT,556,0.13309352517985612
TCGA-UF-A7J9-01Z-00-DX1,TCGA-UF-A7J9-01Z-00-DX1,,p53,556,0.16906474820143885
TCGA-UF-A7JA-01Z-00-DX1,TCGA-UF-A7JA-01Z-00-DX1,,Androgen,2410,0.24522821576763484
TCGA-UF-A7JA-01Z-00-DX1,TCGA-UF-A7JA-01Z-00-DX1,,EGFR,2410,0.2576763485477178
TCGA-UF-A7JA-01Z-00-DX1,TCGA-UF-A7JA-01Z-00-DX1,,Estrogen,2410,0.32987551867219916
TCGA-UF-A7JA-01Z-00-DX1,TCGA-UF-A7JA-01Z-00-DX1,,Hypoxia,2410,0.46639004149377594
TCGA-UF-A7JA-01Z-00-DX1,TCGA-UF-A7JA-01Z-00-DX1,,JAK-STAT,2410,0.3796680497925311
TCGA-UF-A7JA-01Z-00-DX1,TCGA-UF-A7JA-01Z-00-DX1,,MAPK,2410,0.23278008298755187
TCGA-UF-A7JA-01Z-00-DX1,TCGA-UF-A7JA-01Z-00-DX1,,NFkB,2410,0.26680497925311203
TCGA-UF-A7JA-01Z-00-DX1,TCGA-UF-A7JA-01Z-00-DX1,,PI3K,2410,0.17136929460580913
TCGA-UF-A7JA-01Z-00-DX1,TCGA-UF-A7JA-01Z-00-DX1,,TGFb,2410,0.4004149377593361
TCGA-UF-A7JA-01Z-00-DX1,TCGA-UF-A7JA-01Z-00-DX1,,TNFa,2410,0.23402489626556017
TCGA-UF-A7JA-01Z-00-DX1,TCGA-UF-A7JA-01Z-00-DX1,,Trail,2410,0.3066390041493776
TCGA-UF-A7JA-01Z-00-DX1,TCGA-UF-A7JA-01Z-00-DX1,,VEGF,2410,0.25975103734439836
TCGA-UF-A7JA-01Z-00-DX1,TCGA-UF-A7JA-01Z-00-DX1,,WNT,2410,0.09045643153526971
TCGA-UF-A7JA-01Z-00-DX1,TCGA-UF-A7JA-01Z-00-DX1,,p53,2410,0.1087136929460581
TCGA-UF-A7JC-01Z-00-DX1,TCGA-UF-A7JC-01Z-00-DX1,,Androgen,2032,0.17125984251968504
TCGA-UF-A7JC-01Z-00-DX1,TCGA-UF-A7JC-01Z-00-DX1,,EGFR,2032,0.37303149606299213
TCGA-UF-A7JC-01Z-00-DX1,TCGA-UF-A7JC-01Z-00-DX1,,Estrogen,2032,0.4119094488188976
TCGA-UF-A7JC-01Z-00-DX1,TCGA-UF-A7JC-01Z-00-DX1,,Hypoxia,2032,0.7918307086614174
TCGA-UF-A7JC-01Z-00-DX1,TCGA-UF-A7JC-01Z-00-DX1,,JAK-STAT,2032,0.656988188976378
TCGA-UF-A7JC-01Z-00-DX1,TCGA-UF-A7JC-01Z-00-DX1,,MAPK,2032,0.3986220472440945
TCGA-UF-A7JC-01Z-00-DX1,TCGA-UF-A7JC-01Z-00-DX1,,NFkB,2032,0.25836614173228345
TCGA-UF-A7JC-01Z-00-DX1,TCGA-UF-A7JC-01Z-00-DX1,,PI3K,2032,0.7312992125984252
TCGA-UF-A7JC-01Z-00-DX1,TCGA-UF-A7JC-01Z-00-DX1,,TGFb,2032,0.000984251968503937
TCGA-UF-A7JC-01Z-00-DX1,TCGA-UF-A7JC-01Z-00-DX1,,TNFa,2032,0.6136811023622047
TCGA-UF-A7JC-01Z-00-DX1,TCGA-UF-A7JC-01Z-00-DX1,,Trail,2032,0.15206692913385828
TCGA-UF-A7JC-01Z-00-DX1,TCGA-UF-A7JC-01Z-00-DX1,,VEGF,2032,0.843011811023622
TCGA-UF-A7JC-01Z-00-DX1,TCGA-UF-A7JC-01Z-00-DX1,,WNT,2032,0.28838582677165353
TCGA-UF-A7JC-01Z-00-DX1,TCGA-UF-A7JC-01Z-00-DX1,,p53,2032,0.15403543307086615
TCGA-UF-A7JD-01Z-00-DX1,TCGA-UF-A7JD-01Z-00-DX1,,Androgen,2884,0.33079056865464634
TCGA-UF-A7JD-01Z-00-DX1,TCGA-UF-A7JD-01Z-00-DX1,,EGFR,2884,0.3096393897364771
TCGA-UF-A7JD-01Z-00-DX1,TCGA-UF-A7JD-01Z-00-DX1,,Estrogen,2884,0.9916782246879334
TCGA-UF-A7JD-01Z-00-DX1,TCGA-UF-A7JD-01Z-00-DX1,,Hypoxia,2884,0.7645631067961165
TCGA-UF-A7JD-01Z-00-DX1,TCGA-UF-A7JD-01Z-00-DX1,,JAK-STAT,2884,0.39667128987517336
TCGA-UF-A7JD-01Z-00-DX1,TCGA-UF-A7JD-01Z-00-DX1,,MAPK,2884,0.0769764216366158
TCGA-UF-A7JD-01Z-00-DX1,TCGA-UF-A7JD-01Z-00-DX1,,NFkB,2884,0.09916782246879334
TCGA-UF-A7JD-01Z-00-DX1,TCGA-UF-A7JD-01Z-00-DX1,,PI3K,2884,0.21463245492371705
TCGA-UF-A7JD-01Z-00-DX1,TCGA-UF-A7JD-01Z-00-DX1,,TGFb,2884,0.5679611650485437
TCGA-UF-A7JD-01Z-00-DX1,TCGA-UF-A7JD-01Z-00-DX1,,TNFa,2884,0.5038141470180305
TCGA-UF-A7JD-01Z-00-DX1,TCGA-UF-A7JD-01Z-00-DX1,,Trail,2884,0.5249653259361997
TCGA-UF-A7JD-01Z-00-DX1,TCGA-UF-A7JD-01Z-00-DX1,,VEGF,2884,0.5086685159500693
TCGA-UF-A7JD-01Z-00-DX1,TCGA-UF-A7JD-01Z-00-DX1,,WNT,2884,0.36893203883495146
TCGA-UF-A7JD-01Z-00-DX1,TCGA-UF-A7JD-01Z-00-DX1,,p53,2884,0.09812760055478502
TCGA-UF-A7JF-01Z-00-DX1,TCGA-UF-A7JF-01Z-00-DX1,,Androgen,5205,0.1452449567723343
TCGA-UF-A7JF-01Z-00-DX1,TCGA-UF-A7JF-01Z-00-DX1,,EGFR,5205,0.10874159462055716
TCGA-UF-A7JF-01Z-00-DX1,TCGA-UF-A7JF-01Z-00-DX1,,Estrogen,5205,0.526416906820365
TCGA-UF-A7JF-01Z-00-DX1,TCGA-UF-A7JF-01Z-00-DX1,,Hypoxia,5205,0.7500480307396734
TCGA-UF-A7JF-01Z-00-DX1,TCGA-UF-A7JF-01Z-00-DX1,,JAK-STAT,5205,0.19327569644572526
TCGA-UF-A7JF-01Z-00-DX1,TCGA-UF-A7JF-01Z-00-DX1,,MAPK,5205,0.3221902017291066
TCGA-UF-A7JF-01Z-00-DX1,TCGA-UF-A7JF-01Z-00-DX1,,NFkB,5205,0.3873198847262248
TCGA-UF-A7JF-01Z-00-DX1,TCGA-UF-A7JF-01Z-00-DX1,,PI3K,5205,0.3035542747358309
TCGA-UF-A7JF-01Z-00-DX1,TCGA-UF-A7JF-01Z-00-DX1,,TGFb,5205,0.04111431316042267
TCGA-UF-A7JF-01Z-00-DX1,TCGA-UF-A7JF-01Z-00-DX1,,TNFa,5205,0.16176753121998078
TCGA-UF-A7JF-01Z-00-DX1,TCGA-UF-A7JF-01Z-00-DX1,,Trail,5205,0.14178674351585013
TCGA-UF-A7JF-01Z-00-DX1,TCGA-UF-A7JF-01Z-00-DX1,,VEGF,5205,0.10893371757925072
TCGA-UF-A7JF-01Z-00-DX1,TCGA-UF-A7JF-01Z-00-DX1,,WNT,5205,0.3834774255523535
TCGA-UF-A7JF-01Z-00-DX1,TCGA-UF-A7JF-01Z-00-DX1,,p53,5205,0.0643611911623439
TCGA-UF-A7JH-01Z-00-DX1,TCGA-UF-A7JH-01Z-00-DX1,,Androgen,5501,0.07380476277040537
TCGA-UF-A7JH-01Z-00-DX1,TCGA-UF-A7JH-01Z-00-DX1,,EGFR,5501,0.30576258862025085
TCGA-UF-A7JH-01Z-00-DX1,TCGA-UF-A7JH-01Z-00-DX1,,Estrogen,5501,0.040174513724777317
TCGA-UF-A7JH-01Z-00-DX1,TCGA-UF-A7JH-01Z-00-DX1,,Hypoxia,5501,0.5880748954735503
TCGA-UF-A7JH-01Z-00-DX1,TCGA-UF-A7JH-01Z-00-DX1,,JAK-STAT,5501,0.13306671514270133
TCGA-UF-A7JH-01Z-00-DX1,TCGA-UF-A7JH-01Z-00-DX1,,MAPK,5501,0.376477004181058
TCGA-UF-A7JH-01Z-00-DX1,TCGA-UF-A7JH-01Z-00-DX1,,NFkB,5501,0.07634975459007454
TCGA-UF-A7JH-01Z-00-DX1,TCGA-UF-A7JH-01Z-00-DX1,,PI3K,5501,0.6067987638611162
TCGA-UF-A7JH-01Z-00-DX1,TCGA-UF-A7JH-01Z-00-DX1,,TGFb,5501,0.3633884748227595
TCGA-UF-A7JH-01Z-00-DX1,TCGA-UF-A7JH-01Z-00-DX1,,TNFa,5501,0.2779494637338666
TCGA-UF-A7JH-01Z-00-DX1,TCGA-UF-A7JH-01Z-00-DX1,,Trail,5501,0.24631885111797855
TCGA-UF-A7JH-01Z-00-DX1,TCGA-UF-A7JH-01Z-00-DX1,,VEGF,5501,0.5071805126340665
TCGA-UF-A7JH-01Z-00-DX1,TCGA-UF-A7JH-01Z-00-DX1,,WNT,5501,0.5337211416106162
TCGA-UF-A7JH-01Z-00-DX1,TCGA-UF-A7JH-01Z-00-DX1,,p53,5501,0.011816033448463915
TCGA-UF-A7JJ-01Z-00-DX1,TCGA-UF-A7JJ-01Z-00-DX1,,Androgen,3594,0.24540901502504173
TCGA-UF-A7JJ-01Z-00-DX1,TCGA-UF-A7JJ-01Z-00-DX1,,EGFR,3594,0.29493600445186424
TCGA-UF-A7JJ-01Z-00-DX1,TCGA-UF-A7JJ-01Z-00-DX1,,Estrogen,3594,0.4023372287145242
TCGA-UF-A7JJ-01Z-00-DX1,TCGA-UF-A7JJ-01Z-00-DX1,,Hypoxia,3594,0.5790205898720089
TCGA-UF-A7JJ-01Z-00-DX1,TCGA-UF-A7JJ-01Z-00-DX1,,JAK-STAT,3594,0.447968836950473
TCGA-UF-A7JJ-01Z-00-DX1,TCGA-UF-A7JJ-01Z-00-DX1,,MAPK,3594,0.5153032832498609
TCGA-UF-A7JJ-01Z-00-DX1,TCGA-UF-A7JJ-01Z-00-DX1,,NFkB,3594,0.36894824707846413
TCGA-UF-A7JJ-01Z-00-DX1,TCGA-UF-A7JJ-01Z-00-DX1,,PI3K,3594,0.009181969949916527
TCGA-UF-A7JJ-01Z-00-DX1,TCGA-UF-A7JJ-01Z-00-DX1,,TGFb,3594,0.20089037284362826
TCGA-UF-A7JJ-01Z-00-DX1,TCGA-UF-A7JJ-01Z-00-DX1,,TNFa,3594,0.46521981079577074
TCGA-UF-A7JJ-01Z-00-DX1,TCGA-UF-A7JJ-01Z-00-DX1,,Trail,3594,0.08069003895381191
TCGA-UF-A7JJ-01Z-00-DX1,TCGA-UF-A7JJ-01Z-00-DX1,,VEGF,3594,0.6282693377851976
TCGA-UF-A7JJ-01Z-00-DX1,TCGA-UF-A7JJ-01Z-00-DX1,,WNT,3594,0.6950473010573177
TCGA-UF-A7JJ-01Z-00-DX1,TCGA-UF-A7JJ-01Z-00-DX1,,p53,3594,0.20144685587089595
TCGA-UF-A7JK-01Z-00-DX1,TCGA-UF-A7JK-01Z-00-DX1,,Androgen,3931,0.17323836174001525
TCGA-UF-A7JK-01Z-00-DX1,TCGA-UF-A7JK-01Z-00-DX1,,EGFR,3931,0.2536250317985245
TCGA-UF-A7JK-01Z-00-DX1,TCGA-UF-A7JK-01Z-00-DX1,,Estrogen,3931,0.3632663444416179
TCGA-UF-A7JK-01Z-00-DX1,TCGA-UF-A7JK-01Z-00-DX1,,Hypoxia,3931,0.8478758585601628
TCGA-UF-A7JK-01Z-00-DX1,TCGA-UF-A7JK-01Z-00-DX1,,JAK-STAT,3931,0.05723734418722971
TCGA-UF-A7JK-01Z-00-DX1,TCGA-UF-A7JK-01Z-00-DX1,,MAPK,3931,0.43678453319765964
TCGA-UF-A7JK-01Z-00-DX1,TCGA-UF-A7JK-01Z-00-DX1,,NFkB,3931,0.2780462986517426
TCGA-UF-A7JK-01Z-00-DX1,TCGA-UF-A7JK-01Z-00-DX1,,PI3K,3931,0.6916815059781226
TCGA-UF-A7JK-01Z-00-DX1,TCGA-UF-A7JK-01Z-00-DX1,,TGFb,3931,0.02314932587127957
TCGA-UF-A7JK-01Z-00-DX1,TCGA-UF-A7JK-01Z-00-DX1,,TNFa,3931,0.477995421012465
TCGA-UF-A7JK-01Z-00-DX1,TCGA-UF-A7JK-01Z-00-DX1,,Trail,3931,0.1968964640040702
TCGA-UF-A7JK-01Z-00-DX1,TCGA-UF-A7JK-01Z-00-DX1,,VEGF,3931,0.4380564741795981
TCGA-UF-A7JK-01Z-00-DX1,TCGA-UF-A7JK-01Z-00-DX1,,WNT,3931,0.08649198677181379
TCGA-UF-A7JK-01Z-00-DX1,TCGA-UF-A7JK-01Z-00-DX1,,p53,3931,0.30959043500381583
TCGA-UF-A7JO-01Z-00-DX1,TCGA-UF-A7JO-01Z-00-DX1,,Androgen,863,0.21205098493626884
TCGA-UF-A7JO-01Z-00-DX1,TCGA-UF-A7JO-01Z-00-DX1,,EGFR,863,0.33951332560834296
TCGA-UF-A7JO-01Z-00-DX1,TCGA-UF-A7JO-01Z-00-DX1,,Estrogen,863,0.25608342989571264
TCGA-UF-A7JO-01Z-00-DX1,TCGA-UF-A7JO-01Z-00-DX1,,Hypoxia,863,0.10196987253765932
TCGA-UF-A7JO-01Z-00-DX1,TCGA-UF-A7JO-01Z-00-DX1,,JAK-STAT,863,0.5527230590961761
TCGA-UF-A7JO-01Z-00-DX1,TCGA-UF-A7JO-01Z-00-DX1,,MAPK,863,0.39165701042873696
TCGA-UF-A7JO-01Z-00-DX1,TCGA-UF-A7JO-01Z-00-DX1,,NFkB,863,0.3105446118192352
TCGA-UF-A7JO-01Z-00-DX1,TCGA-UF-A7JO-01Z-00-DX1,,PI3K,863,0.5376593279258401
TCGA-UF-A7JO-01Z-00-DX1,TCGA-UF-A7JO-01Z-00-DX1,,TGFb,863,0.08111239860950174
TCGA-UF-A7JO-01Z-00-DX1,TCGA-UF-A7JO-01Z-00-DX1,,TNFa,863,0.47740440324449596
TCGA-UF-A7JO-01Z-00-DX1,TCGA-UF-A7JO-01Z-00-DX1,,Trail,863,0.2862108922363847
TCGA-UF-A7JO-01Z-00-DX1,TCGA-UF-A7JO-01Z-00-DX1,,VEGF,863,0.10544611819235226
TCGA-UF-A7JO-01Z-00-DX1,TCGA-UF-A7JO-01Z-00-DX1,,WNT,863,0.3383545770567787
TCGA-UF-A7JO-01Z-00-DX1,TCGA-UF-A7JO-01Z-00-DX1,,p53,863,0.11935110081112399
TCGA-UF-A7JS-01Z-00-DX1,TCGA-UF-A7JS-01Z-00-DX1,,Androgen,2701,0.07071455016660497
TCGA-UF-A7JS-01Z-00-DX1,TCGA-UF-A7JS-01Z-00-DX1,,EGFR,2701,0.3931877082562014
TCGA-UF-A7JS-01Z-00-DX1,TCGA-UF-A7JS-01Z-00-DX1,,Estrogen,2701,0.43021103295075896
TCGA-UF-A7JS-01Z-00-DX1,TCGA-UF-A7JS-01Z-00-DX1,,Hypoxia,2701,0.5423917067752684
TCGA-UF-A7JS-01Z-00-DX1,TCGA-UF-A7JS-01Z-00-DX1,,JAK-STAT,2701,0.6597556460570159
TCGA-UF-A7JS-01Z-00-DX1,TCGA-UF-A7JS-01Z-00-DX1,,MAPK,2701,0.6753054424287301
TCGA-UF-A7JS-01Z-00-DX1,TCGA-UF-A7JS-01Z-00-DX1,,NFkB,2701,0.3217326915957053
TCGA-UF-A7JS-01Z-00-DX1,TCGA-UF-A7JS-01Z-00-DX1,,PI3K,2701,0.3798593113661607
TCGA-UF-A7JS-01Z-00-DX1,TCGA-UF-A7JS-01Z-00-DX1,,TGFb,2701,0.01036653091447612
TCGA-UF-A7JS-01Z-00-DX1,TCGA-UF-A7JS-01Z-00-DX1,,TNFa,2701,0.49648278415401703
TCGA-UF-A7JS-01Z-00-DX1,TCGA-UF-A7JS-01Z-00-DX1,,Trail,2701,0.5079600148093298
TCGA-UF-A7JS-01Z-00-DX1,TCGA-UF-A7JS-01Z-00-DX1,,VEGF,2701,0.598667160310996
TCGA-UF-A7JS-01Z-00-DX1,TCGA-UF-A7JS-01Z-00-DX1,,WNT,2701,0.4194742687893373
TCGA-UF-A7JS-01Z-00-DX1,TCGA-UF-A7JS-01Z-00-DX1,,p53,2701,0.15216586449463163
TCGA-UF-A7JT-01Z-00-DX1,TCGA-UF-A7JT-01Z-00-DX1,,Androgen,3751,0.06878165822447348
TCGA-UF-A7JT-01Z-00-DX1,TCGA-UF-A7JT-01Z-00-DX1,,EGFR,3751,0.2066115702479339
TCGA-UF-A7JT-01Z-00-DX1,TCGA-UF-A7JT-01Z-00-DX1,,Estrogen,3751,0.03918954945347907
TCGA-UF-A7JT-01Z-00-DX1,TCGA-UF-A7JT-01Z-00-DX1,,Hypoxia,3751,0.27832577979205547
TCGA-UF-A7JT-01Z-00-DX1,TCGA-UF-A7JT-01Z-00-DX1,,JAK-STAT,3751,0.38896294321514263
TCGA-UF-A7JT-01Z-00-DX1,TCGA-UF-A7JT-01Z-00-DX1,,MAPK,3751,0.27832577979205547
TCGA-UF-A7JT-01Z-00-DX1,TCGA-UF-A7JT-01Z-00-DX1,,NFkB,3751,0.1855505198613703
TCGA-UF-A7JT-01Z-00-DX1,TCGA-UF-A7JT-01Z-00-DX1,,PI3K,3751,0.5819781391628899
TCGA-UF-A7JT-01Z-00-DX1,TCGA-UF-A7JT-01Z-00-DX1,,TGFb,3751,0.18608371101039722
TCGA-UF-A7JT-01Z-00-DX1,TCGA-UF-A7JT-01Z-00-DX1,,TNFa,3751,0.39429485470541187
TCGA-UF-A7JT-01Z-00-DX1,TCGA-UF-A7JT-01Z-00-DX1,,Trail,3751,0.645961077046121
TCGA-UF-A7JT-01Z-00-DX1,TCGA-UF-A7JT-01Z-00-DX1,,VEGF,3751,0.35243934950679817
TCGA-UF-A7JT-01Z-00-DX1,TCGA-UF-A7JT-01Z-00-DX1,,WNT,3751,0.21994134897360704
TCGA-UF-A7JT-01Z-00-DX1,TCGA-UF-A7JT-01Z-00-DX1,,p53,3751,0.045321247667288726
TCGA-UF-A7JV-01Z-00-DX1,TCGA-UF-A7JV-01Z-00-DX1,,Androgen,1772,0.11568848758465011
TCGA-UF-A7JV-01Z-00-DX1,TCGA-UF-A7JV-01Z-00-DX1,,EGFR,1772,0.2172686230248307
TCGA-UF-A7JV-01Z-00-DX1,TCGA-UF-A7JV-01Z-00-DX1,,Estrogen,1772,0.3278781038374718
TCGA-UF-A7JV-01Z-00-DX1,TCGA-UF-A7JV-01Z-00-DX1,,Hypoxia,1772,0.9272009029345373
TCGA-UF-A7JV-01Z-00-DX1,TCGA-UF-A7JV-01Z-00-DX1,,JAK-STAT,1772,0.4051918735891648
TCGA-UF-A7JV-01Z-00-DX1,TCGA-UF-A7JV-01Z-00-DX1,,MAPK,1772,0.9565462753950339
TCGA-UF-A7JV-01Z-00-DX1,TCGA-UF-A7JV-01Z-00-DX1,,NFkB,1772,0.8741534988713319
TCGA-UF-A7JV-01Z-00-DX1,TCGA-UF-A7JV-01Z-00-DX1,,PI3K,1772,0.7573363431151241
TCGA-UF-A7JV-01Z-00-DX1,TCGA-UF-A7JV-01Z-00-DX1,,TGFb,1772,0.010158013544018058
TCGA-UF-A7JV-01Z-00-DX1,TCGA-UF-A7JV-01Z-00-DX1,,TNFa,1772,0.14503386004514673
TCGA-UF-A7JV-01Z-00-DX1,TCGA-UF-A7JV-01Z-00-DX1,,Trail,1772,0.608352144469526
TCGA-UF-A7JV-01Z-00-DX1,TCGA-UF-A7JV-01Z-00-DX1,,VEGF,1772,0.4683972911963883
TCGA-UF-A7JV-01Z-00-DX1,TCGA-UF-A7JV-01Z-00-DX1,,WNT,1772,0.6653498871331829
TCGA-UF-A7JV-01Z-00-DX1,TCGA-UF-A7JV-01Z-00-DX1,,p53,1772,0.09593679458239278
TCGA-WA-A7GZ-01Z-00-DX1,TCGA-WA-A7GZ-01Z-00-DX1,,Androgen,1188,0.5117845117845118
TCGA-WA-A7GZ-01Z-00-DX1,TCGA-WA-A7GZ-01Z-00-DX1,,EGFR,1188,0.2702020202020202
TCGA-WA-A7GZ-01Z-00-DX1,TCGA-WA-A7GZ-01Z-00-DX1,,Estrogen,1188,0.9814814814814815
TCGA-WA-A7GZ-01Z-00-DX1,TCGA-WA-A7GZ-01Z-00-DX1,,Hypoxia,1188,0.4831649831649832
TCGA-WA-A7GZ-01Z-00-DX1,TCGA-WA-A7GZ-01Z-00-DX1,,JAK-STAT,1188,0.13636363636363635
TCGA-WA-A7GZ-01Z-00-DX1,TCGA-WA-A7GZ-01Z-00-DX1,,MAPK,1188,0.20875420875420875
TCGA-WA-A7GZ-01Z-00-DX1,TCGA-WA-A7GZ-01Z-00-DX1,,NFkB,1188,0.13804713804713806
TCGA-WA-A7GZ-01Z-00-DX1,TCGA-WA-A7GZ-01Z-00-DX1,,PI3K,1188,0.5361952861952862
TCGA-WA-A7GZ-01Z-00-DX1,TCGA-WA-A7GZ-01Z-00-DX1,,TGFb,1188,0.39225589225589225
TCGA-WA-A7GZ-01Z-00-DX1,TCGA-WA-A7GZ-01Z-00-DX1,,TNFa,1188,0.7685185185185185
TCGA-WA-A7GZ-01Z-00-DX1,TCGA-WA-A7GZ-01Z-00-DX1,,Trail,1188,0.5841750841750841
TCGA-WA-A7GZ-01Z-00-DX1,TCGA-WA-A7GZ-01Z-00-DX1,,VEGF,1188,0.7432659932659933
TCGA-WA-A7GZ-01Z-00-DX1,TCGA-WA-A7GZ-01Z-00-DX1,,WNT,1188,0.6220538720538721
TCGA-WA-A7GZ-01Z-00-DX1,TCGA-WA-A7GZ-01Z-00-DX1,,p53,1188,0.33585858585858586
TCGA-WA-A7GZ-01Z-00-DX2,TCGA-WA-A7GZ-01Z-00-DX2,,Androgen,2572,0.5217729393468118
TCGA-WA-A7GZ-01Z-00-DX2,TCGA-WA-A7GZ-01Z-00-DX2,,EGFR,2572,0.42807153965785383
TCGA-WA-A7GZ-01Z-00-DX2,TCGA-WA-A7GZ-01Z-00-DX2,,Estrogen,2572,0.9016329704510109
TCGA-WA-A7GZ-01Z-00-DX2,TCGA-WA-A7GZ-01Z-00-DX2,,Hypoxia,2572,0.1504665629860031
TCGA-WA-A7GZ-01Z-00-DX2,TCGA-WA-A7GZ-01Z-00-DX2,,JAK-STAT,2572,0.27099533437013995
TCGA-WA-A7GZ-01Z-00-DX2,TCGA-WA-A7GZ-01Z-00-DX2,,MAPK,2572,0.1702954898911353
TCGA-WA-A7GZ-01Z-00-DX2,TCGA-WA-A7GZ-01Z-00-DX2,,NFkB,2572,0.12013996889580093
TCGA-WA-A7GZ-01Z-00-DX2,TCGA-WA-A7GZ-01Z-00-DX2,,PI3K,2572,0.5754276827371695
TCGA-WA-A7GZ-01Z-00-DX2,TCGA-WA-A7GZ-01Z-00-DX2,,TGFb,2572,0.2741057542768274
TCGA-WA-A7GZ-01Z-00-DX2,TCGA-WA-A7GZ-01Z-00-DX2,,TNFa,2572,0.7842146189735615
TCGA-WA-A7GZ-01Z-00-DX2,TCGA-WA-A7GZ-01Z-00-DX2,,Trail,2572,0.6154743390357699
TCGA-WA-A7GZ-01Z-00-DX2,TCGA-WA-A7GZ-01Z-00-DX2,,VEGF,2572,0.3786936236391913
TCGA-WA-A7GZ-01Z-00-DX2,TCGA-WA-A7GZ-01Z-00-DX2,,WNT,2572,0.6815707620528771
TCGA-WA-A7GZ-01Z-00-DX2,TCGA-WA-A7GZ-01Z-00-DX2,,p53,2572,0.5346034214618973
TCGA-WA-A7H4-01Z-00-DX1,TCGA-WA-A7H4-01Z-00-DX1,,Androgen,727,0.30261348005502064
TCGA-WA-A7H4-01Z-00-DX1,TCGA-WA-A7H4-01Z-00-DX1,,EGFR,727,0.45667125171939477
TCGA-WA-A7H4-01Z-00-DX1,TCGA-WA-A7H4-01Z-00-DX1,,Estrogen,727,0.7028885832187071
TCGA-WA-A7H4-01Z-00-DX1,TCGA-WA-A7H4-01Z-00-DX1,,Hypoxia,727,0.687757909215956
TCGA-WA-A7H4-01Z-00-DX1,TCGA-WA-A7H4-01Z-00-DX1,,JAK-STAT,727,0.4718019257221458
TCGA-WA-A7H4-01Z-00-DX1,TCGA-WA-A7H4-01Z-00-DX1,,MAPK,727,0.29160935350756534
TCGA-WA-A7H4-01Z-00-DX1,TCGA-WA-A7H4-01Z-00-DX1,,NFkB,727,0.37276478679504815
TCGA-WA-A7H4-01Z-00-DX1,TCGA-WA-A7H4-01Z-00-DX1,,PI3K,727,0.4855570839064649
TCGA-WA-A7H4-01Z-00-DX1,TCGA-WA-A7H4-01Z-00-DX1,,TGFb,727,0.016506189821182942
TCGA-WA-A7H4-01Z-00-DX1,TCGA-WA-A7H4-01Z-00-DX1,,TNFa,727,0.5405777166437414
TCGA-WA-A7H4-01Z-00-DX1,TCGA-WA-A7H4-01Z-00-DX1,,Trail,727,0.2737276478679505
TCGA-WA-A7H4-01Z-00-DX1,TCGA-WA-A7H4-01Z-00-DX1,,VEGF,727,0.5845942228335625
TCGA-WA-A7H4-01Z-00-DX1,TCGA-WA-A7H4-01Z-00-DX1,,WNT,727,0.20495185694635487
TCGA-WA-A7H4-01Z-00-DX1,TCGA-WA-A7H4-01Z-00-DX1,,p53,727,0.22833562585969738
TCGA-WA-A7H4-01Z-00-DX2,TCGA-WA-A7H4-01Z-00-DX2,,Androgen,462,0.2727272727272727
TCGA-WA-A7H4-01Z-00-DX2,TCGA-WA-A7H4-01Z-00-DX2,,EGFR,462,0.19480519480519481
TCGA-WA-A7H4-01Z-00-DX2,TCGA-WA-A7H4-01Z-00-DX2,,Estrogen,462,0.6038961038961039
TCGA-WA-A7H4-01Z-00-DX2,TCGA-WA-A7H4-01Z-00-DX2,,Hypoxia,462,0.24891774891774893
TCGA-WA-A7H4-01Z-00-DX2,TCGA-WA-A7H4-01Z-00-DX2,,JAK-STAT,462,0.7229437229437229
TCGA-WA-A7H4-01Z-00-DX2,TCGA-WA-A7H4-01Z-00-DX2,,MAPK,462,0.18614718614718614
TCGA-WA-A7H4-01Z-00-DX2,TCGA-WA-A7H4-01Z-00-DX2,,NFkB,462,0.30952380952380953
TCGA-WA-A7H4-01Z-00-DX2,TCGA-WA-A7H4-01Z-00-DX2,,PI3K,462,0.37012987012987014
TCGA-WA-A7H4-01Z-00-DX2,TCGA-WA-A7H4-01Z-00-DX2,,TGFb,462,0.015151515151515152
TCGA-WA-A7H4-01Z-00-DX2,TCGA-WA-A7H4-01Z-00-DX2,,TNFa,462,0.3961038961038961
TCGA-WA-A7H4-01Z-00-DX2,TCGA-WA-A7H4-01Z-00-DX2,,Trail,462,0.4805194805194805
TCGA-WA-A7H4-01Z-00-DX2,TCGA-WA-A7H4-01Z-00-DX2,,VEGF,462,0.4805194805194805
TCGA-WA-A7H4-01Z-00-DX2,TCGA-WA-A7H4-01Z-00-DX2,,WNT,462,0.6666666666666666
TCGA-WA-A7H4-01Z-00-DX2,TCGA-WA-A7H4-01Z-00-DX2,,p53,462,0.18831168831168832
